label,problem,m,n,status,time_s,solve_time_s,iterations,objective,optimal,rel_gap
main_cg,truss1,6,13,"OPTIMAL",0.001834,0.001828,11,-8.999996330792243,-8.999996,3.675471004374274e-8
main_cg,truss1,6,13,"OPTIMAL",0.0018703,0.0018692,11,-8.999996330792243,-8.999996,3.675471004374274e-8
main_cg,truss1,6,13,"OPTIMAL",0.0017834,0.0017831,11,-8.999996330792243,-8.999996,3.675471004374274e-8
main_cg,truss1,6,13,"OPTIMAL",0.0018908,0.0018899,11,-8.999996330792243,-8.999996,3.675471004374274e-8
main_cg,truss1,6,13,"OPTIMAL",0.001861,0.0018599,11,-8.999996330792243,-8.999996,3.675471004374274e-8
main_cg,truss1,6,13,"OPTIMAL",0.0017817,0.001781,11,-8.999996330792243,-8.999996,3.675471004374274e-8
main_cg,truss1,6,13,"OPTIMAL",0.0018088,0.0018079,11,-8.999996330792243,-8.999996,3.675471004374274e-8
main_cg,truss1,6,13,"OPTIMAL",0.0019667,0.001966,11,-8.999996330792243,-8.999996,3.675471004374274e-8
main_cg,truss1,6,13,"OPTIMAL",0.0016712,0.0016701,11,-8.999996330792243,-8.999996,3.675471004374274e-8
main_cg,truss1,6,13,"OPTIMAL",0.0015505,0.00155,11,-8.999996330792243,-8.999996,3.675471004374274e-8
main_cg,truss1,6,13,"OPTIMAL",0.0014907,0.0014899,11,-8.999996330792243,-8.999996,3.675471004374274e-8
main_cg,truss1,6,13,"OPTIMAL",0.0014627,0.0014632,11,-8.999996330792243,-8.999996,3.675471004374274e-8
main_cg,truss1,6,13,"OPTIMAL",0.0012397,0.0012391,11,-8.999996330792243,-8.999996,3.675471004374274e-8
main_cg,truss1,6,13,"OPTIMAL",0.0017129,0.0017121,11,-8.999996330792243,-8.999996,3.675471004374274e-8
main_cg,truss1,6,13,"OPTIMAL",0.0011934,0.0011909,11,-8.999996330792243,-8.999996,3.675471004374274e-8
main_cg,truss1,6,13,"OPTIMAL",0.0011303,0.0011301,11,-8.999996330792243,-8.999996,3.675471004374274e-8
main_cg,truss1,6,13,"OPTIMAL",0.0011246,0.0011241,11,-8.999996330792243,-8.999996,3.675471004374274e-8
main_cg,truss1,6,13,"OPTIMAL",0.0011471,0.001147,11,-8.999996330792243,-8.999996,3.675471004374274e-8
main_cg,truss1,6,13,"OPTIMAL",0.0011471,0.001147,11,-8.999996330792243,-8.999996,3.675471004374274e-8
main_cg,truss1,6,13,"OPTIMAL",0.0011457,0.0011451,11,-8.999996330792243,-8.999996,3.675471004374274e-8
main_cg,truss1,6,13,"OPTIMAL",0.0011474,0.001147,11,-8.999996330792243,-8.999996,3.675471004374274e-8
main_cg,truss1,6,13,"OPTIMAL",0.0014814,0.0014811,11,-8.999996330792243,-8.999996,3.675471004374274e-8
main_cg,truss1,6,13,"OPTIMAL",0.0012826,0.001282,11,-8.999996330792243,-8.999996,3.675471004374274e-8
main_cg,truss1,6,13,"OPTIMAL",0.0011941,0.001194,11,-8.999996330792243,-8.999996,3.675471004374274e-8
main_cg,truss1,6,13,"OPTIMAL",0.0012011,0.0012009,11,-8.999996330792243,-8.999996,3.675471004374274e-8
main_cg,truss1,6,13,"OPTIMAL",0.044047,0.044047,11,-8.999996330792243,-8.999996,3.675471004374274e-8
main_cg,truss1,6,13,"OPTIMAL",0.0014972,0.001492,11,-8.999996330792243,-8.999996,3.675471004374274e-8
main_cg,truss1,6,13,"OPTIMAL",0.001517,0.0015171,11,-8.999996330792243,-8.999996,3.675471004374274e-8
main_cg,truss1,6,13,"OPTIMAL",0.0015053,0.0015051,11,-8.999996330792243,-8.999996,3.675471004374274e-8
main_cg,truss1,6,13,"OPTIMAL",0.0015152,0.0015149,11,-8.999996330792243,-8.999996,3.675471004374274e-8
main_cg,truss1,6,13,"OPTIMAL",0.0015205,0.0015199,11,-8.999996330792243,-8.999996,3.675471004374274e-8
main_cg,truss1,6,13,"OPTIMAL",0.0015301,0.0015302,11,-8.999996330792243,-8.999996,3.675471004374274e-8
main_cg,hinf1,13,14,"ITERATION_LIMIT",0.10188,0.10187,101,2.032684938909659,2.0326,4.1788305450705826e-5
main_cg,hinf1,13,14,"ITERATION_LIMIT",0.059619,0.059607,101,2.032684938909659,2.0326,4.1788305450705826e-5
main_cg,hinf1,13,14,"ITERATION_LIMIT",0.057801,0.057788,101,2.032684938909659,2.0326,4.1788305450705826e-5
main_cg,hinf1,13,14,"ITERATION_LIMIT",0.058204,0.058196,101,2.032684938909659,2.0326,4.1788305450705826e-5
main_cg,hinf1,13,14,"ITERATION_LIMIT",0.057456,0.05745,101,2.032684938909659,2.0326,4.1788305450705826e-5
main_cg,hinf1,13,14,"ITERATION_LIMIT",0.087898,0.08789,101,2.032684938909659,2.0326,4.1788305450705826e-5
main_cg,hinf1,13,14,"ITERATION_LIMIT",0.067588,0.067579,101,2.032684938909659,2.0326,4.1788305450705826e-5
main_cg,hinf1,13,14,"ITERATION_LIMIT",0.055831,0.055824,101,2.032684938909659,2.0326,4.1788305450705826e-5
main_cg,hinf1,13,14,"ITERATION_LIMIT",0.056694,0.056686,101,2.032684938909659,2.0326,4.1788305450705826e-5
main_cg,hinf1,13,14,"ITERATION_LIMIT",0.089255,0.089248,101,2.032684938909659,2.0326,4.1788305450705826e-5
main_cg,hinf1,13,14,"ITERATION_LIMIT",0.086796,0.086787,101,2.032684938909659,2.0326,4.1788305450705826e-5
main_cg,hinf1,13,14,"ITERATION_LIMIT",0.097987,0.097979,101,2.032684938909659,2.0326,4.1788305450705826e-5
main_cg,hinf1,13,14,"ITERATION_LIMIT",0.091937,0.091929,101,2.032684938909659,2.0326,4.1788305450705826e-5
main_cg,hinf1,13,14,"ITERATION_LIMIT",0.086832,0.086819,101,2.032684938909659,2.0326,4.1788305450705826e-5
main_cg,hinf1,13,14,"ITERATION_LIMIT",0.084732,0.084724,101,2.032684938909659,2.0326,4.1788305450705826e-5
main_cg,hinf1,13,14,"ITERATION_LIMIT",0.088655,0.088647,101,2.032684938909659,2.0326,4.1788305450705826e-5
main_cg,hinf1,13,14,"ITERATION_LIMIT",0.080957,0.08095,101,2.032684938909659,2.0326,4.1788305450705826e-5
main_cg,hinf1,13,14,"ITERATION_LIMIT",0.079873,0.079866,101,2.032684938909659,2.0326,4.1788305450705826e-5
main_cg,hinf1,13,14,"ITERATION_LIMIT",0.10022,0.10021,101,2.032684938909659,2.0326,4.1788305450705826e-5
main_cg,hinf1,13,14,"ITERATION_LIMIT",0.092301,0.092293,101,2.032684938909659,2.0326,4.1788305450705826e-5
main_cg,hinf1,13,14,"ITERATION_LIMIT",0.088349,0.088341,101,2.032684938909659,2.0326,4.1788305450705826e-5
main_cg,hinf1,13,14,"ITERATION_LIMIT",0.097851,0.097832,101,2.032684938909659,2.0326,4.1788305450705826e-5
main_cg,hinf1,13,14,"ITERATION_LIMIT",0.081902,0.081895,101,2.032684938909659,2.0326,4.1788305450705826e-5
main_cg,hinf1,13,14,"ITERATION_LIMIT",0.07801,0.078002,101,2.032684938909659,2.0326,4.1788305450705826e-5
main_cg,hinf1,13,14,"ITERATION_LIMIT",0.097165,0.097158,101,2.032684938909659,2.0326,4.1788305450705826e-5
main_cg,hinf1,13,14,"ITERATION_LIMIT",0.088164,0.088156,101,2.032684938909659,2.0326,4.1788305450705826e-5
main_cg,hinf1,13,14,"ITERATION_LIMIT",0.087371,0.087363,101,2.032684938909659,2.0326,4.1788305450705826e-5
main_cg,hinf1,13,14,"ITERATION_LIMIT",0.10205,0.10204,101,2.032684938909659,2.0326,4.1788305450705826e-5
main_cg,hinf1,13,14,"ITERATION_LIMIT",0.086654,0.086645,101,2.032684938909659,2.0326,4.1788305450705826e-5
main_cg,hinf1,13,14,"ITERATION_LIMIT",0.10264,0.10263,101,2.032684938909659,2.0326,4.1788305450705826e-5
main_cg,hinf1,13,14,"ITERATION_LIMIT",0.088758,0.088749,101,2.032684938909659,2.0326,4.1788305450705826e-5
main_cg,hinf1,13,14,"ITERATION_LIMIT",0.084664,0.084653,101,2.032684938909659,2.0326,4.1788305450705826e-5
main_cg,control1,21,15,"OPTIMAL",0.020498,0.020494,24,17.78462792007785,17.78463,1.1695054386596019e-7
main_cg,control1,21,15,"OPTIMAL",0.022803,0.0228,24,17.78462792007785,17.78463,1.1695054386596019e-7
main_cg,control1,21,15,"OPTIMAL",0.02052,0.020517,24,17.78462792007785,17.78463,1.1695054386596019e-7
main_cg,control1,21,15,"OPTIMAL",0.027983,0.027977,24,17.78462792007785,17.78463,1.1695054386596019e-7
main_cg,control1,21,15,"OPTIMAL",0.0171,0.017091,24,17.78462792007785,17.78463,1.1695054386596019e-7
main_cg,control1,21,15,"OPTIMAL",0.014263,0.014256,24,17.78462792007785,17.78463,1.1695054386596019e-7
main_cg,control1,21,15,"OPTIMAL",0.035586,0.03558,24,17.78462792007785,17.78463,1.1695054386596019e-7
main_cg,control1,21,15,"OPTIMAL",0.018728,0.018717,24,17.78462792007785,17.78463,1.1695054386596019e-7
main_cg,control1,21,15,"OPTIMAL",0.026849,0.026843,24,17.78462792007785,17.78463,1.1695054386596019e-7
main_cg,control1,21,15,"OPTIMAL",0.035682,0.035674,24,17.78462792007785,17.78463,1.1695054386596019e-7
main_cg,control1,21,15,"OPTIMAL",0.013711,0.013704,24,17.78462792007785,17.78463,1.1695054386596019e-7
main_cg,control1,21,15,"OPTIMAL",0.020593,0.020587,24,17.78462792007785,17.78463,1.1695054386596019e-7
main_cg,control1,21,15,"OPTIMAL",0.024513,0.024506,24,17.78462792007785,17.78463,1.1695054386596019e-7
main_cg,control1,21,15,"OPTIMAL",0.013934,0.013927,24,17.78462792007785,17.78463,1.1695054386596019e-7
main_cg,control1,21,15,"OPTIMAL",0.031591,0.031587,24,17.78462792007785,17.78463,1.1695054386596019e-7
main_cg,control1,21,15,"OPTIMAL",0.013753,0.013748,24,17.78462792007785,17.78463,1.1695054386596019e-7
main_cg,control1,21,15,"OPTIMAL",0.013521,0.013518,24,17.78462792007785,17.78463,1.1695054386596019e-7
main_cg,control1,21,15,"OPTIMAL",0.013514,0.013511,24,17.78462792007785,17.78463,1.1695054386596019e-7
main_cg,control1,21,15,"OPTIMAL",0.013456,0.013454,24,17.78462792007785,17.78463,1.1695054386596019e-7
main_cg,control1,21,15,"OPTIMAL",0.033146,0.033144,24,17.78462792007785,17.78463,1.1695054386596019e-7
main_cg,control1,21,15,"OPTIMAL",0.013509,0.013505,24,17.78462792007785,17.78463,1.1695054386596019e-7
main_cg,control1,21,15,"OPTIMAL",0.013283,0.013281,24,17.78462792007785,17.78463,1.1695054386596019e-7
main_cg,control1,21,15,"OPTIMAL",0.013373,0.013372,24,17.78462792007785,17.78463,1.1695054386596019e-7
main_cg,control1,21,15,"OPTIMAL",0.013617,0.013615,24,17.78462792007785,17.78463,1.1695054386596019e-7
main_cg,control1,21,15,"OPTIMAL",0.01352,0.013518,24,17.78462792007785,17.78463,1.1695054386596019e-7
main_cg,control1,21,15,"OPTIMAL",0.019079,0.019077,24,17.78462792007785,17.78463,1.1695054386596019e-7
main_cg,control1,21,15,"OPTIMAL",0.01357,0.013565,24,17.78462792007785,17.78463,1.1695054386596019e-7
main_cg,control1,21,15,"OPTIMAL",0.013368,0.013365,24,17.78462792007785,17.78463,1.1695054386596019e-7
main_cg,control1,21,15,"OPTIMAL",0.013314,0.013312,24,17.78462792007785,17.78463,1.1695054386596019e-7
main_cg,control1,21,15,"OPTIMAL",0.013416,0.013414,24,17.78462792007785,17.78463,1.1695054386596019e-7
main_cg,control1,21,15,"OPTIMAL",0.018346,0.018344,24,17.78462792007785,17.78463,1.1695054386596019e-7
main_cg,control1,21,15,"OPTIMAL",0.014751,0.014748,24,17.78462792007785,17.78463,1.1695054386596019e-7
main_cg,hinf2,13,16,"ITERATION_LIMIT",0.49934,0.49933,101,10.967133132422777,10.967,1.2139365622019038e-5
main_cg,hinf2,13,16,"ITERATION_LIMIT",0.74632,0.74631,101,10.967133132422777,10.967,1.2139365622019038e-5
main_cg,hinf2,13,16,"ITERATION_LIMIT",0.72405,0.72405,101,10.967133132422777,10.967,1.2139365622019038e-5
main_cg,hinf2,13,16,"ITERATION_LIMIT",0.49356,0.49355,101,10.967133132422777,10.967,1.2139365622019038e-5
main_cg,hinf2,13,16,"ITERATION_LIMIT",0.73286,0.73285,101,10.967133132422777,10.967,1.2139365622019038e-5
main_cg,hinf2,13,16,"ITERATION_LIMIT",0.73715,0.73714,101,10.967133132422777,10.967,1.2139365622019038e-5
main_cg,hinf2,13,16,"ITERATION_LIMIT",0.74262,0.74261,101,10.967133132422777,10.967,1.2139365622019038e-5
main_cg,hinf2,13,16,"ITERATION_LIMIT",0.7464,0.74638,101,10.967133132422777,10.967,1.2139365622019038e-5
main_cg,hinf2,13,16,"ITERATION_LIMIT",0.62368,0.62367,101,10.967133132422777,10.967,1.2139365622019038e-5
main_cg,hinf2,13,16,"ITERATION_LIMIT",0.41686,0.41685,101,10.967133132422777,10.967,1.2139365622019038e-5
main_cg,hinf2,13,16,"ITERATION_LIMIT",0.68921,0.6892,101,10.967133132422777,10.967,1.2139365622019038e-5
main_cg,hinf2,13,16,"ITERATION_LIMIT",0.72975,0.72974,101,10.967133132422777,10.967,1.2139365622019038e-5
main_cg,hinf2,13,16,"ITERATION_LIMIT",0.50629,0.50628,101,10.967133132422777,10.967,1.2139365622019038e-5
main_cg,hinf2,13,16,"ITERATION_LIMIT",0.44969,0.44967,101,10.967133132422777,10.967,1.2139365622019038e-5
main_cg,hinf2,13,16,"ITERATION_LIMIT",0.43985,0.43984,101,10.967133132422777,10.967,1.2139365622019038e-5
main_cg,hinf2,13,16,"ITERATION_LIMIT",0.46195,0.46194,101,10.967133132422777,10.967,1.2139365622019038e-5
main_cg,hinf2,13,16,"ITERATION_LIMIT",0.46649,0.46648,101,10.967133132422777,10.967,1.2139365622019038e-5
main_cg,hinf2,13,16,"ITERATION_LIMIT",0.4437,0.44369,101,10.967133132422777,10.967,1.2139365622019038e-5
main_cg,hinf2,13,16,"ITERATION_LIMIT",0.67696,0.67695,101,10.967133132422777,10.967,1.2139365622019038e-5
main_cg,hinf2,13,16,"ITERATION_LIMIT",0.7333,0.73329,101,10.967133132422777,10.967,1.2139365622019038e-5
main_cg,hinf2,13,16,"ITERATION_LIMIT",0.73389,0.73388,101,10.967133132422777,10.967,1.2139365622019038e-5
main_cg,hinf2,13,16,"ITERATION_LIMIT",0.73221,0.7322,101,10.967133132422777,10.967,1.2139365622019038e-5
main_cg,hinf2,13,16,"ITERATION_LIMIT",0.75228,0.75227,101,10.967133132422777,10.967,1.2139365622019038e-5
main_cg,hinf2,13,16,"ITERATION_LIMIT",0.74426,0.74425,101,10.967133132422777,10.967,1.2139365622019038e-5
main_cg,hinf2,13,16,"ITERATION_LIMIT",0.71379,0.71377,101,10.967133132422777,10.967,1.2139365622019038e-5
main_cg,hinf2,13,16,"ITERATION_LIMIT",0.72959,0.72957,101,10.967133132422777,10.967,1.2139365622019038e-5
main_cg,hinf2,13,16,"ITERATION_LIMIT",0.73355,0.73353,101,10.967133132422777,10.967,1.2139365622019038e-5
main_cg,hinf2,13,16,"ITERATION_LIMIT",0.71362,0.7136,101,10.967133132422777,10.967,1.2139365622019038e-5
main_cg,hinf2,13,16,"ITERATION_LIMIT",0.76509,0.76508,101,10.967133132422777,10.967,1.2139365622019038e-5
main_cg,hinf2,13,16,"ITERATION_LIMIT",0.45196,0.45195,101,10.967133132422777,10.967,1.2139365622019038e-5
main_cg,hinf2,13,16,"ITERATION_LIMIT",0.44053,0.44052,101,10.967133132422777,10.967,1.2139365622019038e-5
main_cg,hinf2,13,16,"ITERATION_LIMIT",0.46587,0.46586,101,10.967133132422777,10.967,1.2139365622019038e-5
main_cg,hinf3,13,16,"ITERATION_LIMIT",0.20732,0.20731,101,56.94463400324895,56.9,0.0007844288795949317
main_cg,hinf3,13,16,"ITERATION_LIMIT",0.20352,0.20352,101,56.94463400324895,56.9,0.0007844288795949317
main_cg,hinf3,13,16,"ITERATION_LIMIT",0.14677,0.14676,101,56.94463400324895,56.9,0.0007844288795949317
main_cg,hinf3,13,16,"ITERATION_LIMIT",0.17369,0.17368,101,56.94463400324895,56.9,0.0007844288795949317
main_cg,hinf3,13,16,"ITERATION_LIMIT",0.24856,0.24855,101,56.94463400324895,56.9,0.0007844288795949317
main_cg,hinf3,13,16,"ITERATION_LIMIT",0.30283,0.30281,101,56.94463400324895,56.9,0.0007844288795949317
main_cg,hinf3,13,16,"ITERATION_LIMIT",0.28765,0.28763,101,56.94463400324895,56.9,0.0007844288795949317
main_cg,hinf3,13,16,"ITERATION_LIMIT",0.31352,0.31351,101,56.94463400324895,56.9,0.0007844288795949317
main_cg,hinf3,13,16,"ITERATION_LIMIT",0.28119,0.28118,101,56.94463400324895,56.9,0.0007844288795949317
main_cg,hinf3,13,16,"ITERATION_LIMIT",0.31313,0.31311,101,56.94463400324895,56.9,0.0007844288795949317
main_cg,hinf3,13,16,"ITERATION_LIMIT",0.29974,0.29973,101,56.94463400324895,56.9,0.0007844288795949317
main_cg,hinf3,13,16,"ITERATION_LIMIT",0.30417,0.30416,101,56.94463400324895,56.9,0.0007844288795949317
main_cg,hinf3,13,16,"ITERATION_LIMIT",0.28571,0.28571,101,56.94463400324895,56.9,0.0007844288795949317
main_cg,hinf3,13,16,"ITERATION_LIMIT",0.29829,0.29828,101,56.94463400324895,56.9,0.0007844288795949317
main_cg,hinf3,13,16,"ITERATION_LIMIT",0.28793,0.28791,101,56.94463400324895,56.9,0.0007844288795949317
main_cg,hinf3,13,16,"ITERATION_LIMIT",0.29869,0.29868,101,56.94463400324895,56.9,0.0007844288795949317
main_cg,hinf3,13,16,"ITERATION_LIMIT",0.31389,0.31388,101,56.94463400324895,56.9,0.0007844288795949317
main_cg,hinf3,13,16,"ITERATION_LIMIT",0.30742,0.3074,101,56.94463400324895,56.9,0.0007844288795949317
main_cg,hinf3,13,16,"ITERATION_LIMIT",0.23426,0.23424,101,56.94463400324895,56.9,0.0007844288795949317
main_cg,hinf3,13,16,"ITERATION_LIMIT",0.22493,0.22493,101,56.94463400324895,56.9,0.0007844288795949317
main_cg,hinf3,13,16,"ITERATION_LIMIT",0.21545,0.21544,101,56.94463400324895,56.9,0.0007844288795949317
main_cg,hinf3,13,16,"ITERATION_LIMIT",0.23157,0.23155,101,56.94463400324895,56.9,0.0007844288795949317
main_cg,hinf3,13,16,"ITERATION_LIMIT",0.20545,0.20544,101,56.94463400324895,56.9,0.0007844288795949317
main_cg,hinf3,13,16,"ITERATION_LIMIT",0.22433,0.22432,101,56.94463400324895,56.9,0.0007844288795949317
main_cg,hinf3,13,16,"ITERATION_LIMIT",0.20902,0.20901,101,56.94463400324895,56.9,0.0007844288795949317
main_cg,hinf3,13,16,"ITERATION_LIMIT",0.2472,0.2472,101,56.94463400324895,56.9,0.0007844288795949317
main_cg,hinf3,13,16,"ITERATION_LIMIT",0.20169,0.20168,101,56.94463400324895,56.9,0.0007844288795949317
main_cg,hinf3,13,16,"ITERATION_LIMIT",0.17254,0.17253,101,56.94463400324895,56.9,0.0007844288795949317
main_cg,hinf3,13,16,"ITERATION_LIMIT",0.17517,0.17515,101,56.94463400324895,56.9,0.0007844288795949317
main_cg,hinf3,13,16,"ITERATION_LIMIT",0.28845,0.28843,101,56.94463400324895,56.9,0.0007844288795949317
main_cg,hinf3,13,16,"ITERATION_LIMIT",0.2086,0.20859,101,56.94463400324895,56.9,0.0007844288795949317
main_cg,hinf3,13,16,"ITERATION_LIMIT",0.2215,0.22149,101,56.94463400324895,56.9,0.0007844288795949317
main_cg,hinf4,13,16,"OPTIMAL",0.067963,0.067948,82,274.76483302033773,274.764,3.031766671480619e-6
main_cg,hinf4,13,16,"OPTIMAL",0.070162,0.070154,82,274.76483302033773,274.764,3.031766671480619e-6
main_cg,hinf4,13,16,"OPTIMAL",0.05864,0.058633,82,274.76483302033773,274.764,3.031766671480619e-6
main_cg,hinf4,13,16,"OPTIMAL",0.059928,0.059921,82,274.76483302033773,274.764,3.031766671480619e-6
main_cg,hinf4,13,16,"OPTIMAL",0.068184,0.06817,82,274.76483302033773,274.764,3.031766671480619e-6
main_cg,hinf4,13,16,"OPTIMAL",0.057712,0.057701,82,274.76483302033773,274.764,3.031766671480619e-6
main_cg,hinf4,13,16,"OPTIMAL",0.057114,0.057106,82,274.76483302033773,274.764,3.031766671480619e-6
main_cg,hinf4,13,16,"OPTIMAL",0.094102,0.094097,82,274.76483302033773,274.764,3.031766671480619e-6
main_cg,hinf4,13,16,"OPTIMAL",0.057915,0.057905,82,274.76483302033773,274.764,3.031766671480619e-6
main_cg,hinf4,13,16,"OPTIMAL",0.055756,0.055748,82,274.76483302033773,274.764,3.031766671480619e-6
main_cg,hinf4,13,16,"OPTIMAL",0.081344,0.081339,82,274.76483302033773,274.764,3.031766671480619e-6
main_cg,hinf4,13,16,"OPTIMAL",0.054766,0.054758,82,274.76483302033773,274.764,3.031766671480619e-6
main_cg,hinf4,13,16,"OPTIMAL",0.054832,0.054826,82,274.76483302033773,274.764,3.031766671480619e-6
main_cg,hinf4,13,16,"OPTIMAL",0.064963,0.064959,82,274.76483302033773,274.764,3.031766671480619e-6
main_cg,hinf4,13,16,"OPTIMAL",0.054788,0.054782,82,274.76483302033773,274.764,3.031766671480619e-6
main_cg,hinf4,13,16,"OPTIMAL",0.055141,0.055136,82,274.76483302033773,274.764,3.031766671480619e-6
main_cg,hinf4,13,16,"OPTIMAL",0.073497,0.073492,82,274.76483302033773,274.764,3.031766671480619e-6
main_cg,hinf4,13,16,"OPTIMAL",0.058324,0.058317,82,274.76483302033773,274.764,3.031766671480619e-6
main_cg,hinf4,13,16,"OPTIMAL",0.056574,0.056568,82,274.76483302033773,274.764,3.031766671480619e-6
main_cg,hinf4,13,16,"OPTIMAL",0.080854,0.080848,82,274.76483302033773,274.764,3.031766671480619e-6
main_cg,hinf4,13,16,"OPTIMAL",0.06148,0.061469,82,274.76483302033773,274.764,3.031766671480619e-6
main_cg,hinf4,13,16,"OPTIMAL",0.10668,0.10668,82,274.76483302033773,274.764,3.031766671480619e-6
main_cg,hinf4,13,16,"OPTIMAL",0.11854,0.11853,82,274.76483302033773,274.764,3.031766671480619e-6
main_cg,hinf4,13,16,"OPTIMAL",0.10678,0.10677,82,274.76483302033773,274.764,3.031766671480619e-6
main_cg,hinf4,13,16,"OPTIMAL",0.10691,0.1069,82,274.76483302033773,274.764,3.031766671480619e-6
main_cg,hinf4,13,16,"OPTIMAL",0.13844,0.13843,82,274.76483302033773,274.764,3.031766671480619e-6
main_cg,hinf4,13,16,"OPTIMAL",0.10818,0.10817,82,274.76483302033773,274.764,3.031766671480619e-6
main_cg,hinf4,13,16,"OPTIMAL",0.10652,0.10651,82,274.76483302033773,274.764,3.031766671480619e-6
main_cg,hinf4,13,16,"OPTIMAL",0.12821,0.1282,82,274.76483302033773,274.764,3.031766671480619e-6
main_cg,hinf4,13,16,"OPTIMAL",0.11303,0.11301,82,274.76483302033773,274.764,3.031766671480619e-6
main_cg,hinf4,13,16,"OPTIMAL",0.10595,0.10594,82,274.76483302033773,274.764,3.031766671480619e-6
main_cg,hinf4,13,16,"OPTIMAL",0.11861,0.1186,82,274.76483302033773,274.764,3.031766671480619e-6
main_cg,hinf5,13,16,"ITERATION_LIMIT",1.8738,1.8738,101,362.2356406728068,363.0,0.0021056730776671524
main_cg,hinf5,13,16,"ITERATION_LIMIT",1.8863,1.8863,101,362.2356406728068,363.0,0.0021056730776671524
main_cg,hinf5,13,16,"ITERATION_LIMIT",1.8657,1.8657,101,362.2356406728068,363.0,0.0021056730776671524
main_cg,hinf5,13,16,"ITERATION_LIMIT",1.8683,1.8683,101,362.2356406728068,363.0,0.0021056730776671524
main_cg,hinf5,13,16,"ITERATION_LIMIT",1.3478,1.3478,101,362.2356406728068,363.0,0.0021056730776671524
main_cg,hinf5,13,16,"ITERATION_LIMIT",1.2637,1.2637,101,362.2356406728068,363.0,0.0021056730776671524
main_cg,hinf5,13,16,"ITERATION_LIMIT",0.98977,0.98976,101,362.2356406728068,363.0,0.0021056730776671524
main_cg,hinf5,13,16,"ITERATION_LIMIT",1.1352,1.1351,101,362.2356406728068,363.0,0.0021056730776671524
main_cg,hinf5,13,16,"ITERATION_LIMIT",1.0897,1.0897,101,362.2356406728068,363.0,0.0021056730776671524
main_cg,hinf5,13,16,"ITERATION_LIMIT",1.2363,1.2363,101,362.2356406728068,363.0,0.0021056730776671524
main_cg,hinf5,13,16,"ITERATION_LIMIT",1.0386,1.0386,101,362.2356406728068,363.0,0.0021056730776671524
main_cg,hinf5,13,16,"ITERATION_LIMIT",0.98721,0.98721,101,362.2356406728068,363.0,0.0021056730776671524
main_cg,hinf5,13,16,"ITERATION_LIMIT",1.0703,1.0703,101,362.2356406728068,363.0,0.0021056730776671524
main_cg,hinf5,13,16,"ITERATION_LIMIT",1.0138,1.0138,101,362.2356406728068,363.0,0.0021056730776671524
main_cg,hinf5,13,16,"ITERATION_LIMIT",1.3358,1.3358,101,362.2356406728068,363.0,0.0021056730776671524
main_cg,hinf5,13,16,"ITERATION_LIMIT",1.4264,1.4264,101,362.2356406728068,363.0,0.0021056730776671524
main_cg,hinf5,13,16,"ITERATION_LIMIT",1.2652,1.2652,101,362.2356406728068,363.0,0.0021056730776671524
main_cg,hinf5,13,16,"ITERATION_LIMIT",1.0793,1.0793,101,362.2356406728068,363.0,0.0021056730776671524
main_cg,hinf5,13,16,"ITERATION_LIMIT",1.4679,1.4679,101,362.2356406728068,363.0,0.0021056730776671524
main_cg,hinf5,13,16,"ITERATION_LIMIT",1.3824,1.3824,101,362.2356406728068,363.0,0.0021056730776671524
main_cg,hinf5,13,16,"ITERATION_LIMIT",1.067,1.067,101,362.2356406728068,363.0,0.0021056730776671524
main_cg,hinf5,13,16,"ITERATION_LIMIT",0.96478,0.96477,101,362.2356406728068,363.0,0.0021056730776671524
main_cg,hinf5,13,16,"ITERATION_LIMIT",1.4902,1.4902,101,362.2356406728068,363.0,0.0021056730776671524
main_cg,hinf5,13,16,"ITERATION_LIMIT",1.1522,1.1522,101,362.2356406728068,363.0,0.0021056730776671524
main_cg,hinf5,13,16,"ITERATION_LIMIT",1.2273,1.2273,101,362.2356406728068,363.0,0.0021056730776671524
main_cg,hinf5,13,16,"ITERATION_LIMIT",1.9039,1.9039,101,362.2356406728068,363.0,0.0021056730776671524
main_cg,hinf5,13,16,"ITERATION_LIMIT",1.2927,1.2927,101,362.2356406728068,363.0,0.0021056730776671524
main_cg,hinf5,13,16,"ITERATION_LIMIT",1.5729,1.5729,101,362.2356406728068,363.0,0.0021056730776671524
main_cg,hinf5,13,16,"ITERATION_LIMIT",1.8384,1.8384,101,362.2356406728068,363.0,0.0021056730776671524
main_cg,hinf5,13,16,"ITERATION_LIMIT",1.2904,1.2904,101,362.2356406728068,363.0,0.0021056730776671524
main_cg,hinf5,13,16,"ITERATION_LIMIT",1.8983,1.8983,101,362.2356406728068,363.0,0.0021056730776671524
main_cg,hinf5,13,16,"ITERATION_LIMIT",1.2003,1.2003,101,362.2356406728068,363.0,0.0021056730776671524
main_cg,hinf6,13,16,"ITERATION_LIMIT",0.69924,0.69923,81,448.92889374180004,449.0,0.0001583658311803147
main_cg,hinf6,13,16,"ITERATION_LIMIT",1.3456,1.3456,81,448.92889374180004,449.0,0.0001583658311803147
main_cg,hinf6,13,16,"ITERATION_LIMIT",1.3311,1.3311,81,448.92889374180004,449.0,0.0001583658311803147
main_cg,hinf6,13,16,"ITERATION_LIMIT",1.3201,1.3201,81,448.92889374180004,449.0,0.0001583658311803147
main_cg,hinf6,13,16,"ITERATION_LIMIT",1.3329,1.3329,81,448.92889374180004,449.0,0.0001583658311803147
main_cg,hinf6,13,16,"ITERATION_LIMIT",1.3162,1.3162,81,448.92889374180004,449.0,0.0001583658311803147
main_cg,hinf6,13,16,"ITERATION_LIMIT",1.317,1.317,81,448.92889374180004,449.0,0.0001583658311803147
main_cg,hinf6,13,16,"ITERATION_LIMIT",1.3167,1.3166,81,448.92889374180004,449.0,0.0001583658311803147
main_cg,hinf6,13,16,"ITERATION_LIMIT",1.3185,1.3185,81,448.92889374180004,449.0,0.0001583658311803147
main_cg,hinf6,13,16,"ITERATION_LIMIT",1.2955,1.2955,81,448.92889374180004,449.0,0.0001583658311803147
main_cg,hinf6,13,16,"ITERATION_LIMIT",1.3299,1.3299,81,448.92889374180004,449.0,0.0001583658311803147
main_cg,hinf6,13,16,"ITERATION_LIMIT",1.3391,1.3391,81,448.92889374180004,449.0,0.0001583658311803147
main_cg,hinf6,13,16,"ITERATION_LIMIT",1.3219,1.3219,81,448.92889374180004,449.0,0.0001583658311803147
main_cg,hinf6,13,16,"ITERATION_LIMIT",1.3242,1.3242,81,448.92889374180004,449.0,0.0001583658311803147
main_cg,hinf6,13,16,"ITERATION_LIMIT",1.3251,1.325,81,448.92889374180004,449.0,0.0001583658311803147
main_cg,hinf6,13,16,"ITERATION_LIMIT",1.3228,1.3228,81,448.92889374180004,449.0,0.0001583658311803147
main_cg,hinf6,13,16,"ITERATION_LIMIT",1.3187,1.3187,81,448.92889374180004,449.0,0.0001583658311803147
main_cg,hinf6,13,16,"ITERATION_LIMIT",1.3202,1.3202,81,448.92889374180004,449.0,0.0001583658311803147
main_cg,hinf6,13,16,"ITERATION_LIMIT",1.3187,1.3187,81,448.92889374180004,449.0,0.0001583658311803147
main_cg,hinf6,13,16,"ITERATION_LIMIT",1.3217,1.3217,81,448.92889374180004,449.0,0.0001583658311803147
main_cg,hinf6,13,16,"ITERATION_LIMIT",0.91079,0.91078,81,448.92889374180004,449.0,0.0001583658311803147
main_cg,hinf6,13,16,"ITERATION_LIMIT",1.3211,1.3211,81,448.92889374180004,449.0,0.0001583658311803147
main_cg,hinf6,13,16,"ITERATION_LIMIT",1.3245,1.3245,81,448.92889374180004,449.0,0.0001583658311803147
main_cg,hinf6,13,16,"ITERATION_LIMIT",0.84291,0.8429,81,448.92889374180004,449.0,0.0001583658311803147
main_cg,hinf6,13,16,"ITERATION_LIMIT",0.73139,0.73138,81,448.92889374180004,449.0,0.0001583658311803147
main_cg,hinf6,13,16,"ITERATION_LIMIT",1.051,1.051,81,448.92889374180004,449.0,0.0001583658311803147
main_cg,hinf6,13,16,"ITERATION_LIMIT",0.73228,0.73227,81,448.92889374180004,449.0,0.0001583658311803147
main_cg,hinf6,13,16,"ITERATION_LIMIT",0.7418,0.74179,81,448.92889374180004,449.0,0.0001583658311803147
main_cg,hinf6,13,16,"ITERATION_LIMIT",1.0226,1.0226,81,448.92889374180004,449.0,0.0001583658311803147
main_cg,hinf6,13,16,"ITERATION_LIMIT",1.3181,1.3181,81,448.92889374180004,449.0,0.0001583658311803147
main_cg,hinf6,13,16,"ITERATION_LIMIT",1.305,1.305,81,448.92889374180004,449.0,0.0001583658311803147
main_cg,hinf6,13,16,"ITERATION_LIMIT",1.3347,1.3347,81,448.92889374180004,449.0,0.0001583658311803147
main_cg,hinf7,13,16,"ITERATION_LIMIT",0.14242,0.14241,48,390.8136362944238,391.0,0.0004766335180976578
main_cg,hinf7,13,16,"ITERATION_LIMIT",0.14153,0.14152,48,390.8136362944238,391.0,0.0004766335180976578
main_cg,hinf7,13,16,"ITERATION_LIMIT",0.16029,0.16028,48,390.8136362944238,391.0,0.0004766335180976578
main_cg,hinf7,13,16,"ITERATION_LIMIT",0.14177,0.14176,48,390.8136362944238,391.0,0.0004766335180976578
main_cg,hinf7,13,16,"ITERATION_LIMIT",0.14164,0.14162,48,390.8136362944238,391.0,0.0004766335180976578
main_cg,hinf7,13,16,"ITERATION_LIMIT",0.14151,0.1415,48,390.8136362944238,391.0,0.0004766335180976578
main_cg,hinf7,13,16,"ITERATION_LIMIT",0.16386,0.16385,48,390.8136362944238,391.0,0.0004766335180976578
main_cg,hinf7,13,16,"ITERATION_LIMIT",0.14159,0.14158,48,390.8136362944238,391.0,0.0004766335180976578
main_cg,hinf7,13,16,"ITERATION_LIMIT",0.1416,0.14159,48,390.8136362944238,391.0,0.0004766335180976578
main_cg,hinf7,13,16,"ITERATION_LIMIT",0.14321,0.14319,48,390.8136362944238,391.0,0.0004766335180976578
main_cg,hinf7,13,16,"ITERATION_LIMIT",0.16211,0.1621,48,390.8136362944238,391.0,0.0004766335180976578
main_cg,hinf7,13,16,"ITERATION_LIMIT",0.14094,0.14093,48,390.8136362944238,391.0,0.0004766335180976578
main_cg,hinf7,13,16,"ITERATION_LIMIT",0.14279,0.14278,48,390.8136362944238,391.0,0.0004766335180976578
main_cg,hinf7,13,16,"ITERATION_LIMIT",0.14272,0.14271,48,390.8136362944238,391.0,0.0004766335180976578
main_cg,hinf7,13,16,"ITERATION_LIMIT",0.16018,0.16017,48,390.8136362944238,391.0,0.0004766335180976578
main_cg,hinf7,13,16,"ITERATION_LIMIT",0.14252,0.14251,48,390.8136362944238,391.0,0.0004766335180976578
main_cg,hinf7,13,16,"ITERATION_LIMIT",0.14176,0.14175,48,390.8136362944238,391.0,0.0004766335180976578
main_cg,hinf7,13,16,"ITERATION_LIMIT",0.14175,0.14174,48,390.8136362944238,391.0,0.0004766335180976578
main_cg,hinf7,13,16,"ITERATION_LIMIT",0.16278,0.16277,48,390.8136362944238,391.0,0.0004766335180976578
main_cg,hinf7,13,16,"ITERATION_LIMIT",0.14164,0.14162,48,390.8136362944238,391.0,0.0004766335180976578
main_cg,hinf7,13,16,"ITERATION_LIMIT",0.14142,0.14141,48,390.8136362944238,391.0,0.0004766335180976578
main_cg,hinf7,13,16,"ITERATION_LIMIT",0.15746,0.15745,48,390.8136362944238,391.0,0.0004766335180976578
main_cg,hinf7,13,16,"ITERATION_LIMIT",0.15994,0.15993,48,390.8136362944238,391.0,0.0004766335180976578
main_cg,hinf7,13,16,"ITERATION_LIMIT",0.14181,0.14179,48,390.8136362944238,391.0,0.0004766335180976578
main_cg,hinf7,13,16,"ITERATION_LIMIT",0.141,0.141,48,390.8136362944238,391.0,0.0004766335180976578
main_cg,hinf7,13,16,"ITERATION_LIMIT",0.14376,0.14376,48,390.8136362944238,391.0,0.0004766335180976578
main_cg,hinf7,13,16,"ITERATION_LIMIT",0.16204,0.16203,48,390.8136362944238,391.0,0.0004766335180976578
main_cg,hinf7,13,16,"ITERATION_LIMIT",0.14115,0.14114,48,390.8136362944238,391.0,0.0004766335180976578
main_cg,hinf7,13,16,"ITERATION_LIMIT",0.14153,0.14151,48,390.8136362944238,391.0,0.0004766335180976578
main_cg,hinf7,13,16,"ITERATION_LIMIT",0.14249,0.14248,48,390.8136362944238,391.0,0.0004766335180976578
main_cg,hinf7,13,16,"ITERATION_LIMIT",0.16321,0.1632,48,390.8136362944238,391.0,0.0004766335180976578
main_cg,hinf7,13,16,"ITERATION_LIMIT",0.14197,0.14196,48,390.8136362944238,391.0,0.0004766335180976578
main_cg,hinf8,13,16,"ITERATION_LIMIT",1.9416,1.9416,101,125.08994939218951,116.0,0.07836163269128887
main_cg,hinf8,13,16,"ITERATION_LIMIT",1.2195,1.2194,101,125.08994939218951,116.0,0.07836163269128887
main_cg,hinf8,13,16,"ITERATION_LIMIT",1.8857,1.8857,101,125.08994939218951,116.0,0.07836163269128887
main_cg,hinf8,13,16,"ITERATION_LIMIT",2.0642,2.0642,101,125.08994939218951,116.0,0.07836163269128887
main_cg,hinf8,13,16,"ITERATION_LIMIT",2.0506,2.0506,101,125.08994939218951,116.0,0.07836163269128887
main_cg,hinf8,13,16,"ITERATION_LIMIT",2.0696,2.0696,101,125.08994939218951,116.0,0.07836163269128887
main_cg,hinf8,13,16,"ITERATION_LIMIT",2.054,2.054,101,125.08994939218951,116.0,0.07836163269128887
main_cg,hinf8,13,16,"ITERATION_LIMIT",2.059,2.059,101,125.08994939218951,116.0,0.07836163269128887
main_cg,hinf8,13,16,"ITERATION_LIMIT",2.0744,2.0744,101,125.08994939218951,116.0,0.07836163269128887
main_cg,hinf8,13,16,"ITERATION_LIMIT",2.1023,2.1023,101,125.08994939218951,116.0,0.07836163269128887
main_cg,hinf8,13,16,"ITERATION_LIMIT",2.057,2.0569,101,125.08994939218951,116.0,0.07836163269128887
main_cg,hinf8,13,16,"ITERATION_LIMIT",2.0577,2.0577,101,125.08994939218951,116.0,0.07836163269128887
main_cg,hinf8,13,16,"ITERATION_LIMIT",2.0557,2.0557,101,125.08994939218951,116.0,0.07836163269128887
main_cg,hinf8,13,16,"ITERATION_LIMIT",1.534,1.534,101,125.08994939218951,116.0,0.07836163269128887
main_cg,hinf8,13,16,"ITERATION_LIMIT",1.1729,1.1729,101,125.08994939218951,116.0,0.07836163269128887
main_cg,hinf8,13,16,"ITERATION_LIMIT",1.1824,1.1824,101,125.08994939218951,116.0,0.07836163269128887
main_cg,hinf8,13,16,"ITERATION_LIMIT",1.5314,1.5314,101,125.08994939218951,116.0,0.07836163269128887
main_cg,hinf8,13,16,"ITERATION_LIMIT",1.8384,1.8384,101,125.08994939218951,116.0,0.07836163269128887
main_cg,hinf8,13,16,"ITERATION_LIMIT",1.3719,1.3719,101,125.08994939218951,116.0,0.07836163269128887
main_cg,hinf8,13,16,"ITERATION_LIMIT",1.0654,1.0654,101,125.08994939218951,116.0,0.07836163269128887
main_cg,hinf8,13,16,"ITERATION_LIMIT",2.0675,2.0675,101,125.08994939218951,116.0,0.07836163269128887
main_cg,hinf8,13,16,"ITERATION_LIMIT",2.0623,2.0623,101,125.08994939218951,116.0,0.07836163269128887
main_cg,hinf8,13,16,"ITERATION_LIMIT",2.0815,2.0815,101,125.08994939218951,116.0,0.07836163269128887
main_cg,hinf8,13,16,"ITERATION_LIMIT",2.0609,2.0608,101,125.08994939218951,116.0,0.07836163269128887
main_cg,hinf8,13,16,"ITERATION_LIMIT",1.8502,1.8502,101,125.08994939218951,116.0,0.07836163269128887
main_cg,hinf8,13,16,"ITERATION_LIMIT",1.0836,1.0836,101,125.08994939218951,116.0,0.07836163269128887
main_cg,hinf8,13,16,"ITERATION_LIMIT",1.7904,1.7904,101,125.08994939218951,116.0,0.07836163269128887
main_cg,hinf8,13,16,"ITERATION_LIMIT",2.0845,2.0845,101,125.08994939218951,116.0,0.07836163269128887
main_cg,hinf8,13,16,"ITERATION_LIMIT",2.0999,2.0999,101,125.08994939218951,116.0,0.07836163269128887
main_cg,hinf8,13,16,"ITERATION_LIMIT",1.8961,1.8961,101,125.08994939218951,116.0,0.07836163269128887
main_cg,hinf8,13,16,"ITERATION_LIMIT",1.5815,1.5815,101,125.08994939218951,116.0,0.07836163269128887
main_cg,hinf8,13,16,"ITERATION_LIMIT",1.2769,1.2769,101,125.08994939218951,116.0,0.07836163269128887
main_cg,hinf9,13,16,"ERROR: On worker 6:
PosDefException: matrix is not positive definit",NaN,NaN,-1,NaN,236.25,NaN
main_cg,hinf10,21,18,"ERROR: On worker 6:
PosDefException: matrix is not positive definit",NaN,NaN,-1,NaN,109.0,NaN
main_cg,truss4,12,19,"ERROR: On worker 6:
ArgumentError: reducing over an empty collectio",NaN,NaN,-1,NaN,-9.009996,NaN
main_cg,hinf11,31,22,"ITERATION_LIMIT",2.8483,2.8483,91,65.8983596576055,65.9,2.489138686660509e-5
main_cg,hinf11,31,22,"ITERATION_LIMIT",2.819,2.819,91,65.8983596576055,65.9,2.489138686660509e-5
main_cg,hinf11,31,22,"ITERATION_LIMIT",2.8024,2.8024,91,65.8983596576055,65.9,2.489138686660509e-5
main_cg,hinf11,31,22,"ITERATION_LIMIT",2.1372,2.1372,91,65.8983596576055,65.9,2.489138686660509e-5
main_cg,hinf11,31,22,"ITERATION_LIMIT",1.6112,1.6112,91,65.8983596576055,65.9,2.489138686660509e-5
main_cg,hinf11,31,22,"ITERATION_LIMIT",2.225,2.225,91,65.8983596576055,65.9,2.489138686660509e-5
main_cg,hinf11,31,22,"ITERATION_LIMIT",2.8214,2.8214,91,65.8983596576055,65.9,2.489138686660509e-5
main_cg,hinf11,31,22,"ITERATION_LIMIT",2.5625,2.5625,91,65.8983596576055,65.9,2.489138686660509e-5
main_cg,hinf11,31,22,"ITERATION_LIMIT",2.5463,2.5463,91,65.8983596576055,65.9,2.489138686660509e-5
main_cg,hinf11,31,22,"ITERATION_LIMIT",2.8046,2.8046,91,65.8983596576055,65.9,2.489138686660509e-5
main_cg,hinf11,31,22,"ITERATION_LIMIT",2.8123,2.8123,91,65.8983596576055,65.9,2.489138686660509e-5
main_cg,hinf11,31,22,"ITERATION_LIMIT",2.822,2.822,91,65.8983596576055,65.9,2.489138686660509e-5
main_cg,hinf11,31,22,"ITERATION_LIMIT",2.8325,2.8325,91,65.8983596576055,65.9,2.489138686660509e-5
main_cg,hinf11,31,22,"ITERATION_LIMIT",2.6477,2.6477,91,65.8983596576055,65.9,2.489138686660509e-5
main_cg,hinf11,31,22,"ITERATION_LIMIT",1.892,1.892,91,65.8983596576055,65.9,2.489138686660509e-5
main_cg,hinf11,31,22,"ITERATION_LIMIT",2.4506,2.4506,91,65.8983596576055,65.9,2.489138686660509e-5
main_cg,hinf11,31,22,"ITERATION_LIMIT",2.8315,2.8315,91,65.8983596576055,65.9,2.489138686660509e-5
main_cg,hinf11,31,22,"ITERATION_LIMIT",2.1339,2.1339,91,65.8983596576055,65.9,2.489138686660509e-5
main_cg,hinf11,31,22,"ITERATION_LIMIT",1.9914,1.9914,91,65.8983596576055,65.9,2.489138686660509e-5
main_cg,hinf11,31,22,"ITERATION_LIMIT",2.287,2.2869,91,65.8983596576055,65.9,2.489138686660509e-5
main_cg,hinf11,31,22,"ITERATION_LIMIT",2.8417,2.8417,91,65.8983596576055,65.9,2.489138686660509e-5
main_cg,hinf11,31,22,"ITERATION_LIMIT",2.8305,2.8305,91,65.8983596576055,65.9,2.489138686660509e-5
main_cg,hinf11,31,22,"ITERATION_LIMIT",2.817,2.8169,91,65.8983596576055,65.9,2.489138686660509e-5
main_cg,hinf11,31,22,"ITERATION_LIMIT",2.7947,2.7947,91,65.8983596576055,65.9,2.489138686660509e-5
main_cg,hinf11,31,22,"ITERATION_LIMIT",2.8399,2.8399,91,65.8983596576055,65.9,2.489138686660509e-5
main_cg,hinf11,31,22,"ITERATION_LIMIT",2.5638,2.5638,91,65.8983596576055,65.9,2.489138686660509e-5
main_cg,hinf11,31,22,"ITERATION_LIMIT",2.3437,2.3437,91,65.8983596576055,65.9,2.489138686660509e-5
main_cg,hinf11,31,22,"ITERATION_LIMIT",2.3169,2.3169,91,65.8983596576055,65.9,2.489138686660509e-5
main_cg,hinf11,31,22,"ITERATION_LIMIT",2.7957,2.7957,91,65.8983596576055,65.9,2.489138686660509e-5
main_cg,hinf11,31,22,"ITERATION_LIMIT",2.8166,2.8166,91,65.8983596576055,65.9,2.489138686660509e-5
main_cg,hinf11,31,22,"ITERATION_LIMIT",2.8212,2.8211,91,65.8983596576055,65.9,2.489138686660509e-5
main_cg,hinf11,31,22,"ITERATION_LIMIT",2.8367,2.8367,91,65.8983596576055,65.9,2.489138686660509e-5
main_cg,hinf12,43,24,"ITERATION_LIMIT",0.21416,0.21415,101,0.2045733787741423,0.2,0.004573378774142295
main_cg,hinf12,43,24,"ITERATION_LIMIT",0.24931,0.2493,101,0.2045733787741423,0.2,0.004573378774142295
main_cg,hinf12,43,24,"ITERATION_LIMIT",0.30137,0.30137,101,0.2045733787741423,0.2,0.004573378774142295
main_cg,hinf12,43,24,"ITERATION_LIMIT",0.32934,0.32932,101,0.2045733787741423,0.2,0.004573378774142295
main_cg,hinf12,43,24,"ITERATION_LIMIT",0.31967,0.31966,101,0.2045733787741423,0.2,0.004573378774142295
main_cg,hinf12,43,24,"ITERATION_LIMIT",0.30841,0.3084,101,0.2045733787741423,0.2,0.004573378774142295
main_cg,hinf12,43,24,"ITERATION_LIMIT",0.29783,0.29782,101,0.2045733787741423,0.2,0.004573378774142295
main_cg,hinf12,43,24,"ITERATION_LIMIT",0.28624,0.28624,101,0.2045733787741423,0.2,0.004573378774142295
main_cg,hinf12,43,24,"ITERATION_LIMIT",0.22969,0.22968,101,0.2045733787741423,0.2,0.004573378774142295
main_cg,hinf12,43,24,"ITERATION_LIMIT",0.2197,0.21969,101,0.2045733787741423,0.2,0.004573378774142295
main_cg,hinf12,43,24,"ITERATION_LIMIT",0.2755,0.27549,101,0.2045733787741423,0.2,0.004573378774142295
main_cg,hinf12,43,24,"ITERATION_LIMIT",0.29688,0.29687,101,0.2045733787741423,0.2,0.004573378774142295
main_cg,hinf12,43,24,"ITERATION_LIMIT",0.31532,0.31532,101,0.2045733787741423,0.2,0.004573378774142295
main_cg,hinf12,43,24,"ITERATION_LIMIT",0.21979,0.21978,101,0.2045733787741423,0.2,0.004573378774142295
main_cg,hinf12,43,24,"ITERATION_LIMIT",0.27349,0.27349,101,0.2045733787741423,0.2,0.004573378774142295
main_cg,hinf12,43,24,"ITERATION_LIMIT",0.40478,0.40477,101,0.2045733787741423,0.2,0.004573378774142295
main_cg,hinf12,43,24,"ITERATION_LIMIT",0.30031,0.30029,101,0.2045733787741423,0.2,0.004573378774142295
main_cg,hinf12,43,24,"ITERATION_LIMIT",0.31243,0.31242,101,0.2045733787741423,0.2,0.004573378774142295
main_cg,hinf12,43,24,"ITERATION_LIMIT",0.319,0.31899,101,0.2045733787741423,0.2,0.004573378774142295
main_cg,hinf12,43,24,"ITERATION_LIMIT",0.2882,0.28819,101,0.2045733787741423,0.2,0.004573378774142295
main_cg,hinf12,43,24,"ITERATION_LIMIT",0.30594,0.30593,101,0.2045733787741423,0.2,0.004573378774142295
main_cg,hinf12,43,24,"ITERATION_LIMIT",0.21376,0.21376,101,0.2045733787741423,0.2,0.004573378774142295
main_cg,hinf12,43,24,"ITERATION_LIMIT",0.21836,0.21835,101,0.2045733787741423,0.2,0.004573378774142295
main_cg,hinf12,43,24,"ITERATION_LIMIT",0.46278,0.46277,101,0.2045733787741423,0.2,0.004573378774142295
main_cg,hinf12,43,24,"ITERATION_LIMIT",0.44328,0.44327,101,0.2045733787741423,0.2,0.004573378774142295
main_cg,hinf12,43,24,"ITERATION_LIMIT",0.43106,0.43104,101,0.2045733787741423,0.2,0.004573378774142295
main_cg,hinf12,43,24,"ITERATION_LIMIT",0.42954,0.42952,101,0.2045733787741423,0.2,0.004573378774142295
main_cg,hinf12,43,24,"ITERATION_LIMIT",0.43913,0.43912,101,0.2045733787741423,0.2,0.004573378774142295
main_cg,hinf12,43,24,"ITERATION_LIMIT",0.42288,0.42287,101,0.2045733787741423,0.2,0.004573378774142295
main_cg,hinf12,43,24,"ITERATION_LIMIT",0.42608,0.42606,101,0.2045733787741423,0.2,0.004573378774142295
main_cg,hinf12,43,24,"ITERATION_LIMIT",0.4422,0.44219,101,0.2045733787741423,0.2,0.004573378774142295
main_cg,hinf12,43,24,"ITERATION_LIMIT",0.42178,0.42177,101,0.2045733787741423,0.2,0.004573378774142295
main_cg,qap5,136,26,"OPTIMAL",0.068389,0.06838,10,-435.99999852380097,-436.0,3.3857775950876977e-9
main_cg,qap5,136,26,"OPTIMAL",0.077837,0.077822,10,-435.99999852380097,-436.0,3.3857775950876977e-9
main_cg,qap5,136,26,"OPTIMAL",0.081315,0.081306,10,-435.99999852380097,-436.0,3.3857775950876977e-9
main_cg,qap5,136,26,"OPTIMAL",0.070678,0.07067,10,-435.99999852380097,-436.0,3.3857775950876977e-9
main_cg,qap5,136,26,"OPTIMAL",0.074658,0.074647,10,-435.99999852380097,-436.0,3.3857775950876977e-9
main_cg,qap5,136,26,"OPTIMAL",0.083885,0.083877,10,-435.99999852380097,-436.0,3.3857775950876977e-9
main_cg,qap5,136,26,"OPTIMAL",0.082946,0.082933,10,-435.99999852380097,-436.0,3.3857775950876977e-9
main_cg,qap5,136,26,"OPTIMAL",0.071852,0.071842,10,-435.99999852380097,-436.0,3.3857775950876977e-9
main_cg,qap5,136,26,"OPTIMAL",0.084519,0.084501,10,-435.99999852380097,-436.0,3.3857775950876977e-9
main_cg,qap5,136,26,"OPTIMAL",0.089838,0.089824,10,-435.99999852380097,-436.0,3.3857775950876977e-9
main_cg,qap5,136,26,"OPTIMAL",0.073669,0.073652,10,-435.99999852380097,-436.0,3.3857775950876977e-9
main_cg,qap5,136,26,"OPTIMAL",0.08276,0.082746,10,-435.99999852380097,-436.0,3.3857775950876977e-9
main_cg,qap5,136,26,"OPTIMAL",0.083615,0.083604,10,-435.99999852380097,-436.0,3.3857775950876977e-9
main_cg,qap5,136,26,"OPTIMAL",0.079015,0.079007,10,-435.99999852380097,-436.0,3.3857775950876977e-9
main_cg,qap5,136,26,"OPTIMAL",0.096793,0.096781,10,-435.99999852380097,-436.0,3.3857775950876977e-9
main_cg,qap5,136,26,"OPTIMAL",0.069221,0.069208,10,-435.99999852380097,-436.0,3.3857775950876977e-9
main_cg,qap5,136,26,"OPTIMAL",0.087515,0.087505,10,-435.99999852380097,-436.0,3.3857775950876977e-9
main_cg,qap5,136,26,"OPTIMAL",0.073331,0.07332,10,-435.99999852380097,-436.0,3.3857775950876977e-9
main_cg,qap5,136,26,"OPTIMAL",0.082974,0.08296,10,-435.99999852380097,-436.0,3.3857775950876977e-9
main_cg,qap5,136,26,"OPTIMAL",0.08421,0.084203,10,-435.99999852380097,-436.0,3.3857775950876977e-9
main_cg,qap5,136,26,"OPTIMAL",0.080447,0.080439,10,-435.99999852380097,-436.0,3.3857775950876977e-9
main_cg,qap5,136,26,"OPTIMAL",0.081283,0.081272,10,-435.99999852380097,-436.0,3.3857775950876977e-9
main_cg,qap5,136,26,"OPTIMAL",0.10022,0.10021,10,-435.99999852380097,-436.0,3.3857775950876977e-9
main_cg,qap5,136,26,"OPTIMAL",0.074372,0.074359,10,-435.99999852380097,-436.0,3.3857775950876977e-9
main_cg,qap5,136,26,"OPTIMAL",0.082499,0.082482,10,-435.99999852380097,-436.0,3.3857775950876977e-9
main_cg,qap5,136,26,"OPTIMAL",0.079512,0.079499,10,-435.99999852380097,-436.0,3.3857775950876977e-9
main_cg,qap5,136,26,"OPTIMAL",0.081549,0.081536,10,-435.99999852380097,-436.0,3.3857775950876977e-9
main_cg,qap5,136,26,"OPTIMAL",0.083761,0.083752,10,-435.99999852380097,-436.0,3.3857775950876977e-9
main_cg,qap5,136,26,"OPTIMAL",0.081667,0.081654,10,-435.99999852380097,-436.0,3.3857775950876977e-9
main_cg,qap5,136,26,"OPTIMAL",0.081068,0.08106,10,-435.99999852380097,-436.0,3.3857775950876977e-9
main_cg,qap5,136,26,"OPTIMAL",0.088381,0.088366,10,-435.99999852380097,-436.0,3.3857775950876977e-9
main_cg,qap5,136,26,"OPTIMAL",0.073111,0.073102,10,-435.99999852380097,-436.0,3.3857775950876977e-9
main_cg,control2,66,30,"OPTIMAL",0.76434,0.76432,25,8.300000708280322,8.3,8.533497849447736e-8
main_cg,control2,66,30,"OPTIMAL",0.87274,0.87272,25,8.300000708280322,8.3,8.533497849447736e-8
main_cg,control2,66,30,"OPTIMAL",0.70168,0.70166,25,8.300000708280322,8.3,8.533497849447736e-8
main_cg,control2,66,30,"OPTIMAL",0.83934,0.83932,25,8.300000708280322,8.3,8.533497849447736e-8
main_cg,control2,66,30,"OPTIMAL",0.856,0.85598,25,8.300000708280322,8.3,8.533497849447736e-8
main_cg,control2,66,30,"OPTIMAL",0.7239,0.72388,25,8.300000708280322,8.3,8.533497849447736e-8
main_cg,control2,66,30,"OPTIMAL",0.8908,0.89079,25,8.300000708280322,8.3,8.533497849447736e-8
main_cg,control2,66,30,"OPTIMAL",0.84147,0.84145,25,8.300000708280322,8.3,8.533497849447736e-8
main_cg,control2,66,30,"OPTIMAL",0.84281,0.8428,25,8.300000708280322,8.3,8.533497849447736e-8
main_cg,control2,66,30,"OPTIMAL",0.8571,0.85709,25,8.300000708280322,8.3,8.533497849447736e-8
main_cg,control2,66,30,"OPTIMAL",0.82835,0.82834,25,8.300000708280322,8.3,8.533497849447736e-8
main_cg,control2,66,30,"OPTIMAL",0.82109,0.82107,25,8.300000708280322,8.3,8.533497849447736e-8
main_cg,control2,66,30,"OPTIMAL",0.83965,0.83963,25,8.300000708280322,8.3,8.533497849447736e-8
main_cg,control2,66,30,"OPTIMAL",0.84384,0.84382,25,8.300000708280322,8.3,8.533497849447736e-8
main_cg,control2,66,30,"OPTIMAL",0.84373,0.84371,25,8.300000708280322,8.3,8.533497849447736e-8
main_cg,control2,66,30,"OPTIMAL",0.84106,0.84105,25,8.300000708280322,8.3,8.533497849447736e-8
main_cg,control2,66,30,"OPTIMAL",0.85471,0.85469,25,8.300000708280322,8.3,8.533497849447736e-8
main_cg,control2,66,30,"OPTIMAL",0.82673,0.82671,25,8.300000708280322,8.3,8.533497849447736e-8
main_cg,control2,66,30,"OPTIMAL",0.8419,0.84186,25,8.300000708280322,8.3,8.533497849447736e-8
main_cg,control2,66,30,"OPTIMAL",0.82395,0.82393,25,8.300000708280322,8.3,8.533497849447736e-8
main_cg,control2,66,30,"OPTIMAL",0.84081,0.8408,25,8.300000708280322,8.3,8.533497849447736e-8
main_cg,control2,66,30,"OPTIMAL",0.55182,0.55181,25,8.300000708280322,8.3,8.533497849447736e-8
main_cg,control2,66,30,"OPTIMAL",0.6109,0.61089,25,8.300000708280322,8.3,8.533497849447736e-8
main_cg,control2,66,30,"OPTIMAL",0.52494,0.52492,25,8.300000708280322,8.3,8.533497849447736e-8
main_cg,control2,66,30,"OPTIMAL",0.48561,0.48559,25,8.300000708280322,8.3,8.533497849447736e-8
main_cg,control2,66,30,"OPTIMAL",0.60014,0.60012,25,8.300000708280322,8.3,8.533497849447736e-8
main_cg,control2,66,30,"OPTIMAL",0.88963,0.88961,25,8.300000708280322,8.3,8.533497849447736e-8
main_cg,control2,66,30,"OPTIMAL",0.8768,0.87678,25,8.300000708280322,8.3,8.533497849447736e-8
main_cg,control2,66,30,"OPTIMAL",0.86758,0.86756,25,8.300000708280322,8.3,8.533497849447736e-8
main_cg,control2,66,30,"OPTIMAL",0.85471,0.85469,25,8.300000708280322,8.3,8.533497849447736e-8
main_cg,control2,66,30,"OPTIMAL",0.86219,0.86218,25,8.300000708280322,8.3,8.533497849447736e-8
main_cg,control2,66,30,"OPTIMAL",0.85044,0.85043,25,8.300000708280322,8.3,8.533497849447736e-8
main_cg,hinf13,57,30,"ITERATION_LIMIT",19.326,19.326,101,44.51214735094178,46.0,0.032344622805613454
main_cg,hinf13,57,30,"ITERATION_LIMIT",19.169,19.169,101,44.51214735094178,46.0,0.032344622805613454
main_cg,hinf13,57,30,"ITERATION_LIMIT",19.347,19.347,101,44.51214735094178,46.0,0.032344622805613454
main_cg,hinf13,57,30,"ITERATION_LIMIT",19.221,19.221,101,44.51214735094178,46.0,0.032344622805613454
main_cg,hinf13,57,30,"ITERATION_LIMIT",19.214,19.214,101,44.51214735094178,46.0,0.032344622805613454
main_cg,hinf13,57,30,"ITERATION_LIMIT",19.129,19.129,101,44.51214735094178,46.0,0.032344622805613454
main_cg,hinf13,57,30,"ITERATION_LIMIT",19.099,19.099,101,44.51214735094178,46.0,0.032344622805613454
main_cg,hinf13,57,30,"ITERATION_LIMIT",19.001,19.001,101,44.51214735094178,46.0,0.032344622805613454
main_cg,hinf13,57,30,"ITERATION_LIMIT",18.598,18.598,101,44.51214735094178,46.0,0.032344622805613454
main_cg,hinf13,57,30,"ITERATION_LIMIT",12.743,12.743,101,44.51214735094178,46.0,0.032344622805613454
main_cg,hinf13,57,30,"ITERATION_LIMIT",13.546,13.546,101,44.51214735094178,46.0,0.032344622805613454
main_cg,hinf13,57,30,"ITERATION_LIMIT",17.076,17.076,101,44.51214735094178,46.0,0.032344622805613454
main_cg,hinf13,57,30,"ITERATION_LIMIT",14.359,14.359,101,44.51214735094178,46.0,0.032344622805613454
main_cg,hinf13,57,30,"ITERATION_LIMIT",18.548,18.548,101,44.51214735094178,46.0,0.032344622805613454
main_cg,hinf13,57,30,"ITERATION_LIMIT",18.677,18.677,101,44.51214735094178,46.0,0.032344622805613454
main_cg,hinf13,57,30,"ITERATION_LIMIT",19.217,19.217,101,44.51214735094178,46.0,0.032344622805613454
main_cg,hinf13,57,30,"ITERATION_LIMIT",18.171,18.171,101,44.51214735094178,46.0,0.032344622805613454
main_cg,hinf13,57,30,"ITERATION_LIMIT",17.067,17.067,101,44.51214735094178,46.0,0.032344622805613454
main_cg,hinf13,57,30,"ITERATION_LIMIT",18.463,18.463,101,44.51214735094178,46.0,0.032344622805613454
main_cg,hinf13,57,30,"ITERATION_LIMIT",17.562,17.562,101,44.51214735094178,46.0,0.032344622805613454
main_cg,hinf13,57,30,"ITERATION_LIMIT",17.955,17.955,101,44.51214735094178,46.0,0.032344622805613454
main_cg,hinf13,57,30,"ITERATION_LIMIT",18.791,18.791,101,44.51214735094178,46.0,0.032344622805613454
main_cg,infd1,10,30,"ERROR: On worker 6:
PosDefException: matrix is not positive definit",NaN,NaN,-1,NaN,NaN,NaN
main_cg,infd2,10,30,"ERROR: On worker 6:
PosDefException: matrix is not positive definit",NaN,NaN,-1,NaN,NaN,NaN
main_cg,infp1,10,30,"INFEASIBLE",0.10259,0.10258,27,6.061908879802071,NaN,NaN
main_cg,infp1,10,30,"INFEASIBLE",0.10639,0.10638,27,6.061908879802071,NaN,NaN
main_cg,infp1,10,30,"INFEASIBLE",0.093432,0.093421,27,6.061908879802071,NaN,NaN
main_cg,infp1,10,30,"INFEASIBLE",0.067038,0.067027,27,6.061908879802071,NaN,NaN
main_cg,infp1,10,30,"INFEASIBLE",0.062192,0.062181,27,6.061908879802071,NaN,NaN
main_cg,infp1,10,30,"INFEASIBLE",0.066677,0.066659,27,6.061908879802071,NaN,NaN
main_cg,infp1,10,30,"INFEASIBLE",0.06468,0.064667,27,6.061908879802071,NaN,NaN
main_cg,infp1,10,30,"INFEASIBLE",0.063974,0.063964,27,6.061908879802071,NaN,NaN
main_cg,infp1,10,30,"INFEASIBLE",0.064351,0.064342,27,6.061908879802071,NaN,NaN
main_cg,infp1,10,30,"INFEASIBLE",0.063316,0.063305,27,6.061908879802071,NaN,NaN
main_cg,infp1,10,30,"INFEASIBLE",0.062478,0.062465,27,6.061908879802071,NaN,NaN
main_cg,infp1,10,30,"INFEASIBLE",0.064148,0.064139,27,6.061908879802071,NaN,NaN
main_cg,infp1,10,30,"INFEASIBLE",0.066032,0.066023,27,6.061908879802071,NaN,NaN
main_cg,infp1,10,30,"INFEASIBLE",0.11306,0.11304,27,6.061908879802071,NaN,NaN
main_cg,infp1,10,30,"INFEASIBLE",0.39504,0.39503,27,6.061908879802071,NaN,NaN
main_cg,infp1,10,30,"INFEASIBLE",0.09065,0.090637,27,6.061908879802071,NaN,NaN
main_cg,infp1,10,30,"INFEASIBLE",0.092767,0.092749,27,6.061908879802071,NaN,NaN
main_cg,infp1,10,30,"INFEASIBLE",0.1,0.099991,27,6.061908879802071,NaN,NaN
main_cg,infp1,10,30,"INFEASIBLE",0.10321,0.10319,27,6.061908879802071,NaN,NaN
main_cg,infp1,10,30,"INFEASIBLE",0.10114,0.10113,27,6.061908879802071,NaN,NaN
main_cg,infp1,10,30,"INFEASIBLE",0.094683,0.094672,27,6.061908879802071,NaN,NaN
main_cg,infp1,10,30,"INFEASIBLE",0.088516,0.088504,27,6.061908879802071,NaN,NaN
main_cg,infp1,10,30,"INFEASIBLE",0.099787,0.09977,27,6.061908879802071,NaN,NaN
main_cg,infp1,10,30,"INFEASIBLE",0.096844,0.096833,27,6.061908879802071,NaN,NaN
main_cg,infp1,10,30,"INFEASIBLE",0.083878,0.083866,27,6.061908879802071,NaN,NaN
main_cg,infp1,10,30,"INFEASIBLE",0.063215,0.063198,27,6.061908879802071,NaN,NaN
main_cg,infp1,10,30,"INFEASIBLE",0.062277,0.062266,27,6.061908879802071,NaN,NaN
main_cg,infp1,10,30,"INFEASIBLE",0.061728,0.061719,27,6.061908879802071,NaN,NaN
main_cg,infp1,10,30,"INFEASIBLE",0.067038,0.067027,27,6.061908879802071,NaN,NaN
main_cg,infp1,10,30,"INFEASIBLE",0.070997,0.070981,27,6.061908879802071,NaN,NaN
main_cg,infp1,10,30,"INFEASIBLE",0.067138,0.067122,27,6.061908879802071,NaN,NaN
main_cg,infp1,10,30,"INFEASIBLE",0.064413,0.064397,27,6.061908879802071,NaN,NaN
main_cg,infp2,10,30,"INFEASIBLE",0.072243,0.072233,26,7.15278693080979,NaN,NaN
main_cg,infp2,10,30,"INFEASIBLE",0.067332,0.067323,26,7.15278693080979,NaN,NaN
main_cg,infp2,10,30,"INFEASIBLE",0.065443,0.065435,26,7.15278693080979,NaN,NaN
main_cg,infp2,10,30,"INFEASIBLE",0.069607,0.069597,26,7.15278693080979,NaN,NaN
main_cg,infp2,10,30,"INFEASIBLE",0.066857,0.066841,26,7.15278693080979,NaN,NaN
main_cg,infp2,10,30,"INFEASIBLE",0.068758,0.068749,26,7.15278693080979,NaN,NaN
main_cg,infp2,10,30,"INFEASIBLE",0.066846,0.066838,26,7.15278693080979,NaN,NaN
main_cg,infp2,10,30,"INFEASIBLE",0.065801,0.065791,26,7.15278693080979,NaN,NaN
main_cg,infp2,10,30,"INFEASIBLE",0.063563,0.063554,26,7.15278693080979,NaN,NaN
main_cg,infp2,10,30,"INFEASIBLE",0.066885,0.066875,26,7.15278693080979,NaN,NaN
main_cg,infp2,10,30,"INFEASIBLE",0.067069,0.067059,26,7.15278693080979,NaN,NaN
main_cg,infp2,10,30,"INFEASIBLE",0.066892,0.06688,26,7.15278693080979,NaN,NaN
main_cg,infp2,10,30,"INFEASIBLE",0.067314,0.067304,26,7.15278693080979,NaN,NaN
main_cg,infp2,10,30,"INFEASIBLE",0.067268,0.06726,26,7.15278693080979,NaN,NaN
main_cg,infp2,10,30,"INFEASIBLE",0.067249,0.067239,26,7.15278693080979,NaN,NaN
main_cg,infp2,10,30,"INFEASIBLE",0.066489,0.066479,26,7.15278693080979,NaN,NaN
main_cg,infp2,10,30,"INFEASIBLE",0.067469,0.067457,26,7.15278693080979,NaN,NaN
main_cg,infp2,10,30,"INFEASIBLE",0.06755,0.067535,26,7.15278693080979,NaN,NaN
main_cg,infp2,10,30,"INFEASIBLE",0.059628,0.059616,26,7.15278693080979,NaN,NaN
main_cg,infp2,10,30,"INFEASIBLE",0.059898,0.059882,26,7.15278693080979,NaN,NaN
main_cg,infp2,10,30,"INFEASIBLE",0.094392,0.094377,26,7.15278693080979,NaN,NaN
main_cg,infp2,10,30,"INFEASIBLE",0.1045,0.10448,26,7.15278693080979,NaN,NaN
main_cg,infp2,10,30,"INFEASIBLE",0.094915,0.094906,26,7.15278693080979,NaN,NaN
main_cg,infp2,10,30,"INFEASIBLE",0.094889,0.094878,26,7.15278693080979,NaN,NaN
main_cg,infp2,10,30,"INFEASIBLE",0.10247,0.10245,26,7.15278693080979,NaN,NaN
main_cg,infp2,10,30,"INFEASIBLE",0.095348,0.095338,26,7.15278693080979,NaN,NaN
main_cg,infp2,10,30,"INFEASIBLE",0.10244,0.10243,26,7.15278693080979,NaN,NaN
main_cg,infp2,10,30,"INFEASIBLE",0.09905,0.099034,26,7.15278693080979,NaN,NaN
main_cg,infp2,10,30,"INFEASIBLE",0.093512,0.093499,26,7.15278693080979,NaN,NaN
main_cg,infp2,10,30,"INFEASIBLE",0.080736,0.080724,26,7.15278693080979,NaN,NaN
main_cg,infp2,10,30,"INFEASIBLE",0.066018,0.066,26,7.15278693080979,NaN,NaN
main_cg,infp2,10,30,"INFEASIBLE",0.063876,0.063853,26,7.15278693080979,NaN,NaN
main_cg,truss3,27,31,"ERROR: On worker 6:
ArgumentError: reducing over an empty collectio",NaN,NaN,-1,NaN,-9.109996,NaN
main_cg,hinf14,73,34,"ITERATION_LIMIT",36.574,36.574,101,12.991352536161315,13.0,0.0006651895260526649
main_cg,hinf14,73,34,"ITERATION_LIMIT",38.38,38.38,101,12.991352536161315,13.0,0.0006651895260526649
main_cg,hinf14,73,34,"ITERATION_LIMIT",31.488,31.488,101,12.991352536161315,13.0,0.0006651895260526649
main_cg,hinf14,73,34,"ITERATION_LIMIT",37.979,37.979,101,12.991352536161315,13.0,0.0006651895260526649
main_cg,hinf14,73,34,"ITERATION_LIMIT",37.716,37.716,101,12.991352536161315,13.0,0.0006651895260526649
main_cg,hinf14,73,34,"ITERATION_LIMIT",38.205,38.205,101,12.991352536161315,13.0,0.0006651895260526649
main_cg,hinf14,73,34,"ITERATION_LIMIT",37.449,37.449,101,12.991352536161315,13.0,0.0006651895260526649
main_cg,hinf14,73,34,"ITERATION_LIMIT",38.267,38.266,101,12.991352536161315,13.0,0.0006651895260526649
main_cg,hinf14,73,34,"ITERATION_LIMIT",37.037,37.037,101,12.991352536161315,13.0,0.0006651895260526649
main_cg,hinf14,73,34,"ITERATION_LIMIT",40.588,40.588,101,12.991352536161315,13.0,0.0006651895260526649
main_cg,hinf15,91,37,"ITERATION_LIMIT",46.212,46.211,101,24.575277297745483,25.0,0.016988908090180672
main_cg,hinf15,91,37,"ITERATION_LIMIT",46.018,46.018,101,24.575277297745483,25.0,0.016988908090180672
main_cg,hinf15,91,37,"ITERATION_LIMIT",46.613,46.613,101,24.575277297745483,25.0,0.016988908090180672
main_cg,hinf15,91,37,"ITERATION_LIMIT",47.024,47.024,101,24.575277297745483,25.0,0.016988908090180672
main_cg,hinf15,91,37,"ITERATION_LIMIT",46.071,46.071,101,24.575277297745483,25.0,0.016988908090180672
main_cg,hinf15,91,37,"ITERATION_LIMIT",46.538,46.538,101,24.575277297745483,25.0,0.016988908090180672
main_cg,hinf15,91,37,"ITERATION_LIMIT",45.823,45.823,101,24.575277297745483,25.0,0.016988908090180672
main_cg,hinf15,91,37,"ITERATION_LIMIT",44.986,44.986,101,24.575277297745483,25.0,0.016988908090180672
main_cg,qap6,229,37,"ITERATION_LIMIT",100.05,100.05,101,-381.3872935704767,-381.44,0.0001381775102855278
main_cg,qap6,229,37,"ITERATION_LIMIT",100.69,100.69,101,-381.3872935704767,-381.44,0.0001381775102855278
main_cg,qap6,229,37,"ITERATION_LIMIT",100.33,100.33,101,-381.3872935704767,-381.44,0.0001381775102855278
main_cg,control3,136,45,"ITERATION_LIMIT",128.03,128.03,101,13.633267101368705,13.63327,2.1261453005049456e-7
main_cg,control3,136,45,"ITERATION_LIMIT",127.18,127.18,101,13.633267101368705,13.63327,2.1261453005049456e-7
main_cg,qap7,358,50,"ITERATION_LIMIT",117.34,117.34,67,-424.78080003577634,-425.0,0.000515764621702735
main_cg,qap7,358,50,"ITERATION_LIMIT",117.98,117.98,67,-424.78080003577634,-425.0,0.000515764621702735
main_cg,theta1,104,50,"OPTIMAL",0.09622,0.096206,11,23.000001381814062,23.0,6.00788722732412e-8
main_cg,theta1,104,50,"OPTIMAL",0.09485,0.094832,11,23.000001383013156,23.0,6.013100680181947e-8
main_cg,theta1,104,50,"OPTIMAL",0.079056,0.079046,11,23.000001383013156,23.0,6.013100680181947e-8
main_cg,theta1,104,50,"OPTIMAL",0.081147,0.081126,11,23.000001383013156,23.0,6.013100680181947e-8
main_cg,theta1,104,50,"OPTIMAL",0.081443,0.081431,11,23.000001383013156,23.0,6.013100680181947e-8
main_cg,theta1,104,50,"OPTIMAL",0.0827,0.082692,11,23.000001383013156,23.0,6.013100680181947e-8
main_cg,theta1,104,50,"OPTIMAL",0.088518,0.088505,11,23.000001383013156,23.0,6.013100680181947e-8
main_cg,theta1,104,50,"OPTIMAL",0.079713,0.079698,11,23.000001383013156,23.0,6.013100680181947e-8
main_cg,theta1,104,50,"OPTIMAL",0.078777,0.078764,11,23.000001383013156,23.0,6.013100680181947e-8
main_cg,theta1,104,50,"OPTIMAL",0.081446,0.081438,11,23.000001383013156,23.0,6.013100680181947e-8
main_cg,theta1,104,50,"OPTIMAL",0.078156,0.078146,11,23.000001383013156,23.0,6.013100680181947e-8
main_cg,theta1,104,50,"OPTIMAL",0.081457,0.081444,11,23.000001383013156,23.0,6.013100680181947e-8
main_cg,theta1,104,50,"OPTIMAL",0.081932,0.081923,11,23.000001383013156,23.0,6.013100680181947e-8
main_cg,theta1,104,50,"OPTIMAL",0.095402,0.095394,11,23.000001383013156,23.0,6.013100680181947e-8
main_cg,theta1,104,50,"OPTIMAL",0.078027,0.078017,11,23.000001383013156,23.0,6.013100680181947e-8
main_cg,theta1,104,50,"OPTIMAL",0.080055,0.080045,11,23.000001383013156,23.0,6.013100680181947e-8
main_cg,theta1,104,50,"OPTIMAL",0.078324,0.078312,11,23.000001383013156,23.0,6.013100680181947e-8
main_cg,theta1,104,50,"OPTIMAL",0.080846,0.080838,11,23.000001383013156,23.0,6.013100680181947e-8
main_cg,theta1,104,50,"OPTIMAL",0.091335,0.09132,11,23.000001383013156,23.0,6.013100680181947e-8
main_cg,theta1,104,50,"OPTIMAL",0.083015,0.083002,11,23.000001383013156,23.0,6.013100680181947e-8
main_cg,theta1,104,50,"OPTIMAL",0.079889,0.07988,11,23.000001383013156,23.0,6.013100680181947e-8
main_cg,theta1,104,50,"OPTIMAL",0.085021,0.085006,11,23.000001383013156,23.0,6.013100680181947e-8
main_cg,theta1,104,50,"OPTIMAL",0.083077,0.083059,11,23.000001383013156,23.0,6.013100680181947e-8
main_cg,theta1,104,50,"OPTIMAL",0.091211,0.091202,11,23.000001383013156,23.0,6.013100680181947e-8
main_cg,theta1,104,50,"OPTIMAL",0.080026,0.080012,11,23.000001383013156,23.0,6.013100680181947e-8
main_cg,theta1,104,50,"OPTIMAL",0.079064,0.079055,11,23.000001383013156,23.0,6.013100680181947e-8
main_cg,theta1,104,50,"OPTIMAL",0.08,0.079982,11,23.000001383013156,23.0,6.013100680181947e-8
main_cg,theta1,104,50,"OPTIMAL",0.076881,0.076872,11,23.000001383013156,23.0,6.013100680181947e-8
main_cg,theta1,104,50,"OPTIMAL",0.08242,0.082405,11,23.000001383013156,23.0,6.013100680181947e-8
main_cg,theta1,104,50,"OPTIMAL",0.082508,0.082496,11,23.000001383013156,23.0,6.013100680181947e-8
main_cg,theta1,104,50,"OPTIMAL",0.079181,0.079173,11,23.000001383013156,23.0,6.013100680181947e-8
main_cg,theta1,104,50,"OPTIMAL",0.078879,0.07887,11,23.000001383013156,23.0,6.013100680181947e-8
main_cg,control4,231,60,"TIMEOUT",500.0,NaN,-1,NaN,19.79423,NaN
main_cg,qap8,529,65,"TIMEOUT",500.0,NaN,-1,NaN,-757.0,NaN
main_cg,control5,351,75,"TIMEOUT",500.0,NaN,-1,NaN,16.8836,NaN
main_cg,qap9,748,82,"TIMEOUT",500.0,NaN,-1,NaN,-1410.0,NaN
main_cg,control6,496,90,"TIMEOUT",500.0,NaN,-1,NaN,37.3044,NaN
main_cg,gpp100,101,100,"OPTIMAL",0.77882,0.77881,11,-44.94354394057202,-44.9435,9.77684693449832e-7
main_cg,gpp100,101,100,"OPTIMAL",0.74809,0.74808,11,-44.94354394057202,-44.9435,9.77684693449832e-7
main_cg,gpp100,101,100,"OPTIMAL",0.64385,0.64384,11,-44.94354394057202,-44.9435,9.77684693449832e-7
main_cg,gpp100,101,100,"OPTIMAL",0.75107,0.75106,11,-44.94354394057202,-44.9435,9.77684693449832e-7
main_cg,gpp100,101,100,"OPTIMAL",0.74503,0.74502,11,-44.94354394057202,-44.9435,9.77684693449832e-7
main_cg,gpp100,101,100,"OPTIMAL",0.74523,0.74521,11,-44.94354394057202,-44.9435,9.77684693449832e-7
main_cg,gpp100,101,100,"OPTIMAL",0.74694,0.74692,11,-44.94354394057202,-44.9435,9.77684693449832e-7
main_cg,gpp100,101,100,"OPTIMAL",0.43571,0.4357,11,-44.94354394057202,-44.9435,9.77684693449832e-7
main_cg,gpp100,101,100,"OPTIMAL",0.56442,0.56441,11,-44.94354394057202,-44.9435,9.77684693449832e-7
main_cg,gpp100,101,100,"OPTIMAL",0.74838,0.74837,11,-44.94354394057202,-44.9435,9.77684693449832e-7
main_cg,gpp100,101,100,"OPTIMAL",1.078,1.078,11,-44.94354394057202,-44.9435,9.77684693449832e-7
main_cg,gpp100,101,100,"OPTIMAL",0.83438,0.83437,11,-44.94354394057202,-44.9435,9.77684693449832e-7
main_cg,gpp100,101,100,"OPTIMAL",0.47454,0.47452,11,-44.94354394057202,-44.9435,9.77684693449832e-7
main_cg,gpp100,101,100,"OPTIMAL",0.44568,0.44566,11,-44.94354394057202,-44.9435,9.77684693449832e-7
main_cg,gpp100,101,100,"OPTIMAL",0.51181,0.5118,11,-44.94354394057202,-44.9435,9.77684693449832e-7
main_cg,gpp100,101,100,"OPTIMAL",0.54534,0.54532,11,-44.94354394057202,-44.9435,9.77684693449832e-7
main_cg,gpp100,101,100,"OPTIMAL",0.59697,0.59696,11,-44.94354394057202,-44.9435,9.77684693449832e-7
main_cg,gpp100,101,100,"OPTIMAL",0.5715,0.57149,11,-44.94354394057202,-44.9435,9.77684693449832e-7
main_cg,gpp100,101,100,"OPTIMAL",0.79134,0.79132,11,-44.94354394057202,-44.9435,9.77684693449832e-7
main_cg,gpp100,101,100,"OPTIMAL",0.55428,0.55428,11,-44.94354394057202,-44.9435,9.77684693449832e-7
main_cg,gpp100,101,100,"OPTIMAL",0.77365,0.77364,11,-44.94354394057202,-44.9435,9.77684693449832e-7
main_cg,gpp100,101,100,"OPTIMAL",0.46709,0.46707,11,-44.94354394057202,-44.9435,9.77684693449832e-7
main_cg,gpp100,101,100,"OPTIMAL",0.48081,0.4808,11,-44.94354394057202,-44.9435,9.77684693449832e-7
main_cg,gpp100,101,100,"OPTIMAL",0.64171,0.64169,11,-44.94354394057202,-44.9435,9.77684693449832e-7
main_cg,gpp100,101,100,"OPTIMAL",0.77747,0.77746,11,-44.94354394057202,-44.9435,9.77684693449832e-7
main_cg,gpp100,101,100,"OPTIMAL",0.64583,0.64582,11,-44.94354394057202,-44.9435,9.77684693449832e-7
main_cg,gpp100,101,100,"OPTIMAL",0.54225,0.54224,11,-44.94354394057202,-44.9435,9.77684693449832e-7
main_cg,gpp100,101,100,"OPTIMAL",0.77558,0.77557,11,-44.94354394057202,-44.9435,9.77684693449832e-7
main_cg,gpp100,101,100,"OPTIMAL",0.47525,0.47524,11,-44.94354394057202,-44.9435,9.77684693449832e-7
main_cg,gpp100,101,100,"OPTIMAL",0.63398,0.63396,11,-44.94354394057202,-44.9435,9.77684693449832e-7
main_cg,gpp100,101,100,"OPTIMAL",0.77492,0.77489,11,-44.94354394057202,-44.9435,9.77684693449832e-7
main_cg,gpp100,101,100,"OPTIMAL",1.1417,1.1417,11,-44.94354394057202,-44.9435,9.77684693449832e-7
main_cg,mcp100,100,100,"OPTIMAL",0.37609,0.37607,11,226.15735380844936,226.1574,2.042451435937376e-7
main_cg,mcp100,100,100,"OPTIMAL",0.31776,0.31775,11,226.15735380844936,226.1574,2.042451435937376e-7
main_cg,mcp100,100,100,"OPTIMAL",0.35921,0.3592,11,226.15735380844936,226.1574,2.042451435937376e-7
main_cg,mcp100,100,100,"OPTIMAL",0.31083,0.31081,11,226.15735380844936,226.1574,2.042451435937376e-7
main_cg,mcp100,100,100,"OPTIMAL",0.3131,0.31308,11,226.15735380844936,226.1574,2.042451435937376e-7
main_cg,mcp100,100,100,"OPTIMAL",0.29844,0.29843,11,226.15735380844936,226.1574,2.042451435937376e-7
main_cg,mcp100,100,100,"OPTIMAL",0.29817,0.29816,11,226.15735380844936,226.1574,2.042451435937376e-7
main_cg,mcp100,100,100,"OPTIMAL",0.31574,0.31572,11,226.15735380844936,226.1574,2.042451435937376e-7
main_cg,mcp100,100,100,"OPTIMAL",0.29799,0.29797,11,226.15735380844936,226.1574,2.042451435937376e-7
main_cg,mcp100,100,100,"OPTIMAL",0.28756,0.28754,11,226.15735380844936,226.1574,2.042451435937376e-7
main_cg,mcp100,100,100,"OPTIMAL",0.31321,0.31319,11,226.15735380844936,226.1574,2.042451435937376e-7
main_cg,mcp100,100,100,"OPTIMAL",0.28136,0.28135,11,226.15735380844936,226.1574,2.042451435937376e-7
main_cg,mcp100,100,100,"OPTIMAL",0.29984,0.29983,11,226.15735380844936,226.1574,2.042451435937376e-7
main_cg,mcp100,100,100,"OPTIMAL",0.32188,0.32187,11,226.15735380844936,226.1574,2.042451435937376e-7
main_cg,mcp100,100,100,"OPTIMAL",0.28805,0.28803,11,226.15735380844936,226.1574,2.042451435937376e-7
main_cg,mcp100,100,100,"OPTIMAL",0.29813,0.29812,11,226.15735380844936,226.1574,2.042451435937376e-7
main_cg,mcp100,100,100,"OPTIMAL",0.30433,0.30431,11,226.15735380844936,226.1574,2.042451435937376e-7
main_cg,mcp100,100,100,"OPTIMAL",0.30603,0.30602,11,226.15735380844936,226.1574,2.042451435937376e-7
main_cg,mcp100,100,100,"OPTIMAL",0.29182,0.29181,11,226.15735380844936,226.1574,2.042451435937376e-7
main_cg,mcp100,100,100,"OPTIMAL",0.29671,0.2967,11,226.15735380844936,226.1574,2.042451435937376e-7
main_cg,mcp100,100,100,"OPTIMAL",0.30297,0.30295,11,226.15735380844936,226.1574,2.042451435937376e-7
main_cg,mcp100,100,100,"OPTIMAL",0.28404,0.28403,11,226.15735380844936,226.1574,2.042451435937376e-7
main_cg,mcp100,100,100,"OPTIMAL",0.91219,0.91218,11,226.15735380844936,226.1574,2.042451435937376e-7
main_cg,mcp100,100,100,"OPTIMAL",0.61168,0.61167,11,226.15735380844936,226.1574,2.042451435937376e-7
main_cg,mcp100,100,100,"OPTIMAL",0.61921,0.61919,11,226.15735380844936,226.1574,2.042451435937376e-7
main_cg,mcp100,100,100,"OPTIMAL",0.62018,0.62016,11,226.15735380844936,226.1574,2.042451435937376e-7
main_cg,mcp100,100,100,"OPTIMAL",0.55006,0.55005,11,226.15735380844936,226.1574,2.042451435937376e-7
main_cg,mcp100,100,100,"OPTIMAL",0.35208,0.35205,11,226.15735380844936,226.1574,2.042451435937376e-7
main_cg,mcp100,100,100,"OPTIMAL",0.32533,0.32532,11,226.15735380844936,226.1574,2.042451435937376e-7
main_cg,mcp100,100,100,"OPTIMAL",0.32923,0.32922,11,226.15735380844936,226.1574,2.042451435937376e-7
main_cg,mcp100,100,100,"OPTIMAL",0.31599,0.31597,11,226.15735380844936,226.1574,2.042451435937376e-7
main_cg,mcp100,100,100,"OPTIMAL",0.31997,0.31995,11,226.15735380844936,226.1574,2.042451435937376e-7
main_cg,theta2,498,100,"OPTIMAL",6.7072,6.7072,12,32.87917328432811,32.87917,9.98908460594422e-8
main_cg,theta2,498,100,"OPTIMAL",7.0162,7.0162,12,32.879173283908386,32.87917,9.987808038745472e-8
main_cg,theta2,498,100,"OPTIMAL",6.9985,6.9985,12,32.879173283908386,32.87917,9.987808038745472e-8
main_cg,theta2,498,100,"OPTIMAL",7.0814,7.0814,12,32.879173283908386,32.87917,9.987808038745472e-8
main_cg,theta2,498,100,"OPTIMAL",7.0428,7.0428,12,32.879173283908386,32.87917,9.987808038745472e-8
main_cg,theta2,498,100,"OPTIMAL",7.065,7.065,12,32.879173283908386,32.87917,9.987808038745472e-8
main_cg,theta2,498,100,"OPTIMAL",7.1744,7.1744,12,32.879173283908386,32.87917,9.987808038745472e-8
main_cg,theta2,498,100,"OPTIMAL",7.023,7.023,12,32.879173283908386,32.87917,9.987808038745472e-8
main_cg,theta2,498,100,"OPTIMAL",7.1501,7.1501,12,32.879173283908386,32.87917,9.987808038745472e-8
main_cg,theta2,498,100,"OPTIMAL",6.9112,6.9112,12,32.879173283908386,32.87917,9.987808038745472e-8
main_cg,theta2,498,100,"OPTIMAL",7.0873,7.0873,12,32.879173283908386,32.87917,9.987808038745472e-8
main_cg,theta2,498,100,"OPTIMAL",7.5216,7.5216,12,32.879173283908386,32.87917,9.987808038745472e-8
main_cg,theta2,498,100,"OPTIMAL",6.886,6.886,12,32.879173283908386,32.87917,9.987808038745472e-8
main_cg,theta2,498,100,"OPTIMAL",7.1343,7.1343,12,32.879173283908386,32.87917,9.987808038745472e-8
main_cg,theta2,498,100,"OPTIMAL",7.1145,7.1145,12,32.879173283908386,32.87917,9.987808038745472e-8
main_cg,theta2,498,100,"OPTIMAL",7.1616,7.1616,12,32.879173283908386,32.87917,9.987808038745472e-8
main_cg,theta2,498,100,"OPTIMAL",6.8,6.8,12,32.879173283908386,32.87917,9.987808038745472e-8
main_cg,theta2,498,100,"OPTIMAL",7.1658,7.1658,12,32.879173283908386,32.87917,9.987808038745472e-8
main_cg,theta2,498,100,"OPTIMAL",7.1715,7.1715,12,32.879173283908386,32.87917,9.987808038745472e-8
main_cg,theta2,498,100,"OPTIMAL",7.0368,7.0368,12,32.879173283908386,32.87917,9.987808038745472e-8
main_cg,theta2,498,100,"OPTIMAL",7.0554,7.0554,12,32.879173283908386,32.87917,9.987808038745472e-8
main_cg,theta2,498,100,"OPTIMAL",7.0342,7.0342,12,32.879173283908386,32.87917,9.987808038745472e-8
main_cg,theta2,498,100,"OPTIMAL",7.0674,7.0674,12,32.879173283908386,32.87917,9.987808038745472e-8
main_cg,theta2,498,100,"OPTIMAL",7.1576,7.1576,12,32.879173283908386,32.87917,9.987808038745472e-8
main_cg,theta2,498,100,"OPTIMAL",7.1046,7.1046,12,32.879173283908386,32.87917,9.987808038745472e-8
main_cg,theta2,498,100,"OPTIMAL",7.1129,7.1128,12,32.879173283908386,32.87917,9.987808038745472e-8
main_cg,theta2,498,100,"OPTIMAL",6.9254,6.9254,12,32.879173283908386,32.87917,9.987808038745472e-8
main_cg,theta2,498,100,"OPTIMAL",7.0552,7.0552,12,32.879173283908386,32.87917,9.987808038745472e-8
main_cg,theta2,498,100,"OPTIMAL",7.0241,7.0241,12,32.879173283908386,32.87917,9.987808038745472e-8
main_cg,theta2,498,100,"OPTIMAL",7.4127,7.4127,12,32.879173283908386,32.87917,9.987808038745472e-8
main_cg,theta2,498,100,"OPTIMAL",7.2588,7.2588,12,32.879173283908386,32.87917,9.987808038745472e-8
main_cg,theta2,498,100,"OPTIMAL",7.1415,7.1415,12,32.879173283908386,32.87917,9.987808038745472e-8
main_cg,qap10,1021,101,"TIMEOUT",500.0,NaN,-1,NaN,-10.93,NaN
main_cg,control7,666,105,"TIMEOUT",500.0,NaN,-1,NaN,20.6251,NaN
main_cg,control8,861,120,"TIMEOUT",500.0,NaN,-1,NaN,20.286,NaN
main_cg,gpp124-1,125,124,"OPTIMAL",1.9437,1.9436,14,-7.343072950379991,-7.3431,3.683678556572532e-6
main_cg,gpp124-1,125,124,"OPTIMAL",1.921,1.921,14,-7.343072950379991,-7.3431,3.683678556572532e-6
main_cg,gpp124-1,125,124,"OPTIMAL",1.9122,1.9122,14,-7.343072950379991,-7.3431,3.683678556572532e-6
main_cg,gpp124-1,125,124,"OPTIMAL",1.8908,1.8908,14,-7.343072950379991,-7.3431,3.683678556572532e-6
main_cg,gpp124-1,125,124,"OPTIMAL",2.2125,2.2125,14,-7.343072950379991,-7.3431,3.683678556572532e-6
main_cg,gpp124-1,125,124,"OPTIMAL",1.9313,1.9313,14,-7.343072950379991,-7.3431,3.683678556572532e-6
main_cg,gpp124-1,125,124,"OPTIMAL",1.8273,1.8273,14,-7.343072950379991,-7.3431,3.683678556572532e-6
main_cg,gpp124-1,125,124,"OPTIMAL",1.8298,1.8298,14,-7.343072950379991,-7.3431,3.683678556572532e-6
main_cg,gpp124-1,125,124,"OPTIMAL",1.8345,1.8345,14,-7.343072950379991,-7.3431,3.683678556572532e-6
main_cg,gpp124-1,125,124,"OPTIMAL",1.8478,1.8478,14,-7.343072950379991,-7.3431,3.683678556572532e-6
main_cg,gpp124-1,125,124,"OPTIMAL",1.835,1.835,14,-7.343072950379991,-7.3431,3.683678556572532e-6
main_cg,gpp124-1,125,124,"OPTIMAL",1.8367,1.8367,14,-7.343072950379991,-7.3431,3.683678556572532e-6
main_cg,gpp124-1,125,124,"OPTIMAL",1.8323,1.8323,14,-7.343072950379991,-7.3431,3.683678556572532e-6
main_cg,gpp124-1,125,124,"OPTIMAL",2.1309,2.1309,14,-7.343072950379991,-7.3431,3.683678556572532e-6
main_cg,gpp124-1,125,124,"OPTIMAL",1.8349,1.8349,14,-7.343072950379991,-7.3431,3.683678556572532e-6
main_cg,gpp124-1,125,124,"OPTIMAL",1.8295,1.8295,14,-7.343072950379991,-7.3431,3.683678556572532e-6
main_cg,gpp124-1,125,124,"OPTIMAL",1.8448,1.8447,14,-7.343072950379991,-7.3431,3.683678556572532e-6
main_cg,gpp124-1,125,124,"OPTIMAL",1.8479,1.8479,14,-7.343072950379991,-7.3431,3.683678556572532e-6
main_cg,gpp124-1,125,124,"OPTIMAL",1.8289,1.8289,14,-7.343072950379991,-7.3431,3.683678556572532e-6
main_cg,gpp124-1,125,124,"OPTIMAL",1.8327,1.8327,14,-7.343072950379991,-7.3431,3.683678556572532e-6
main_cg,gpp124-1,125,124,"OPTIMAL",1.8454,1.8454,14,-7.343072950379991,-7.3431,3.683678556572532e-6
main_cg,gpp124-1,125,124,"OPTIMAL",1.8461,1.8461,14,-7.343072950379991,-7.3431,3.683678556572532e-6
main_cg,gpp124-1,125,124,"OPTIMAL",2.1627,2.1627,14,-7.343072950379991,-7.3431,3.683678556572532e-6
main_cg,gpp124-1,125,124,"OPTIMAL",1.8659,1.8659,14,-7.343072950379991,-7.3431,3.683678556572532e-6
main_cg,gpp124-1,125,124,"OPTIMAL",1.837,1.837,14,-7.343072950379991,-7.3431,3.683678556572532e-6
main_cg,gpp124-1,125,124,"OPTIMAL",1.8467,1.8467,14,-7.343072950379991,-7.3431,3.683678556572532e-6
main_cg,gpp124-1,125,124,"OPTIMAL",1.5821,1.5821,14,-7.343072950379991,-7.3431,3.683678556572532e-6
main_cg,gpp124-1,125,124,"OPTIMAL",1.8344,1.8344,14,-7.343072950379991,-7.3431,3.683678556572532e-6
main_cg,gpp124-1,125,124,"OPTIMAL",1.8282,1.8281,14,-7.343072950379991,-7.3431,3.683678556572532e-6
main_cg,gpp124-1,125,124,"OPTIMAL",1.8317,1.8316,14,-7.343072950379991,-7.3431,3.683678556572532e-6
main_cg,gpp124-1,125,124,"OPTIMAL",2.1859,2.1859,14,-7.343072950379991,-7.3431,3.683678556572532e-6
main_cg,gpp124-1,125,124,"OPTIMAL",1.9066,1.9066,14,-7.343072950379991,-7.3431,3.683678556572532e-6
main_cg,gpp124-2,125,124,"OPTIMAL",1.7611,1.7611,14,-46.86228673984852,-46.8623,2.829598947640623e-7
main_cg,gpp124-2,125,124,"OPTIMAL",1.9519,1.9519,14,-46.86228673121031,-46.8623,2.831442265221532e-7
main_cg,gpp124-2,125,124,"OPTIMAL",1.9668,1.9667,14,-46.86228673121031,-46.8623,2.831442265221532e-7
main_cg,gpp124-2,125,124,"OPTIMAL",1.9698,1.9698,14,-46.86228673121031,-46.8623,2.831442265221532e-7
main_cg,gpp124-2,125,124,"OPTIMAL",1.9473,1.9473,14,-46.86228673121031,-46.8623,2.831442265221532e-7
main_cg,gpp124-2,125,124,"OPTIMAL",1.9806,1.9806,14,-46.86228673121031,-46.8623,2.831442265221532e-7
main_cg,gpp124-2,125,124,"OPTIMAL",2.2998,2.2998,14,-46.86228673121031,-46.8623,2.831442265221532e-7
main_cg,gpp124-2,125,124,"OPTIMAL",1.957,1.957,14,-46.86228673121031,-46.8623,2.831442265221532e-7
main_cg,gpp124-2,125,124,"OPTIMAL",1.9022,1.9022,14,-46.86228673121031,-46.8623,2.831442265221532e-7
main_cg,gpp124-2,125,124,"OPTIMAL",1.8781,1.8781,14,-46.86228673121031,-46.8623,2.831442265221532e-7
main_cg,gpp124-2,125,124,"OPTIMAL",1.8888,1.8888,14,-46.86228673121031,-46.8623,2.831442265221532e-7
main_cg,gpp124-2,125,124,"OPTIMAL",1.5205,1.5205,14,-46.86228673121031,-46.8623,2.831442265221532e-7
main_cg,gpp124-2,125,124,"OPTIMAL",1.8599,1.8599,14,-46.86228673121031,-46.8623,2.831442265221532e-7
main_cg,gpp124-2,125,124,"OPTIMAL",1.9056,1.9056,14,-46.86228673121031,-46.8623,2.831442265221532e-7
main_cg,gpp124-2,125,124,"OPTIMAL",1.8893,1.8893,14,-46.86228673121031,-46.8623,2.831442265221532e-7
main_cg,gpp124-2,125,124,"OPTIMAL",2.2422,2.2422,14,-46.86228673121031,-46.8623,2.831442265221532e-7
main_cg,gpp124-2,125,124,"OPTIMAL",1.8748,1.8748,14,-46.86228673121031,-46.8623,2.831442265221532e-7
main_cg,gpp124-2,125,124,"OPTIMAL",1.9023,1.9023,14,-46.86228673121031,-46.8623,2.831442265221532e-7
main_cg,gpp124-2,125,124,"OPTIMAL",1.6827,1.6827,14,-46.86228673121031,-46.8623,2.831442265221532e-7
main_cg,gpp124-2,125,124,"OPTIMAL",1.8891,1.8891,14,-46.86228673121031,-46.8623,2.831442265221532e-7
main_cg,gpp124-2,125,124,"OPTIMAL",1.888,1.888,14,-46.86228673121031,-46.8623,2.831442265221532e-7
main_cg,gpp124-2,125,124,"OPTIMAL",1.8932,1.8932,14,-46.86228673121031,-46.8623,2.831442265221532e-7
main_cg,gpp124-2,125,124,"OPTIMAL",1.8881,1.8881,14,-46.86228673121031,-46.8623,2.831442265221532e-7
main_cg,gpp124-2,125,124,"OPTIMAL",1.7725,1.7725,14,-46.86228673121031,-46.8623,2.831442265221532e-7
main_cg,gpp124-2,125,124,"OPTIMAL",2.2306,2.2306,14,-46.86228673121031,-46.8623,2.831442265221532e-7
main_cg,gpp124-2,125,124,"OPTIMAL",1.8806,1.8806,14,-46.86228673121031,-46.8623,2.831442265221532e-7
main_cg,gpp124-2,125,124,"OPTIMAL",1.8928,1.8928,14,-46.86228673121031,-46.8623,2.831442265221532e-7
main_cg,gpp124-2,125,124,"OPTIMAL",1.8871,1.887,14,-46.86228673121031,-46.8623,2.831442265221532e-7
main_cg,gpp124-2,125,124,"OPTIMAL",1.8891,1.8891,14,-46.86228673121031,-46.8623,2.831442265221532e-7
main_cg,gpp124-2,125,124,"OPTIMAL",1.9044,1.9044,14,-46.86228673121031,-46.8623,2.831442265221532e-7
main_cg,gpp124-2,125,124,"OPTIMAL",1.8902,1.8901,14,-46.86228673121031,-46.8623,2.831442265221532e-7
main_cg,gpp124-2,125,124,"OPTIMAL",1.9195,1.9195,14,-46.86228673121031,-46.8623,2.831442265221532e-7
main_cg,gpp124-3,125,124,"OPTIMAL",1.6757,1.6756,11,-153.01411737054968,-153.014,7.670575873709498e-7
main_cg,gpp124-3,125,124,"OPTIMAL",1.6914,1.6914,11,-153.01411737054968,-153.014,7.670575873709498e-7
main_cg,gpp124-3,125,124,"OPTIMAL",1.6632,1.6632,11,-153.01411737054968,-153.014,7.670575873709498e-7
main_cg,gpp124-3,125,124,"OPTIMAL",1.6669,1.6669,11,-153.01411737054968,-153.014,7.670575873709498e-7
main_cg,gpp124-3,125,124,"OPTIMAL",1.6838,1.6838,11,-153.01411737054968,-153.014,7.670575873709498e-7
main_cg,gpp124-3,125,124,"OPTIMAL",1.667,1.667,11,-153.01411737054968,-153.014,7.670575873709498e-7
main_cg,gpp124-3,125,124,"OPTIMAL",1.681,1.681,11,-153.01411737054968,-153.014,7.670575873709498e-7
main_cg,gpp124-3,125,124,"OPTIMAL",1.1102,1.1102,11,-153.01411737054968,-153.014,7.670575873709498e-7
main_cg,gpp124-3,125,124,"OPTIMAL",1.0765,1.0765,11,-153.01411737054968,-153.014,7.670575873709498e-7
main_cg,gpp124-3,125,124,"OPTIMAL",1.2931,1.2931,11,-153.01411737054968,-153.014,7.670575873709498e-7
main_cg,gpp124-3,125,124,"OPTIMAL",1.6775,1.6775,11,-153.01411737054968,-153.014,7.670575873709498e-7
main_cg,gpp124-3,125,124,"OPTIMAL",1.6818,1.6818,11,-153.01411737054968,-153.014,7.670575873709498e-7
main_cg,gpp124-3,125,124,"OPTIMAL",1.6492,1.6492,11,-153.01411737054968,-153.014,7.670575873709498e-7
main_cg,gpp124-3,125,124,"OPTIMAL",1.6805,1.6805,11,-153.01411737054968,-153.014,7.670575873709498e-7
main_cg,gpp124-3,125,124,"OPTIMAL",1.6877,1.6877,11,-153.01411737054968,-153.014,7.670575873709498e-7
main_cg,gpp124-3,125,124,"OPTIMAL",1.683,1.683,11,-153.01411737054968,-153.014,7.670575873709498e-7
main_cg,gpp124-3,125,124,"OPTIMAL",1.015,1.015,11,-153.01411737054968,-153.014,7.670575873709498e-7
main_cg,gpp124-3,125,124,"OPTIMAL",1.055,1.055,11,-153.01411737054968,-153.014,7.670575873709498e-7
main_cg,gpp124-3,125,124,"OPTIMAL",1.0552,1.0551,11,-153.01411737054968,-153.014,7.670575873709498e-7
main_cg,gpp124-3,125,124,"OPTIMAL",1.0646,1.0646,11,-153.01411737054968,-153.014,7.670575873709498e-7
main_cg,gpp124-3,125,124,"OPTIMAL",1.7655,1.7655,11,-153.01411737054968,-153.014,7.670575873709498e-7
main_cg,gpp124-3,125,124,"OPTIMAL",1.8049,1.8049,11,-153.01411737054968,-153.014,7.670575873709498e-7
main_cg,gpp124-3,125,124,"OPTIMAL",1.8328,1.8328,11,-153.01411737054968,-153.014,7.670575873709498e-7
main_cg,gpp124-3,125,124,"OPTIMAL",1.7275,1.7275,11,-153.01411737054968,-153.014,7.670575873709498e-7
main_cg,gpp124-3,125,124,"OPTIMAL",1.7422,1.7422,11,-153.01411737054968,-153.014,7.670575873709498e-7
main_cg,gpp124-3,125,124,"OPTIMAL",1.7043,1.7043,11,-153.01411737054968,-153.014,7.670575873709498e-7
main_cg,gpp124-3,125,124,"OPTIMAL",1.7349,1.7349,11,-153.01411737054968,-153.014,7.670575873709498e-7
main_cg,gpp124-3,125,124,"OPTIMAL",1.7307,1.7307,11,-153.01411737054968,-153.014,7.670575873709498e-7
main_cg,gpp124-3,125,124,"OPTIMAL",1.7608,1.7608,11,-153.01411737054968,-153.014,7.670575873709498e-7
main_cg,gpp124-3,125,124,"OPTIMAL",1.7073,1.7073,11,-153.01411737054968,-153.014,7.670575873709498e-7
main_cg,gpp124-3,125,124,"OPTIMAL",1.7488,1.7488,11,-153.01411737054968,-153.014,7.670575873709498e-7
main_cg,gpp124-3,125,124,"OPTIMAL",1.8217,1.8217,11,-153.01411737054968,-153.014,7.670575873709498e-7
main_cg,gpp124-4,125,124,"OPTIMAL",3.3753,3.3752,13,-418.98750019619973,-418.99,5.966261247944743e-6
main_cg,gpp124-4,125,124,"OPTIMAL",3.3462,3.3462,13,-418.98750019619973,-418.99,5.966261247944743e-6
main_cg,gpp124-4,125,124,"OPTIMAL",3.3746,3.3746,13,-418.98750019619973,-418.99,5.966261247944743e-6
main_cg,gpp124-4,125,124,"OPTIMAL",3.365,3.365,13,-418.98750019619973,-418.99,5.966261247944743e-6
main_cg,gpp124-4,125,124,"OPTIMAL",3.4061,3.4061,13,-418.98750019619973,-418.99,5.966261247944743e-6
main_cg,gpp124-4,125,124,"OPTIMAL",3.3873,3.3872,13,-418.98750019619973,-418.99,5.966261247944743e-6
main_cg,gpp124-4,125,124,"OPTIMAL",3.6612,3.6612,13,-418.98750019619973,-418.99,5.966261247944743e-6
main_cg,gpp124-4,125,124,"OPTIMAL",3.4603,3.4603,13,-418.98750019619973,-418.99,5.966261247944743e-6
main_cg,gpp124-4,125,124,"OPTIMAL",3.4259,3.4258,13,-418.98750019619973,-418.99,5.966261247944743e-6
main_cg,gpp124-4,125,124,"OPTIMAL",3.3928,3.3928,13,-418.98750019619973,-418.99,5.966261247944743e-6
main_cg,gpp124-4,125,124,"OPTIMAL",3.4161,3.4161,13,-418.98750019619973,-418.99,5.966261247944743e-6
main_cg,gpp124-4,125,124,"OPTIMAL",3.4107,3.4107,13,-418.98750019619973,-418.99,5.966261247944743e-6
main_cg,gpp124-4,125,124,"OPTIMAL",3.3851,3.3851,13,-418.98750019619973,-418.99,5.966261247944743e-6
main_cg,gpp124-4,125,124,"OPTIMAL",3.3669,3.3669,13,-418.98750019619973,-418.99,5.966261247944743e-6
main_cg,gpp124-4,125,124,"OPTIMAL",3.3448,3.3448,13,-418.98750019619973,-418.99,5.966261247944743e-6
main_cg,gpp124-4,125,124,"OPTIMAL",3.7633,3.7633,13,-418.98750019619973,-418.99,5.966261247944743e-6
main_cg,gpp124-4,125,124,"OPTIMAL",3.4523,3.4523,13,-418.98750019619973,-418.99,5.966261247944743e-6
main_cg,gpp124-4,125,124,"OPTIMAL",3.3522,3.3522,13,-418.98750019619973,-418.99,5.966261247944743e-6
main_cg,gpp124-4,125,124,"OPTIMAL",3.3872,3.3872,13,-418.98750019619973,-418.99,5.966261247944743e-6
main_cg,gpp124-4,125,124,"OPTIMAL",3.4072,3.4072,13,-418.98750019619973,-418.99,5.966261247944743e-6
main_cg,gpp124-4,125,124,"OPTIMAL",3.39,3.39,13,-418.98750019619973,-418.99,5.966261247944743e-6
main_cg,gpp124-4,125,124,"OPTIMAL",3.4068,3.4068,13,-418.98750019619973,-418.99,5.966261247944743e-6
main_cg,gpp124-4,125,124,"OPTIMAL",3.3747,3.3747,13,-418.98750019619973,-418.99,5.966261247944743e-6
main_cg,gpp124-4,125,124,"OPTIMAL",3.3931,3.3931,13,-418.98750019619973,-418.99,5.966261247944743e-6
main_cg,gpp124-4,125,124,"OPTIMAL",3.7555,3.7555,13,-418.98750019619973,-418.99,5.966261247944743e-6
main_cg,gpp124-4,125,124,"OPTIMAL",3.46,3.4599,13,-418.98750019619973,-418.99,5.966261247944743e-6
main_cg,gpp124-4,125,124,"OPTIMAL",3.3726,3.3726,13,-418.98750019619973,-418.99,5.966261247944743e-6
main_cg,gpp124-4,125,124,"OPTIMAL",3.281,3.281,13,-418.98750019619973,-418.99,5.966261247944743e-6
main_cg,gpp124-4,125,124,"OPTIMAL",4.9333,42456.0,13,-418.98750019619973,-418.99,5.966261247944743e-6
main_cg,mcp124-1,124,124,"OPTIMAL",0.61449,0.61449,12,141.99047797039518,141.9905,1.5514844177059467e-7
main_cg,mcp124-1,124,124,"OPTIMAL",0.66854,0.66853,12,141.99047797039518,141.9905,1.5514844177059467e-7
main_cg,mcp124-1,124,124,"OPTIMAL",0.66161,0.6616,12,141.99047797039518,141.9905,1.5514844177059467e-7
main_cg,mcp124-1,124,124,"OPTIMAL",1.1719,1.1719,12,141.99047797039518,141.9905,1.5514844177059467e-7
main_cg,mcp124-1,124,124,"OPTIMAL",0.84092,0.84091,12,141.99047797039518,141.9905,1.5514844177059467e-7
main_cg,mcp124-1,124,124,"OPTIMAL",0.75046,0.75045,12,141.99047797039518,141.9905,1.5514844177059467e-7
main_cg,mcp124-1,124,124,"OPTIMAL",0.70248,0.70247,12,141.99047797039518,141.9905,1.5514844177059467e-7
main_cg,mcp124-1,124,124,"OPTIMAL",0.63781,0.6378,12,141.99047797039518,141.9905,1.5514844177059467e-7
main_cg,mcp124-1,124,124,"OPTIMAL",0.62763,0.62761,12,141.99047797039518,141.9905,1.5514844177059467e-7
main_cg,mcp124-1,124,124,"OPTIMAL",0.621,0.62099,12,141.99047797039518,141.9905,1.5514844177059467e-7
main_cg,mcp124-1,124,124,"OPTIMAL",0.61368,0.61367,12,141.99047797039518,141.9905,1.5514844177059467e-7
main_cg,mcp124-1,124,124,"OPTIMAL",0.60126,0.60125,12,141.99047797039518,141.9905,1.5514844177059467e-7
main_cg,mcp124-1,124,124,"OPTIMAL",0.63907,0.63906,12,141.99047797039518,141.9905,1.5514844177059467e-7
main_cg,mcp124-1,124,124,"OPTIMAL",0.59901,0.599,12,141.99047797039518,141.9905,1.5514844177059467e-7
main_cg,mcp124-1,124,124,"OPTIMAL",0.57739,0.57738,12,141.99047797039518,141.9905,1.5514844177059467e-7
main_cg,mcp124-1,124,124,"OPTIMAL",0.88306,0.88304,12,141.99047797039518,141.9905,1.5514844177059467e-7
main_cg,mcp124-1,124,124,"OPTIMAL",0.66157,0.66156,12,141.99047797039518,141.9905,1.5514844177059467e-7
main_cg,mcp124-1,124,124,"OPTIMAL",0.5845,0.58449,12,141.99047797039518,141.9905,1.5514844177059467e-7
main_cg,mcp124-1,124,124,"OPTIMAL",0.5914,0.59139,12,141.99047797039518,141.9905,1.5514844177059467e-7
main_cg,mcp124-1,124,124,"OPTIMAL",0.6036,0.60359,12,141.99047797039518,141.9905,1.5514844177059467e-7
main_cg,mcp124-1,124,124,"OPTIMAL",0.61878,0.61877,12,141.99047797039518,141.9905,1.5514844177059467e-7
main_cg,mcp124-1,124,124,"OPTIMAL",0.65483,0.65482,12,141.99047797039518,141.9905,1.5514844177059467e-7
main_cg,mcp124-1,124,124,"OPTIMAL",0.87995,0.87994,12,141.99047797039518,141.9905,1.5514844177059467e-7
main_cg,mcp124-1,124,124,"OPTIMAL",0.97389,0.97387,12,141.99047797039518,141.9905,1.5514844177059467e-7
main_cg,mcp124-1,124,124,"OPTIMAL",0.60921,0.60919,12,141.99047797039518,141.9905,1.5514844177059467e-7
main_cg,mcp124-1,124,124,"OPTIMAL",0.61373,0.61372,12,141.99047797039518,141.9905,1.5514844177059467e-7
main_cg,mcp124-1,124,124,"OPTIMAL",0.58119,0.58117,12,141.99047797039518,141.9905,1.5514844177059467e-7
main_cg,mcp124-1,124,124,"OPTIMAL",1.3551,1.3551,12,141.99047797039518,141.9905,1.5514844177059467e-7
main_cg,mcp124-1,124,124,"OPTIMAL",0.72535,0.72534,12,141.99047797039518,141.9905,1.5514844177059467e-7
main_cg,mcp124-1,124,124,"OPTIMAL",0.67581,0.6758,12,141.99047797039518,141.9905,1.5514844177059467e-7
main_cg,mcp124-1,124,124,"OPTIMAL",0.66063,0.66062,12,141.99047797039518,141.9905,1.5514844177059467e-7
main_cg,mcp124-1,124,124,"OPTIMAL",0.68505,0.68504,12,141.99047797039518,141.9905,1.5514844177059467e-7
main_cg,mcp124-2,124,124,"OPTIMAL",0.76854,0.76852,12,269.8801716747182,269.8802,1.0495502000302668e-7
main_cg,mcp124-2,124,124,"OPTIMAL",0.74107,0.74106,12,269.8801716747182,269.8802,1.0495502000302668e-7
main_cg,mcp124-2,124,124,"OPTIMAL",0.75156,0.75155,12,269.8801716747182,269.8802,1.0495502000302668e-7
main_cg,mcp124-2,124,124,"OPTIMAL",0.74508,0.74507,12,269.8801716747182,269.8802,1.0495502000302668e-7
main_cg,mcp124-2,124,124,"OPTIMAL",0.7471,0.74709,12,269.8801716747182,269.8802,1.0495502000302668e-7
main_cg,mcp124-2,124,124,"OPTIMAL",0.69393,0.69392,12,269.8801716747182,269.8802,1.0495502000302668e-7
main_cg,mcp124-2,124,124,"OPTIMAL",0.9785,0.97849,12,269.8801716747182,269.8802,1.0495502000302668e-7
main_cg,mcp124-2,124,124,"OPTIMAL",0.73881,0.7388,12,269.8801716747182,269.8802,1.0495502000302668e-7
main_cg,mcp124-2,124,124,"OPTIMAL",0.70907,0.70906,12,269.8801716747182,269.8802,1.0495502000302668e-7
main_cg,mcp124-2,124,124,"OPTIMAL",0.68045,0.68044,12,269.8801716747182,269.8802,1.0495502000302668e-7
main_cg,mcp124-2,124,124,"OPTIMAL",0.74301,0.74301,12,269.8801716747182,269.8802,1.0495502000302668e-7
main_cg,mcp124-2,124,124,"OPTIMAL",0.69165,0.69164,12,269.8801716747182,269.8802,1.0495502000302668e-7
main_cg,mcp124-2,124,124,"OPTIMAL",0.68182,0.68181,12,269.8801716747182,269.8802,1.0495502000302668e-7
main_cg,mcp124-2,124,124,"OPTIMAL",0.65961,0.6596,12,269.8801716747182,269.8802,1.0495502000302668e-7
main_cg,mcp124-2,124,124,"OPTIMAL",0.69571,0.6957,12,269.8801716747182,269.8802,1.0495502000302668e-7
main_cg,mcp124-2,124,124,"OPTIMAL",0.6715,0.67149,12,269.8801716747182,269.8802,1.0495502000302668e-7
main_cg,mcp124-2,124,124,"OPTIMAL",0.69685,0.69684,12,269.8801716747182,269.8802,1.0495502000302668e-7
main_cg,mcp124-2,124,124,"OPTIMAL",0.71454,0.71453,12,269.8801716747182,269.8802,1.0495502000302668e-7
main_cg,mcp124-2,124,124,"OPTIMAL",1.4925,1.4925,12,269.8801716747182,269.8802,1.0495502000302668e-7
main_cg,mcp124-2,124,124,"OPTIMAL",0.94447,0.94446,12,269.8801716747182,269.8802,1.0495502000302668e-7
main_cg,mcp124-2,124,124,"OPTIMAL",1.0155,1.0155,12,269.8801716747182,269.8802,1.0495502000302668e-7
main_cg,mcp124-2,124,124,"OPTIMAL",0.97305,0.97304,12,269.8801716747182,269.8802,1.0495502000302668e-7
main_cg,mcp124-2,124,124,"OPTIMAL",0.69877,0.69876,12,269.8801716747182,269.8802,1.0495502000302668e-7
main_cg,mcp124-2,124,124,"OPTIMAL",0.74159,0.74157,12,269.8801716747182,269.8802,1.0495502000302668e-7
main_cg,mcp124-2,124,124,"OPTIMAL",0.71715,0.71714,12,269.8801716747182,269.8802,1.0495502000302668e-7
main_cg,mcp124-2,124,124,"OPTIMAL",0.68906,0.68905,12,269.8801716747182,269.8802,1.0495502000302668e-7
main_cg,mcp124-2,124,124,"OPTIMAL",0.70296,0.70295,12,269.8801716747182,269.8802,1.0495502000302668e-7
main_cg,mcp124-2,124,124,"OPTIMAL",0.67115,0.67114,12,269.8801716747182,269.8802,1.0495502000302668e-7
main_cg,mcp124-2,124,124,"OPTIMAL",0.68847,0.68846,12,269.8801716747182,269.8802,1.0495502000302668e-7
main_cg,mcp124-2,124,124,"OPTIMAL",0.6674,0.66739,12,269.8801716747182,269.8802,1.0495502000302668e-7
main_cg,mcp124-2,124,124,"OPTIMAL",1.1156,1.1156,12,269.8801716747182,269.8802,1.0495502000302668e-7
main_cg,mcp124-2,124,124,"OPTIMAL",0.78042,0.78041,12,269.8801716747182,269.8802,1.0495502000302668e-7
main_cg,mcp124-3,124,124,"OPTIMAL",0.49549,0.49549,11,467.75011786970555,467.7501,3.820353127246391e-8
main_cg,mcp124-3,124,124,"OPTIMAL",0.55198,0.55197,11,467.75011786970555,467.7501,3.820353127246391e-8
main_cg,mcp124-3,124,124,"OPTIMAL",0.50745,0.50744,11,467.75011786970555,467.7501,3.820353127246391e-8
main_cg,mcp124-3,124,124,"OPTIMAL",0.55288,0.55286,11,467.75011786970555,467.7501,3.820353127246391e-8
main_cg,mcp124-3,124,124,"OPTIMAL",0.54337,0.54335,11,467.75011786970555,467.7501,3.820353127246391e-8
main_cg,mcp124-3,124,124,"OPTIMAL",0.55939,0.55937,11,467.75011786970555,467.7501,3.820353127246391e-8
main_cg,mcp124-3,124,124,"OPTIMAL",0.62837,0.62836,11,467.75011786970555,467.7501,3.820353127246391e-8
main_cg,mcp124-3,124,124,"OPTIMAL",0.89021,0.8902,11,467.75011786970555,467.7501,3.820353127246391e-8
main_cg,mcp124-3,124,124,"OPTIMAL",0.56977,0.56976,11,467.75011786970555,467.7501,3.820353127246391e-8
main_cg,mcp124-3,124,124,"OPTIMAL",0.81084,0.81083,11,467.75011786970555,467.7501,3.820353127246391e-8
main_cg,mcp124-3,124,124,"OPTIMAL",0.63568,0.63567,11,467.75011786970555,467.7501,3.820353127246391e-8
main_cg,mcp124-3,124,124,"OPTIMAL",0.57304,0.57302,11,467.75011786970555,467.7501,3.820353127246391e-8
main_cg,mcp124-3,124,124,"OPTIMAL",0.60562,0.60561,11,467.75011786970555,467.7501,3.820353127246391e-8
main_cg,mcp124-3,124,124,"OPTIMAL",0.55881,0.5588,11,467.75011786970555,467.7501,3.820353127246391e-8
main_cg,mcp124-3,124,124,"OPTIMAL",0.58284,0.58283,11,467.75011786970555,467.7501,3.820353127246391e-8
main_cg,mcp124-3,124,124,"OPTIMAL",0.515,0.51499,11,467.75011786970555,467.7501,3.820353127246391e-8
main_cg,mcp124-3,124,124,"OPTIMAL",0.54599,0.54598,11,467.75011786970555,467.7501,3.820353127246391e-8
main_cg,mcp124-3,124,124,"OPTIMAL",0.54447,0.54446,11,467.75011786970555,467.7501,3.820353127246391e-8
main_cg,mcp124-3,124,124,"OPTIMAL",0.74647,0.74646,11,467.75011786970555,467.7501,3.820353127246391e-8
main_cg,mcp124-3,124,124,"OPTIMAL",0.58359,0.58358,11,467.75011786970555,467.7501,3.820353127246391e-8
main_cg,mcp124-3,124,124,"OPTIMAL",0.52434,0.52433,11,467.75011786970555,467.7501,3.820353127246391e-8
main_cg,mcp124-3,124,124,"OPTIMAL",1.0241,1.0241,11,467.75011786970555,467.7501,3.820353127246391e-8
main_cg,mcp124-3,124,124,"OPTIMAL",0.62444,0.62443,11,467.75011786970555,467.7501,3.820353127246391e-8
main_cg,mcp124-3,124,124,"OPTIMAL",0.63781,0.6378,11,467.75011786970555,467.7501,3.820353127246391e-8
main_cg,mcp124-3,124,124,"OPTIMAL",0.60518,0.60516,11,467.75011786970555,467.7501,3.820353127246391e-8
main_cg,mcp124-3,124,124,"OPTIMAL",0.58064,0.58062,11,467.75011786970555,467.7501,3.820353127246391e-8
main_cg,mcp124-3,124,124,"OPTIMAL",0.59718,0.59717,11,467.75011786970555,467.7501,3.820353127246391e-8
main_cg,mcp124-3,124,124,"OPTIMAL",0.61189,0.61187,11,467.75011786970555,467.7501,3.820353127246391e-8
main_cg,mcp124-3,124,124,"OPTIMAL",0.66072,0.6607,11,467.75011786970555,467.7501,3.820353127246391e-8
main_cg,mcp124-3,124,124,"OPTIMAL",0.62815,0.62814,11,467.75011786970555,467.7501,3.820353127246391e-8
main_cg,mcp124-3,124,124,"OPTIMAL",0.6512,0.65119,11,467.75011786970555,467.7501,3.820353127246391e-8
main_cg,mcp124-3,124,124,"OPTIMAL",0.62345,0.62343,11,467.75011786970555,467.7501,3.820353127246391e-8
main_cg,mcp124-4,124,124,"OPTIMAL",0.62265,0.62263,11,864.4118669402272,864.4119,3.8245392855294326e-8
main_cg,mcp124-4,124,124,"OPTIMAL",1.2012,1.2012,11,864.4118669402272,864.4119,3.8245392855294326e-8
main_cg,mcp124-4,124,124,"OPTIMAL",0.64997,0.64996,11,864.4118669402272,864.4119,3.8245392855294326e-8
main_cg,mcp124-4,124,124,"OPTIMAL",0.90862,0.90861,11,864.4118669402272,864.4119,3.8245392855294326e-8
main_cg,mcp124-4,124,124,"OPTIMAL",0.6996,0.69959,11,864.4118669402272,864.4119,3.8245392855294326e-8
main_cg,mcp124-4,124,124,"OPTIMAL",0.55987,0.55986,11,864.4118669402272,864.4119,3.8245392855294326e-8
main_cg,mcp124-4,124,124,"OPTIMAL",0.51375,0.51374,11,864.4118669402272,864.4119,3.8245392855294326e-8
main_cg,mcp124-4,124,124,"OPTIMAL",0.44996,0.44995,11,864.4118669402272,864.4119,3.8245392855294326e-8
main_cg,mcp124-4,124,124,"OPTIMAL",0.47154,0.47153,11,864.4118669402272,864.4119,3.8245392855294326e-8
main_cg,mcp124-4,124,124,"OPTIMAL",0.44423,0.44422,11,864.4118669402272,864.4119,3.8245392855294326e-8
main_cg,mcp124-4,124,124,"OPTIMAL",0.46396,0.46395,11,864.4118669402272,864.4119,3.8245392855294326e-8
main_cg,mcp124-4,124,124,"OPTIMAL",0.46618,0.46617,11,864.4118669402272,864.4119,3.8245392855294326e-8
main_cg,mcp124-4,124,124,"OPTIMAL",0.47682,0.47681,11,864.4118669402272,864.4119,3.8245392855294326e-8
main_cg,mcp124-4,124,124,"OPTIMAL",0.96408,0.96407,11,864.4118669402272,864.4119,3.8245392855294326e-8
main_cg,mcp124-4,124,124,"OPTIMAL",0.50904,0.50903,11,864.4118669402272,864.4119,3.8245392855294326e-8
main_cg,mcp124-4,124,124,"OPTIMAL",0.48286,0.48285,11,864.4118669402272,864.4119,3.8245392855294326e-8
main_cg,mcp124-4,124,124,"OPTIMAL",0.53592,0.5359,11,864.4118669402272,864.4119,3.8245392855294326e-8
main_cg,mcp124-4,124,124,"OPTIMAL",0.48466,0.48465,11,864.4118669402272,864.4119,3.8245392855294326e-8
main_cg,mcp124-4,124,124,"OPTIMAL",0.47372,0.4737,11,864.4118669402272,864.4119,3.8245392855294326e-8
main_cg,mcp124-4,124,124,"OPTIMAL",0.47551,0.47549,11,864.4118669402272,864.4119,3.8245392855294326e-8
main_cg,mcp124-4,124,124,"OPTIMAL",0.47127,0.47126,11,864.4118669402272,864.4119,3.8245392855294326e-8
main_cg,mcp124-4,124,124,"OPTIMAL",0.47468,0.47467,11,864.4118669402272,864.4119,3.8245392855294326e-8
main_cg,mcp124-4,124,124,"OPTIMAL",0.51557,0.51556,11,864.4118669402272,864.4119,3.8245392855294326e-8
main_cg,mcp124-4,124,124,"OPTIMAL",0.83755,0.83753,11,864.4118669402272,864.4119,3.8245392855294326e-8
main_cg,mcp124-4,124,124,"OPTIMAL",0.46581,0.4658,11,864.4118669402272,864.4119,3.8245392855294326e-8
main_cg,mcp124-4,124,124,"OPTIMAL",0.48055,0.48054,11,864.4118669402272,864.4119,3.8245392855294326e-8
main_cg,mcp124-4,124,124,"OPTIMAL",0.75699,0.75697,11,864.4118669402272,864.4119,3.8245392855294326e-8
main_cg,mcp124-4,124,124,"OPTIMAL",0.53833,0.53832,11,864.4118669402272,864.4119,3.8245392855294326e-8
main_cg,mcp124-4,124,124,"OPTIMAL",0.46692,0.46691,11,864.4118669402272,864.4119,3.8245392855294326e-8
main_cg,mcp124-4,124,124,"OPTIMAL",0.47234,0.47233,11,864.4118669402272,864.4119,3.8245392855294326e-8
main_cg,mcp124-4,124,124,"OPTIMAL",0.45486,0.45485,11,864.4118669402272,864.4119,3.8245392855294326e-8
main_cg,mcp124-4,124,124,"OPTIMAL",0.50002,0.50001,11,864.4118669402272,864.4119,3.8245392855294326e-8
main_cg,truss2,58,133,"ERROR: On worker 14:
ArgumentError: reducing over an empty collecti",NaN,NaN,-1,NaN,-123.3804,NaN
main_cg,control9,1081,135,"TIMEOUT",500.0,NaN,-1,NaN,14.6754,NaN
main_cg,control10,1326,150,"TIMEOUT",500.0,NaN,-1,NaN,38.533,NaN
main_cg,theta3,1106,150,"OPTIMAL",39.63,39.63,13,42.16698261159347,42.16698,6.193456268219264e-8
main_cg,theta3,1106,150,"OPTIMAL",40.068,40.068,13,42.16698261159347,42.16698,6.193456268219264e-8
main_cg,theta3,1106,150,"OPTIMAL",40.592,40.592,13,42.16698261159347,42.16698,6.193456268219264e-8
main_cg,theta3,1106,150,"OPTIMAL",40.68,40.68,13,42.16698261159347,42.16698,6.193456268219264e-8
main_cg,theta3,1106,150,"OPTIMAL",40.679,40.679,13,42.16698261159347,42.16698,6.193456268219264e-8
main_cg,theta3,1106,150,"OPTIMAL",38.98,38.98,13,42.16698261159347,42.16698,6.193456268219264e-8
main_cg,theta3,1106,150,"OPTIMAL",41.034,41.034,13,42.16698261159347,42.16698,6.193456268219264e-8
main_cg,theta3,1106,150,"OPTIMAL",40.715,40.715,13,42.16698261159347,42.16698,6.193456268219264e-8
main_cg,theta3,1106,150,"OPTIMAL",40.632,40.632,13,42.16698261159347,42.16698,6.193456268219264e-8
main_cg,control11,1596,165,"TIMEOUT",500.0,NaN,-1,NaN,31.959,NaN
main_cg,theta4,1949,200,"OPTIMAL",210.18,210.18,19,50.32122195205398,50.32122,3.879186524335932e-8
main_cg,gpp250-1,250,250,"OPTIMAL",11.531,11.531,16,-15.444916404395796,-15.445,5.4124703272407936e-6
main_cg,gpp250-1,250,250,"OPTIMAL",16.804,16.804,16,-15.444916404395796,-15.445,5.4124703272407936e-6
main_cg,gpp250-1,250,250,"OPTIMAL",18.751,18.751,16,-15.444916404395796,-15.445,5.4124703272407936e-6
main_cg,gpp250-1,250,250,"OPTIMAL",20.13,20.13,16,-15.444916404395796,-15.445,5.4124703272407936e-6
main_cg,gpp250-1,250,250,"OPTIMAL",14.173,14.173,16,-15.444916404395796,-15.445,5.4124703272407936e-6
main_cg,gpp250-1,250,250,"OPTIMAL",13.717,13.717,16,-15.444916404395796,-15.445,5.4124703272407936e-6
main_cg,gpp250-1,250,250,"OPTIMAL",12.911,12.911,16,-15.444916404395796,-15.445,5.4124703272407936e-6
main_cg,gpp250-1,250,250,"OPTIMAL",13.482,13.482,16,-15.444916404395796,-15.445,5.4124703272407936e-6
main_cg,gpp250-1,250,250,"OPTIMAL",13.957,13.957,16,-15.444916404395796,-15.445,5.4124703272407936e-6
main_cg,gpp250-1,250,250,"OPTIMAL",11.584,11.584,16,-15.444916404395796,-15.445,5.4124703272407936e-6
main_cg,gpp250-1,250,250,"OPTIMAL",11.023,11.023,16,-15.444916404395796,-15.445,5.4124703272407936e-6
main_cg,gpp250-1,250,250,"OPTIMAL",10.925,10.925,16,-15.444916404395796,-15.445,5.4124703272407936e-6
main_cg,gpp250-1,250,250,"OPTIMAL",10.836,10.836,16,-15.444916404395796,-15.445,5.4124703272407936e-6
main_cg,gpp250-1,250,250,"OPTIMAL",13.355,13.355,16,-15.444916404395796,-15.445,5.4124703272407936e-6
main_cg,gpp250-1,250,250,"OPTIMAL",21.099,21.099,16,-15.444916404395796,-15.445,5.4124703272407936e-6
main_cg,gpp250-1,250,250,"OPTIMAL",16.685,16.685,16,-15.444916404395796,-15.445,5.4124703272407936e-6
main_cg,gpp250-1,250,250,"OPTIMAL",24.689,24.689,16,-15.444916404395796,-15.445,5.4124703272407936e-6
main_cg,gpp250-1,250,250,"OPTIMAL",13.891,13.891,16,-15.444916404395796,-15.445,5.4124703272407936e-6
main_cg,gpp250-1,250,250,"OPTIMAL",10.942,10.942,16,-15.444916404395796,-15.445,5.4124703272407936e-6
main_cg,gpp250-1,250,250,"OPTIMAL",11.406,11.406,16,-15.444916404395796,-15.445,5.4124703272407936e-6
main_cg,gpp250-1,250,250,"OPTIMAL",11.392,11.392,16,-15.444916404395796,-15.445,5.4124703272407936e-6
main_cg,gpp250-1,250,250,"OPTIMAL",19.109,19.109,16,-15.444916404395796,-15.445,5.4124703272407936e-6
main_cg,gpp250-1,250,250,"OPTIMAL",14.051,14.051,16,-15.444916404395796,-15.445,5.4124703272407936e-6
main_cg,gpp250-1,250,250,"OPTIMAL",10.726,10.726,16,-15.444916404395796,-15.445,5.4124703272407936e-6
main_cg,gpp250-1,250,250,"OPTIMAL",16.606,16.606,16,-15.444916404395796,-15.445,5.4124703272407936e-6
main_cg,gpp250-1,250,250,"OPTIMAL",16.313,16.313,16,-15.444916404395796,-15.445,5.4124703272407936e-6
main_cg,gpp250-1,250,250,"OPTIMAL",13.577,13.577,16,-15.444916404395796,-15.445,5.4124703272407936e-6
main_cg,gpp250-1,250,250,"OPTIMAL",20.97,20.97,16,-15.444916404395796,-15.445,5.4124703272407936e-6
main_cg,gpp250-2,250,250,"OPTIMAL",9.1977,9.1977,12,-81.86895469737382,-81.869,5.533550693991058e-7
main_cg,gpp250-2,250,250,"OPTIMAL",11.658,11.658,12,-81.8689546997229,-81.869,5.533263762099116e-7
main_cg,gpp250-2,250,250,"OPTIMAL",11.901,11.901,12,-81.8689546997229,-81.869,5.533263762099116e-7
main_cg,gpp250-2,250,250,"OPTIMAL",7.1227,7.1227,12,-81.8689546997229,-81.869,5.533263762099116e-7
main_cg,gpp250-2,250,250,"OPTIMAL",8.2304,8.2304,12,-81.8689546997229,-81.869,5.533263762099116e-7
main_cg,gpp250-2,250,250,"OPTIMAL",16.819,16.819,12,-81.8689546997229,-81.869,5.533263762099116e-7
main_cg,gpp250-2,250,250,"OPTIMAL",8.9138,8.9138,12,-81.8689546997229,-81.869,5.533263762099116e-7
main_cg,gpp250-2,250,250,"OPTIMAL",7.1381,7.1381,12,-81.8689546997229,-81.869,5.533263762099116e-7
main_cg,gpp250-2,250,250,"OPTIMAL",10.922,10.922,12,-81.8689546997229,-81.869,5.533263762099116e-7
main_cg,gpp250-2,250,250,"OPTIMAL",11.635,11.635,12,-81.8689546997229,-81.869,5.533263762099116e-7
main_cg,gpp250-2,250,250,"OPTIMAL",8.7043,8.7043,12,-81.8689546997229,-81.869,5.533263762099116e-7
main_cg,gpp250-2,250,250,"OPTIMAL",7.6739,7.6739,12,-81.8689546997229,-81.869,5.533263762099116e-7
main_cg,gpp250-2,250,250,"OPTIMAL",11.493,11.493,12,-81.8689546997229,-81.869,5.533263762099116e-7
main_cg,gpp250-2,250,250,"OPTIMAL",12.507,12.507,12,-81.8689546997229,-81.869,5.533263762099116e-7
main_cg,gpp250-2,250,250,"OPTIMAL",7.3187,7.3187,12,-81.8689546997229,-81.869,5.533263762099116e-7
main_cg,gpp250-2,250,250,"OPTIMAL",6.8832,6.8831,12,-81.8689546997229,-81.869,5.533263762099116e-7
main_cg,gpp250-2,250,250,"OPTIMAL",6.4945,6.4945,12,-81.8689546997229,-81.869,5.533263762099116e-7
main_cg,gpp250-2,250,250,"OPTIMAL",9.7554,9.7554,12,-81.8689546997229,-81.869,5.533263762099116e-7
main_cg,gpp250-2,250,250,"OPTIMAL",12.492,12.492,12,-81.8689546997229,-81.869,5.533263762099116e-7
main_cg,gpp250-2,250,250,"OPTIMAL",8.186,8.186,12,-81.8689546997229,-81.869,5.533263762099116e-7
main_cg,gpp250-2,250,250,"OPTIMAL",6.7256,6.7256,12,-81.8689546997229,-81.869,5.533263762099116e-7
main_cg,gpp250-2,250,250,"OPTIMAL",6.7657,6.7657,12,-81.8689546997229,-81.869,5.533263762099116e-7
main_cg,gpp250-2,250,250,"OPTIMAL",6.6534,6.6534,12,-81.8689546997229,-81.869,5.533263762099116e-7
main_cg,gpp250-2,250,250,"OPTIMAL",7.4063,7.4063,12,-81.8689546997229,-81.869,5.533263762099116e-7
main_cg,gpp250-2,250,250,"OPTIMAL",6.8947,6.8947,12,-81.8689546997229,-81.869,5.533263762099116e-7
main_cg,gpp250-2,250,250,"OPTIMAL",6.7269,6.7269,12,-81.8689546997229,-81.869,5.533263762099116e-7
main_cg,gpp250-2,250,250,"OPTIMAL",6.6322,6.6322,12,-81.8689546997229,-81.869,5.533263762099116e-7
main_cg,gpp250-2,250,250,"OPTIMAL",6.405,6.405,12,-81.8689546997229,-81.869,5.533263762099116e-7
main_cg,gpp250-2,250,250,"OPTIMAL",7.1161,7.1161,12,-81.8689546997229,-81.869,5.533263762099116e-7
main_cg,gpp250-2,250,250,"OPTIMAL",6.5943,6.5943,12,-81.8689546997229,-81.869,5.533263762099116e-7
main_cg,gpp250-2,250,250,"OPTIMAL",6.6235,6.6235,12,-81.8689546997229,-81.869,5.533263762099116e-7
main_cg,gpp250-2,250,250,"OPTIMAL",6.5056,6.5056,12,-81.8689546997229,-81.869,5.533263762099116e-7
main_cg,gpp250-3,250,250,"OPTIMAL",8.7054,8.7054,12,-303.5393146758548,-303.5,0.0001295376469681236
main_cg,gpp250-3,250,250,"OPTIMAL",8.4087,8.4087,12,-303.5393146764084,-303.5,0.0001295376487921699
main_cg,gpp250-3,250,250,"OPTIMAL",8.5237,8.5237,12,-303.5393146764084,-303.5,0.0001295376487921699
main_cg,gpp250-3,250,250,"OPTIMAL",8.6108,8.6108,12,-303.5393146764084,-303.5,0.0001295376487921699
main_cg,gpp250-3,250,250,"OPTIMAL",8.6134,8.6134,12,-303.5393146764084,-303.5,0.0001295376487921699
main_cg,gpp250-3,250,250,"OPTIMAL",8.6117,8.6116,12,-303.5393146764084,-303.5,0.0001295376487921699
main_cg,gpp250-3,250,250,"OPTIMAL",8.3394,8.3394,12,-303.5393146764084,-303.5,0.0001295376487921699
main_cg,gpp250-3,250,250,"OPTIMAL",8.3635,8.3635,12,-303.5393146764084,-303.5,0.0001295376487921699
main_cg,gpp250-3,250,250,"OPTIMAL",8.4994,8.4994,12,-303.5393146764084,-303.5,0.0001295376487921699
main_cg,gpp250-3,250,250,"OPTIMAL",8.5715,8.5714,12,-303.5393146764084,-303.5,0.0001295376487921699
main_cg,gpp250-3,250,250,"OPTIMAL",8.5503,8.5502,12,-303.5393146764084,-303.5,0.0001295376487921699
main_cg,gpp250-3,250,250,"OPTIMAL",8.513,8.513,12,-303.5393146764084,-303.5,0.0001295376487921699
main_cg,gpp250-3,250,250,"OPTIMAL",8.3085,8.3085,12,-303.5393146764084,-303.5,0.0001295376487921699
main_cg,gpp250-3,250,250,"OPTIMAL",8.586,8.5859,12,-303.5393146764084,-303.5,0.0001295376487921699
main_cg,gpp250-3,250,250,"OPTIMAL",8.5575,8.5574,12,-303.5393146764084,-303.5,0.0001295376487921699
main_cg,gpp250-3,250,250,"OPTIMAL",8.907,8.907,12,-303.5393146764084,-303.5,0.0001295376487921699
main_cg,gpp250-3,250,250,"OPTIMAL",8.6402,8.6402,12,-303.5393146764084,-303.5,0.0001295376487921699
main_cg,gpp250-3,250,250,"OPTIMAL",8.5215,8.5215,12,-303.5393146764084,-303.5,0.0001295376487921699
main_cg,gpp250-3,250,250,"OPTIMAL",8.296,8.2959,12,-303.5393146764084,-303.5,0.0001295376487921699
main_cg,gpp250-3,250,250,"OPTIMAL",8.6178,8.6178,12,-303.5393146764084,-303.5,0.0001295376487921699
main_cg,gpp250-3,250,250,"OPTIMAL",8.45,8.45,12,-303.5393146764084,-303.5,0.0001295376487921699
main_cg,gpp250-3,250,250,"OPTIMAL",8.4963,8.4963,12,-303.5393146764084,-303.5,0.0001295376487921699
main_cg,gpp250-3,250,250,"OPTIMAL",8.5357,8.5357,12,-303.5393146764084,-303.5,0.0001295376487921699
main_cg,gpp250-3,250,250,"OPTIMAL",8.3057,8.3056,12,-303.5393146764084,-303.5,0.0001295376487921699
main_cg,gpp250-3,250,250,"OPTIMAL",8.5607,8.5607,12,-303.5393146764084,-303.5,0.0001295376487921699
main_cg,gpp250-3,250,250,"OPTIMAL",8.5802,8.5802,12,-303.5393146764084,-303.5,0.0001295376487921699
main_cg,gpp250-3,250,250,"OPTIMAL",8.3835,8.3835,12,-303.5393146764084,-303.5,0.0001295376487921699
main_cg,gpp250-3,250,250,"OPTIMAL",9.451,9.451,12,-303.5393146764084,-303.5,0.0001295376487921699
main_cg,gpp250-3,250,250,"OPTIMAL",8.2779,8.2779,12,-303.5393146764084,-303.5,0.0001295376487921699
main_cg,gpp250-3,250,250,"OPTIMAL",8.5649,8.5649,12,-303.5393146764084,-303.5,0.0001295376487921699
main_cg,gpp250-3,250,250,"OPTIMAL",8.5191,8.519,12,-303.5393146764084,-303.5,0.0001295376487921699
main_cg,gpp250-3,250,250,"OPTIMAL",9.3112,9.3112,12,-303.5393146764084,-303.5,0.0001295376487921699
main_cg,gpp250-4,250,250,"OPTIMAL",7.422,7.422,12,-747.3282924830224,-747.3,3.7859605275636135e-5
main_cg,gpp250-4,250,250,"OPTIMAL",7.4186,7.4186,12,-747.3282924900756,-747.3,3.7859614713788706e-5
main_cg,gpp250-4,250,250,"OPTIMAL",7.4339,7.4339,12,-747.3282924900756,-747.3,3.7859614713788706e-5
main_cg,gpp250-4,250,250,"OPTIMAL",7.0808,7.0808,12,-747.3282924900756,-747.3,3.7859614713788706e-5
main_cg,gpp250-4,250,250,"OPTIMAL",7.4085,7.4085,12,-747.3282924900756,-747.3,3.7859614713788706e-5
main_cg,gpp250-4,250,250,"OPTIMAL",8.3407,8.3407,12,-747.3282924900756,-747.3,3.7859614713788706e-5
main_cg,gpp250-4,250,250,"OPTIMAL",7.4569,7.4569,12,-747.3282924900756,-747.3,3.7859614713788706e-5
main_cg,gpp250-4,250,250,"OPTIMAL",7.4447,7.4447,12,-747.3282924900756,-747.3,3.7859614713788706e-5
main_cg,gpp250-4,250,250,"OPTIMAL",7.675,7.675,12,-747.3282924900756,-747.3,3.7859614713788706e-5
main_cg,gpp250-4,250,250,"OPTIMAL",7.1813,7.1813,12,-747.3282924900756,-747.3,3.7859614713788706e-5
main_cg,gpp250-4,250,250,"OPTIMAL",7.2269,7.2269,12,-747.3282924900756,-747.3,3.7859614713788706e-5
main_cg,gpp250-4,250,250,"OPTIMAL",7.6302,7.6302,12,-747.3282924900756,-747.3,3.7859614713788706e-5
main_cg,gpp250-4,250,250,"OPTIMAL",7.3848,7.3848,12,-747.3282924900756,-747.3,3.7859614713788706e-5
main_cg,gpp250-4,250,250,"OPTIMAL",7.1916,7.1916,12,-747.3282924900756,-747.3,3.7859614713788706e-5
main_cg,gpp250-4,250,250,"OPTIMAL",7.4902,7.4902,12,-747.3282924900756,-747.3,3.7859614713788706e-5
main_cg,gpp250-4,250,250,"OPTIMAL",7.6041,7.6041,12,-747.3282924900756,-747.3,3.7859614713788706e-5
main_cg,gpp250-4,250,250,"OPTIMAL",7.5251,7.525,12,-747.3282924900756,-747.3,3.7859614713788706e-5
main_cg,gpp250-4,250,250,"OPTIMAL",7.4552,7.4552,12,-747.3282924900756,-747.3,3.7859614713788706e-5
main_cg,gpp250-4,250,250,"OPTIMAL",7.7803,7.7803,12,-747.3282924900756,-747.3,3.7859614713788706e-5
main_cg,gpp250-4,250,250,"OPTIMAL",7.392,7.392,12,-747.3282924900756,-747.3,3.7859614713788706e-5
main_cg,gpp250-4,250,250,"OPTIMAL",7.4943,7.4942,12,-747.3282924900756,-747.3,3.7859614713788706e-5
main_cg,gpp250-4,250,250,"OPTIMAL",7.4355,7.4354,12,-747.3282924900756,-747.3,3.7859614713788706e-5
main_cg,gpp250-4,250,250,"OPTIMAL",7.2739,7.2739,12,-747.3282924900756,-747.3,3.7859614713788706e-5
main_cg,gpp250-4,250,250,"OPTIMAL",7.2192,7.2192,12,-747.3282924900756,-747.3,3.7859614713788706e-5
main_cg,gpp250-4,250,250,"OPTIMAL",7.5174,7.5174,12,-747.3282924900756,-747.3,3.7859614713788706e-5
main_cg,gpp250-4,250,250,"OPTIMAL",7.6885,7.6885,12,-747.3282924900756,-747.3,3.7859614713788706e-5
main_cg,gpp250-4,250,250,"OPTIMAL",8.4264,8.4264,12,-747.3282924900756,-747.3,3.7859614713788706e-5
main_cg,gpp250-4,250,250,"OPTIMAL",7.3928,7.3928,12,-747.3282924900756,-747.3,3.7859614713788706e-5
main_cg,gpp250-4,250,250,"OPTIMAL",7.3591,7.3591,12,-747.3282924900756,-747.3,3.7859614713788706e-5
main_cg,gpp250-4,250,250,"OPTIMAL",7.4473,7.4473,12,-747.3282924900756,-747.3,3.7859614713788706e-5
main_cg,gpp250-4,250,250,"OPTIMAL",7.1427,7.1427,12,-747.3282924900756,-747.3,3.7859614713788706e-5
main_cg,gpp250-4,250,250,"OPTIMAL",7.4199,7.4199,12,-747.3282924900756,-747.3,3.7859614713788706e-5
main_cg,mcp250-1,250,250,"OPTIMAL",4.6874,4.6874,12,317.2643645644558,317.2643,2.0350369008902428e-7
main_cg,mcp250-1,250,250,"OPTIMAL",4.4667,4.4667,12,317.2643645644558,317.2643,2.0350369008902428e-7
main_cg,mcp250-1,250,250,"OPTIMAL",5.0403,5.0403,12,317.2643645644558,317.2643,2.0350369008902428e-7
main_cg,mcp250-1,250,250,"OPTIMAL",4.7459,4.7459,12,317.2643645644558,317.2643,2.0350369008902428e-7
main_cg,mcp250-1,250,250,"OPTIMAL",4.5098,4.5098,12,317.2643645644558,317.2643,2.0350369008902428e-7
main_cg,mcp250-1,250,250,"OPTIMAL",4.7363,4.7363,12,317.2643645644558,317.2643,2.0350369008902428e-7
main_cg,mcp250-1,250,250,"OPTIMAL",4.7359,4.7359,12,317.2643645644558,317.2643,2.0350369008902428e-7
main_cg,mcp250-1,250,250,"OPTIMAL",4.4715,4.4715,12,317.2643645644558,317.2643,2.0350369008902428e-7
main_cg,mcp250-1,250,250,"OPTIMAL",4.6867,4.6867,12,317.2643645644558,317.2643,2.0350369008902428e-7
main_cg,mcp250-1,250,250,"OPTIMAL",4.4097,4.4096,12,317.2643645644558,317.2643,2.0350369008902428e-7
main_cg,mcp250-1,250,250,"OPTIMAL",4.6653,4.6653,12,317.2643645644558,317.2643,2.0350369008902428e-7
main_cg,mcp250-1,250,250,"OPTIMAL",4.5758,4.5758,12,317.2643645644558,317.2643,2.0350369008902428e-7
main_cg,mcp250-1,250,250,"OPTIMAL",4.4837,4.4836,12,317.2643645644558,317.2643,2.0350369008902428e-7
main_cg,mcp250-1,250,250,"OPTIMAL",4.4066,4.4066,12,317.2643645644558,317.2643,2.0350369008902428e-7
main_cg,mcp250-1,250,250,"OPTIMAL",5.9665,5.9665,12,317.2643645644558,317.2643,2.0350369008902428e-7
main_cg,mcp250-1,250,250,"OPTIMAL",4.7048,4.7048,12,317.2643645644558,317.2643,2.0350369008902428e-7
main_cg,mcp250-1,250,250,"OPTIMAL",4.7919,4.7919,12,317.2643645644558,317.2643,2.0350369008902428e-7
main_cg,mcp250-1,250,250,"OPTIMAL",4.6909,4.6909,12,317.2643645644558,317.2643,2.0350369008902428e-7
main_cg,mcp250-1,250,250,"OPTIMAL",5.5115,5.5115,12,317.2643645644558,317.2643,2.0350369008902428e-7
main_cg,mcp250-1,250,250,"OPTIMAL",4.4697,4.4697,12,317.2643645644558,317.2643,2.0350369008902428e-7
main_cg,mcp250-1,250,250,"OPTIMAL",4.7606,4.7606,12,317.2643645644558,317.2643,2.0350369008902428e-7
main_cg,mcp250-1,250,250,"OPTIMAL",5.4445,5.4445,12,317.2643645644558,317.2643,2.0350369008902428e-7
main_cg,mcp250-1,250,250,"OPTIMAL",4.4956,4.4956,12,317.2643645644558,317.2643,2.0350369008902428e-7
main_cg,mcp250-1,250,250,"OPTIMAL",4.7228,4.7228,12,317.2643645644558,317.2643,2.0350369008902428e-7
main_cg,mcp250-1,250,250,"OPTIMAL",4.7567,4.7567,12,317.2643645644558,317.2643,2.0350369008902428e-7
main_cg,mcp250-1,250,250,"OPTIMAL",4.4761,4.4761,12,317.2643645644558,317.2643,2.0350369008902428e-7
main_cg,mcp250-1,250,250,"OPTIMAL",5.0409,5.0409,12,317.2643645644558,317.2643,2.0350369008902428e-7
main_cg,mcp250-1,250,250,"OPTIMAL",4.7013,4.7013,12,317.2643645644558,317.2643,2.0350369008902428e-7
main_cg,mcp250-1,250,250,"OPTIMAL",4.7363,4.7362,12,317.2643645644558,317.2643,2.0350369008902428e-7
main_cg,mcp250-1,250,250,"OPTIMAL",4.6777,4.6777,12,317.2643645644558,317.2643,2.0350369008902428e-7
main_cg,mcp250-1,250,250,"OPTIMAL",4.5122,4.5121,12,317.2643645644558,317.2643,2.0350369008902428e-7
main_cg,mcp250-1,250,250,"OPTIMAL",4.2735,4.2735,12,317.2643645644558,317.2643,2.0350369008902428e-7
main_cg,mcp250-2,250,250,"OPTIMAL",4.9061,4.9061,11,531.9300971667509,531.9301,5.326356115355234e-9
main_cg,mcp250-2,250,250,"OPTIMAL",3.9042,3.9042,11,531.9300971667509,531.9301,5.326356115355234e-9
main_cg,mcp250-2,250,250,"OPTIMAL",3.9847,3.9847,11,531.9300971667509,531.9301,5.326356115355234e-9
main_cg,mcp250-2,250,250,"OPTIMAL",4.0142,4.0142,11,531.9300971667509,531.9301,5.326356115355234e-9
main_cg,mcp250-2,250,250,"OPTIMAL",3.7011,3.7011,11,531.9300971667509,531.9301,5.326356115355234e-9
main_cg,mcp250-2,250,250,"OPTIMAL",3.9639,3.9639,11,531.9300971667509,531.9301,5.326356115355234e-9
main_cg,mcp250-2,250,250,"OPTIMAL",4.3488,4.3488,11,531.9300971667509,531.9301,5.326356115355234e-9
main_cg,mcp250-2,250,250,"OPTIMAL",3.8983,3.8983,11,531.9300971667509,531.9301,5.326356115355234e-9
main_cg,mcp250-2,250,250,"OPTIMAL",4.1097,4.1097,11,531.9300971667509,531.9301,5.326356115355234e-9
main_cg,mcp250-2,250,250,"OPTIMAL",3.914,3.914,11,531.9300971667509,531.9301,5.326356115355234e-9
main_cg,mcp250-2,250,250,"OPTIMAL",4.1872,4.1872,11,531.9300971667509,531.9301,5.326356115355234e-9
main_cg,mcp250-2,250,250,"OPTIMAL",4.1365,4.1364,11,531.9300971667509,531.9301,5.326356115355234e-9
main_cg,mcp250-2,250,250,"OPTIMAL",3.9836,3.9835,11,531.9300971667509,531.9301,5.326356115355234e-9
main_cg,mcp250-2,250,250,"OPTIMAL",4.2001,4.2001,11,531.9300971667509,531.9301,5.326356115355234e-9
main_cg,mcp250-2,250,250,"OPTIMAL",4.1645,4.1645,11,531.9300971667509,531.9301,5.326356115355234e-9
main_cg,mcp250-2,250,250,"OPTIMAL",3.9152,3.9152,11,531.9300971667509,531.9301,5.326356115355234e-9
main_cg,mcp250-2,250,250,"OPTIMAL",4.242,4.2419,11,531.9300971667509,531.9301,5.326356115355234e-9
main_cg,mcp250-2,250,250,"OPTIMAL",4.826,4.826,11,531.9300971667509,531.9301,5.326356115355234e-9
main_cg,mcp250-2,250,250,"OPTIMAL",3.9402,3.9402,11,531.9300971667509,531.9301,5.326356115355234e-9
main_cg,mcp250-2,250,250,"OPTIMAL",5.1903,5.1903,11,531.9300971667509,531.9301,5.326356115355234e-9
main_cg,mcp250-2,250,250,"OPTIMAL",3.9537,3.9537,11,531.9300971667509,531.9301,5.326356115355234e-9
main_cg,mcp250-2,250,250,"OPTIMAL",4.2563,4.2563,11,531.9300971667509,531.9301,5.326356115355234e-9
main_cg,mcp250-2,250,250,"OPTIMAL",3.9735,3.9735,11,531.9300971667509,531.9301,5.326356115355234e-9
main_cg,mcp250-2,250,250,"OPTIMAL",4.1695,4.1694,11,531.9300971667509,531.9301,5.326356115355234e-9
main_cg,mcp250-2,250,250,"OPTIMAL",4.1443,4.1442,11,531.9300971667509,531.9301,5.326356115355234e-9
main_cg,mcp250-2,250,250,"OPTIMAL",3.8507,3.8507,11,531.9300971667509,531.9301,5.326356115355234e-9
main_cg,mcp250-2,250,250,"OPTIMAL",4.0001,4.0001,11,531.9300971667509,531.9301,5.326356115355234e-9
main_cg,mcp250-2,250,250,"OPTIMAL",3.7058,3.7058,11,531.9300971667509,531.9301,5.326356115355234e-9
main_cg,mcp250-2,250,250,"OPTIMAL",4.0035,4.0034,11,531.9300971667509,531.9301,5.326356115355234e-9
main_cg,mcp250-2,250,250,"OPTIMAL",3.7317,3.7317,11,531.9300971667509,531.9301,5.326356115355234e-9
main_cg,mcp250-2,250,250,"OPTIMAL",4.0717,4.0717,11,531.9300971667509,531.9301,5.326356115355234e-9
main_cg,mcp250-2,250,250,"OPTIMAL",4.0224,4.0223,11,531.9300971667509,531.9301,5.326356115355234e-9
main_cg,mcp250-3,250,250,"OPTIMAL",4.9192,4.9192,11,981.1725844628982,981.1726,1.5835238194469522e-8
main_cg,mcp250-3,250,250,"OPTIMAL",4.9743,4.9743,11,981.1725844628982,981.1726,1.5835238194469522e-8
main_cg,mcp250-3,250,250,"OPTIMAL",4.9169,4.9169,11,981.1725844628982,981.1726,1.5835238194469522e-8
main_cg,mcp250-3,250,250,"OPTIMAL",4.9629,4.9629,11,981.1725844628982,981.1726,1.5835238194469522e-8
main_cg,mcp250-3,250,250,"OPTIMAL",5.012,5.012,11,981.1725844628982,981.1726,1.5835238194469522e-8
main_cg,mcp250-3,250,250,"OPTIMAL",4.9088,4.9087,11,981.1725844628982,981.1726,1.5835238194469522e-8
main_cg,mcp250-3,250,250,"OPTIMAL",5.1852,5.1852,11,981.1725844628982,981.1726,1.5835238194469522e-8
main_cg,mcp250-3,250,250,"OPTIMAL",5.1035,5.1035,11,981.1725844628982,981.1726,1.5835238194469522e-8
main_cg,mcp250-3,250,250,"OPTIMAL",4.8966,4.8966,11,981.1725844628982,981.1726,1.5835238194469522e-8
main_cg,mcp250-3,250,250,"OPTIMAL",5.1938,5.1938,11,981.1725844628982,981.1726,1.5835238194469522e-8
main_cg,mcp250-3,250,250,"OPTIMAL",5.1311,5.1311,11,981.1725844628982,981.1726,1.5835238194469522e-8
main_cg,mcp250-3,250,250,"OPTIMAL",4.9107,4.9107,11,981.1725844628982,981.1726,1.5835238194469522e-8
main_cg,mcp250-3,250,250,"OPTIMAL",5.2169,5.2168,11,981.1725844628982,981.1726,1.5835238194469522e-8
main_cg,mcp250-3,250,250,"OPTIMAL",4.8726,4.8725,11,981.1725844628982,981.1726,1.5835238194469522e-8
main_cg,mcp250-3,250,250,"OPTIMAL",5.1912,5.1912,11,981.1725844628982,981.1726,1.5835238194469522e-8
main_cg,mcp250-3,250,250,"OPTIMAL",5.165,5.165,11,981.1725844628982,981.1726,1.5835238194469522e-8
main_cg,mcp250-3,250,250,"OPTIMAL",4.8948,4.8948,11,981.1725844628982,981.1726,1.5835238194469522e-8
main_cg,mcp250-3,250,250,"OPTIMAL",5.1134,5.1134,11,981.1725844628982,981.1726,1.5835238194469522e-8
main_cg,mcp250-3,250,250,"OPTIMAL",5.1547,5.1547,11,981.1725844628982,981.1726,1.5835238194469522e-8
main_cg,mcp250-3,250,250,"OPTIMAL",5.705,5.705,11,981.1725844628982,981.1726,1.5835238194469522e-8
main_cg,mcp250-3,250,250,"OPTIMAL",5.1454,5.1454,11,981.1725844628982,981.1726,1.5835238194469522e-8
main_cg,mcp250-3,250,250,"OPTIMAL",5.0814,5.0813,11,981.1725844628982,981.1726,1.5835238194469522e-8
main_cg,mcp250-3,250,250,"OPTIMAL",5.2992,5.2991,11,981.1725844628982,981.1726,1.5835238194469522e-8
main_cg,mcp250-3,250,250,"OPTIMAL",5.1294,5.1294,11,981.1725844628982,981.1726,1.5835238194469522e-8
main_cg,mcp250-3,250,250,"OPTIMAL",5.0837,5.0837,11,981.1725844628982,981.1726,1.5835238194469522e-8
main_cg,mcp250-3,250,250,"OPTIMAL",4.8532,4.8532,11,981.1725844628982,981.1726,1.5835238194469522e-8
main_cg,mcp250-3,250,250,"OPTIMAL",4.9484,4.9484,11,981.1725844628982,981.1726,1.5835238194469522e-8
main_cg,mcp250-3,250,250,"OPTIMAL",4.9631,4.9631,11,981.1725844628982,981.1726,1.5835238194469522e-8
main_cg,mcp250-3,250,250,"OPTIMAL",4.6858,4.6858,11,981.1725844628982,981.1726,1.5835238194469522e-8
main_cg,mcp250-3,250,250,"OPTIMAL",4.9319,4.9319,11,981.1725844628982,981.1726,1.5835238194469522e-8
main_cg,mcp250-3,250,250,"OPTIMAL",4.9675,4.9675,11,981.1725844628982,981.1726,1.5835238194469522e-8
main_cg,mcp250-3,250,250,"OPTIMAL",4.6623,4.6623,11,981.1725844628982,981.1726,1.5835238194469522e-8
main_cg,mcp250-4,250,250,"OPTIMAL",4.8886,4.8886,11,1681.960138796952,1681.96,8.252095881432573e-8
main_cg,mcp250-4,250,250,"OPTIMAL",4.7143,4.7143,11,1681.960138796952,1681.96,8.252095881432573e-8
main_cg,mcp250-4,250,250,"OPTIMAL",4.9554,4.9554,11,1681.960138796952,1681.96,8.252095881432573e-8
main_cg,mcp250-4,250,250,"OPTIMAL",5.7017,5.7017,11,1681.960138796952,1681.96,8.252095881432573e-8
main_cg,mcp250-4,250,250,"OPTIMAL",4.6559,4.6559,11,1681.960138796952,1681.96,8.252095881432573e-8
main_cg,mcp250-4,250,250,"OPTIMAL",4.9301,4.93,11,1681.960138796952,1681.96,8.252095881432573e-8
main_cg,mcp250-4,250,250,"OPTIMAL",5.0267,5.0267,11,1681.960138796952,1681.96,8.252095881432573e-8
main_cg,mcp250-4,250,250,"OPTIMAL",5.0361,5.0361,11,1681.960138796952,1681.96,8.252095881432573e-8
main_cg,mcp250-4,250,250,"OPTIMAL",4.9825,4.9825,11,1681.960138796952,1681.96,8.252095881432573e-8
main_cg,mcp250-4,250,250,"OPTIMAL",4.7418,4.7418,11,1681.960138796952,1681.96,8.252095881432573e-8
main_cg,mcp250-4,250,250,"OPTIMAL",5.0045,5.0045,11,1681.960138796952,1681.96,8.252095881432573e-8
main_cg,mcp250-4,250,250,"OPTIMAL",4.9744,4.9744,11,1681.960138796952,1681.96,8.252095881432573e-8
main_cg,mcp250-4,250,250,"OPTIMAL",4.5437,4.5437,11,1681.960138796952,1681.96,8.252095881432573e-8
main_cg,mcp250-4,250,250,"OPTIMAL",4.7729,4.7729,11,1681.960138796952,1681.96,8.252095881432573e-8
main_cg,mcp250-4,250,250,"OPTIMAL",4.801,4.801,11,1681.960138796952,1681.96,8.252095881432573e-8
main_cg,mcp250-4,250,250,"OPTIMAL",4.5155,4.5155,11,1681.960138796952,1681.96,8.252095881432573e-8
main_cg,mcp250-4,250,250,"OPTIMAL",4.9404,4.9404,11,1681.960138796952,1681.96,8.252095881432573e-8
main_cg,mcp250-4,250,250,"OPTIMAL",4.8608,4.8608,11,1681.960138796952,1681.96,8.252095881432573e-8
main_cg,mcp250-4,250,250,"OPTIMAL",4.9884,4.9884,11,1681.960138796952,1681.96,8.252095881432573e-8
main_cg,mcp250-4,250,250,"OPTIMAL",5.0087,5.0087,11,1681.960138796952,1681.96,8.252095881432573e-8
main_cg,mcp250-4,250,250,"OPTIMAL",4.7264,4.7263,11,1681.960138796952,1681.96,8.252095881432573e-8
main_cg,mcp250-4,250,250,"OPTIMAL",5.4048,5.4048,11,1681.960138796952,1681.96,8.252095881432573e-8
main_cg,mcp250-4,250,250,"OPTIMAL",5.0048,5.0048,11,1681.960138796952,1681.96,8.252095881432573e-8
main_cg,mcp250-4,250,250,"OPTIMAL",4.6949,4.6949,11,1681.960138796952,1681.96,8.252095881432573e-8
main_cg,mcp250-4,250,250,"OPTIMAL",5.0426,5.0426,11,1681.960138796952,1681.96,8.252095881432573e-8
main_cg,mcp250-4,250,250,"OPTIMAL",4.9942,4.9941,11,1681.960138796952,1681.96,8.252095881432573e-8
main_cg,mcp250-4,250,250,"OPTIMAL",4.7985,4.7984,11,1681.960138796952,1681.96,8.252095881432573e-8
main_cg,mcp250-4,250,250,"OPTIMAL",5.2678,5.2678,11,1681.960138796952,1681.96,8.252095881432573e-8
main_cg,mcp250-4,250,250,"OPTIMAL",5.2525,5.2525,11,1681.960138796952,1681.96,8.252095881432573e-8
main_cg,mcp250-4,250,250,"OPTIMAL",4.7383,4.7383,11,1681.960138796952,1681.96,8.252095881432573e-8
main_cg,mcp250-4,250,250,"OPTIMAL",5.0015,5.0015,11,1681.960138796952,1681.96,8.252095881432573e-8
main_cg,mcp250-4,250,250,"OPTIMAL",4.6873,4.6873,11,1681.960138796952,1681.96,8.252095881432573e-8
main_cg,truss7,86,301,"OPTIMAL",0.1322,0.13219,26,-900.0013877557734,-900.001,4.308392695467101e-7
main_cg,truss7,86,301,"OPTIMAL",0.090452,0.090439,26,-900.0013877557734,-900.001,4.308392695467101e-7
main_cg,truss7,86,301,"OPTIMAL",0.085254,0.085243,26,-900.0013877557734,-900.001,4.308392695467101e-7
main_cg,truss7,86,301,"OPTIMAL",0.071819,0.071811,26,-900.0013877557734,-900.001,4.308392695467101e-7
main_cg,truss7,86,301,"OPTIMAL",0.081295,0.081284,26,-900.0013877557734,-900.001,4.308392695467101e-7
main_cg,truss7,86,301,"OPTIMAL",0.077748,0.077736,26,-900.0013877557734,-900.001,4.308392695467101e-7
main_cg,truss7,86,301,"OPTIMAL",0.080949,0.080936,26,-900.0013877557734,-900.001,4.308392695467101e-7
main_cg,truss7,86,301,"OPTIMAL",0.080202,0.08019,26,-900.0013877557734,-900.001,4.308392695467101e-7
main_cg,truss7,86,301,"OPTIMAL",0.073978,0.073969,26,-900.0013877557734,-900.001,4.308392695467101e-7
main_cg,truss7,86,301,"OPTIMAL",0.082708,0.082693,26,-900.0013877557734,-900.001,4.308392695467101e-7
main_cg,truss7,86,301,"OPTIMAL",0.075147,0.075133,26,-900.0013877557734,-900.001,4.308392695467101e-7
main_cg,truss7,86,301,"OPTIMAL",0.093081,0.093068,26,-900.0013877557734,-900.001,4.308392695467101e-7
main_cg,truss7,86,301,"OPTIMAL",0.074641,0.074632,26,-900.0013877557734,-900.001,4.308392695467101e-7
main_cg,truss7,86,301,"OPTIMAL",0.078104,0.078092,26,-900.0013877557734,-900.001,4.308392695467101e-7
main_cg,truss7,86,301,"OPTIMAL",0.072516,0.072507,26,-900.0013877557734,-900.001,4.308392695467101e-7
main_cg,truss7,86,301,"OPTIMAL",0.079636,0.079624,26,-900.0013877557734,-900.001,4.308392695467101e-7
main_cg,truss7,86,301,"OPTIMAL",0.072134,0.072125,26,-900.0013877557734,-900.001,4.308392695467101e-7
main_cg,truss7,86,301,"OPTIMAL",0.096384,0.096375,26,-900.0013877557734,-900.001,4.308392695467101e-7
main_cg,truss7,86,301,"OPTIMAL",0.073146,0.073137,26,-900.0013877557734,-900.001,4.308392695467101e-7
main_cg,truss7,86,301,"OPTIMAL",0.07843,0.078418,26,-900.0013877557734,-900.001,4.308392695467101e-7
main_cg,truss7,86,301,"OPTIMAL",0.075576,0.075562,26,-900.0013877557734,-900.001,4.308392695467101e-7
main_cg,truss7,86,301,"OPTIMAL",0.13473,0.13472,26,-900.0013877557734,-900.001,4.308392695467101e-7
main_cg,truss7,86,301,"OPTIMAL",0.30368,0.30367,26,-900.0013877557734,-900.001,4.308392695467101e-7
main_cg,truss7,86,301,"OPTIMAL",0.067181,0.067172,26,-900.0013877557734,-900.001,4.308392695467101e-7
main_cg,truss7,86,301,"OPTIMAL",0.067235,0.067223,26,-900.0013877557734,-900.001,4.308392695467101e-7
main_cg,truss7,86,301,"OPTIMAL",0.064719,0.064708,26,-900.0013877557734,-900.001,4.308392695467101e-7
main_cg,truss7,86,301,"OPTIMAL",0.066531,0.066522,26,-900.0013877557734,-900.001,4.308392695467101e-7
main_cg,truss7,86,301,"OPTIMAL",0.1132,0.11319,26,-900.0013877557734,-900.001,4.308392695467101e-7
main_cg,truss7,86,301,"OPTIMAL",0.071485,0.071474,26,-900.0013877557734,-900.001,4.308392695467101e-7
main_cg,truss7,86,301,"OPTIMAL",0.098372,0.098354,26,-900.0013877557734,-900.001,4.308392695467101e-7
main_cg,truss7,86,301,"OPTIMAL",0.067182,0.067172,26,-900.0013877557734,-900.001,4.308392695467101e-7
main_cg,truss7,86,301,"OPTIMAL",0.097582,0.097573,26,-900.0013877557734,-900.001,4.308392695467101e-7
main_cg,truss5,208,331,"ERROR: On worker 17:
ArgumentError: reducing over an empty collecti",NaN,NaN,-1,NaN,-132.6357,NaN
main_cg,arch0,174,335,"OPTIMAL",1.4442,1.4441,22,0.566517322753308,0.566517,3.22753307968604e-7
main_cg,arch0,174,335,"OPTIMAL",1.9575,1.9575,22,0.566517322753308,0.566517,3.22753307968604e-7
main_cg,arch0,174,335,"OPTIMAL",1.6033,1.6032,22,0.566517322753308,0.566517,3.22753307968604e-7
main_cg,arch0,174,335,"OPTIMAL",1.5838,1.5838,22,0.566517322753308,0.566517,3.22753307968604e-7
main_cg,arch0,174,335,"OPTIMAL",1.9856,1.9856,22,0.566517322753308,0.566517,3.22753307968604e-7
main_cg,arch0,174,335,"OPTIMAL",1.6069,1.6069,22,0.566517322753308,0.566517,3.22753307968604e-7
main_cg,arch0,174,335,"OPTIMAL",1.5893,1.5893,22,0.566517322753308,0.566517,3.22753307968604e-7
main_cg,arch0,174,335,"OPTIMAL",1.9894,1.9893,22,0.566517322753308,0.566517,3.22753307968604e-7
main_cg,arch0,174,335,"OPTIMAL",1.6157,1.6157,22,0.566517322753308,0.566517,3.22753307968604e-7
main_cg,arch0,174,335,"OPTIMAL",1.4964,1.4964,22,0.566517322753308,0.566517,3.22753307968604e-7
main_cg,arch0,174,335,"OPTIMAL",1.7792,1.7792,22,0.566517322753308,0.566517,3.22753307968604e-7
main_cg,arch0,174,335,"OPTIMAL",1.4259,1.4259,22,0.566517322753308,0.566517,3.22753307968604e-7
main_cg,arch0,174,335,"OPTIMAL",1.4611,1.4611,22,0.566517322753308,0.566517,3.22753307968604e-7
main_cg,arch0,174,335,"OPTIMAL",2.0371,2.0371,22,0.566517322753308,0.566517,3.22753307968604e-7
main_cg,arch0,174,335,"OPTIMAL",1.5777,1.5777,22,0.566517322753308,0.566517,3.22753307968604e-7
main_cg,arch0,174,335,"OPTIMAL",1.626,1.626,22,0.566517322753308,0.566517,3.22753307968604e-7
main_cg,arch0,174,335,"OPTIMAL",1.9772,1.9772,22,0.566517322753308,0.566517,3.22753307968604e-7
main_cg,arch0,174,335,"OPTIMAL",1.598,1.598,22,0.566517322753308,0.566517,3.22753307968604e-7
main_cg,arch0,174,335,"OPTIMAL",1.6225,1.6225,22,0.566517322753308,0.566517,3.22753307968604e-7
main_cg,arch0,174,335,"OPTIMAL",1.9853,1.9852,22,0.566517322753308,0.566517,3.22753307968604e-7
main_cg,arch0,174,335,"OPTIMAL",1.5808,1.5808,22,0.566517322753308,0.566517,3.22753307968604e-7
main_cg,arch0,174,335,"OPTIMAL",1.4229,1.4229,22,0.566517322753308,0.566517,3.22753307968604e-7
main_cg,arch0,174,335,"OPTIMAL",1.9759,1.9759,22,0.566517322753308,0.566517,3.22753307968604e-7
main_cg,arch0,174,335,"OPTIMAL",1.5786,1.5786,22,0.566517322753308,0.566517,3.22753307968604e-7
main_cg,arch0,174,335,"OPTIMAL",1.6035,1.6035,22,0.566517322753308,0.566517,3.22753307968604e-7
main_cg,arch0,174,335,"OPTIMAL",1.93,1.93,22,0.566517322753308,0.566517,3.22753307968604e-7
main_cg,arch0,174,335,"OPTIMAL",1.5621,1.5621,22,0.566517322753308,0.566517,3.22753307968604e-7
main_cg,arch0,174,335,"OPTIMAL",1.6374,1.6374,22,0.566517322753308,0.566517,3.22753307968604e-7
main_cg,arch0,174,335,"OPTIMAL",1.9896,1.9896,22,0.566517322753308,0.566517,3.22753307968604e-7
main_cg,arch0,174,335,"OPTIMAL",1.5699,1.5699,22,0.566517322753308,0.566517,3.22753307968604e-7
main_cg,arch0,174,335,"OPTIMAL",1.5967,1.5967,22,0.566517322753308,0.566517,3.22753307968604e-7
main_cg,arch0,174,335,"OPTIMAL",1.9718,1.9718,22,0.566517322753308,0.566517,3.22753307968604e-7
main_cg,arch2,174,335,"OPTIMAL",1.3945,1.3945,20,0.6715155696160573,0.671515,5.696160573220865e-7
main_cg,arch2,174,335,"OPTIMAL",1.8655,1.8655,20,0.6715155696160573,0.671515,5.696160573220865e-7
main_cg,arch2,174,335,"OPTIMAL",1.5125,1.5124,20,0.6715155696160573,0.671515,5.696160573220865e-7
main_cg,arch2,174,335,"OPTIMAL",1.5037,1.5037,20,0.6715155696160573,0.671515,5.696160573220865e-7
main_cg,arch2,174,335,"OPTIMAL",1.8256,1.8256,20,0.6715155696160573,0.671515,5.696160573220865e-7
main_cg,arch2,174,335,"OPTIMAL",1.6919,1.6919,20,0.6715155696160573,0.671515,5.696160573220865e-7
main_cg,arch2,174,335,"OPTIMAL",1.4832,1.4831,20,0.6715155696160573,0.671515,5.696160573220865e-7
main_cg,arch2,174,335,"OPTIMAL",1.7589,1.7588,20,0.6715155696160573,0.671515,5.696160573220865e-7
main_cg,arch2,174,335,"OPTIMAL",1.5839,1.5839,20,0.6715155696160573,0.671515,5.696160573220865e-7
main_cg,arch2,174,335,"OPTIMAL",1.5137,1.5136,20,0.6715155696160573,0.671515,5.696160573220865e-7
main_cg,arch2,174,335,"OPTIMAL",1.6153,1.6153,20,0.6715155696160573,0.671515,5.696160573220865e-7
main_cg,arch2,174,335,"OPTIMAL",1.8113,1.8113,20,0.6715155696160573,0.671515,5.696160573220865e-7
main_cg,arch2,174,335,"OPTIMAL",1.4791,1.4791,20,0.6715155696160573,0.671515,5.696160573220865e-7
main_cg,arch2,174,335,"OPTIMAL",1.5328,1.5328,20,0.6715155696160573,0.671515,5.696160573220865e-7
main_cg,arch2,174,335,"OPTIMAL",1.8586,1.8586,20,0.6715155696160573,0.671515,5.696160573220865e-7
main_cg,arch2,174,335,"OPTIMAL",1.4873,1.4873,20,0.6715155696160573,0.671515,5.696160573220865e-7
main_cg,arch2,174,335,"OPTIMAL",1.4809,1.4809,20,0.6715155696160573,0.671515,5.696160573220865e-7
main_cg,arch2,174,335,"OPTIMAL",1.7672,1.7671,20,0.6715155696160573,0.671515,5.696160573220865e-7
main_cg,arch2,174,335,"OPTIMAL",1.534,1.534,20,0.6715155696160573,0.671515,5.696160573220865e-7
main_cg,arch2,174,335,"OPTIMAL",1.5012,1.5012,20,0.6715155696160573,0.671515,5.696160573220865e-7
main_cg,arch2,174,335,"OPTIMAL",1.794,1.794,20,0.6715155696160573,0.671515,5.696160573220865e-7
main_cg,arch2,174,335,"OPTIMAL",1.5523,1.5523,20,0.6715155696160573,0.671515,5.696160573220865e-7
main_cg,arch2,174,335,"OPTIMAL",1.5047,1.5047,20,0.6715155696160573,0.671515,5.696160573220865e-7
main_cg,arch2,174,335,"OPTIMAL",1.5168,1.5168,20,0.6715155696160573,0.671515,5.696160573220865e-7
main_cg,arch2,174,335,"OPTIMAL",1.8664,1.8664,20,0.6715155696160573,0.671515,5.696160573220865e-7
main_cg,arch2,174,335,"OPTIMAL",1.5132,1.5132,20,0.6715155696160573,0.671515,5.696160573220865e-7
main_cg,arch2,174,335,"OPTIMAL",1.7366,1.7366,20,0.6715155696160573,0.671515,5.696160573220865e-7
main_cg,arch2,174,335,"OPTIMAL",1.6729,1.6729,20,0.6715155696160573,0.671515,5.696160573220865e-7
main_cg,arch2,174,335,"OPTIMAL",1.3547,1.3547,20,0.6715155696160573,0.671515,5.696160573220865e-7
main_cg,arch2,174,335,"OPTIMAL",1.3644,1.3644,20,0.6715155696160573,0.671515,5.696160573220865e-7
main_cg,arch2,174,335,"OPTIMAL",1.6838,1.6838,20,0.6715155696160573,0.671515,5.696160573220865e-7
main_cg,arch2,174,335,"OPTIMAL",1.368,1.368,20,0.6715155696160573,0.671515,5.696160573220865e-7
main_cg,arch4,174,335,"OPTIMAL",1.4225,1.4225,20,0.972627686928442,0.9726274,2.8692844200595147e-7
main_cg,arch4,174,335,"OPTIMAL",1.1297,1.1297,20,0.972627686928442,0.9726274,2.8692844200595147e-7
main_cg,arch4,174,335,"OPTIMAL",1.1322,1.1322,20,0.972627686928442,0.9726274,2.8692844200595147e-7
main_cg,arch4,174,335,"OPTIMAL",1.1563,1.1563,20,0.972627686928442,0.9726274,2.8692844200595147e-7
main_cg,arch4,174,335,"OPTIMAL",1.4241,1.4241,20,0.972627686928442,0.9726274,2.8692844200595147e-7
main_cg,arch4,174,335,"OPTIMAL",1.1327,1.1327,20,0.972627686928442,0.9726274,2.8692844200595147e-7
main_cg,arch4,174,335,"OPTIMAL",1.1488,1.1488,20,0.972627686928442,0.9726274,2.8692844200595147e-7
main_cg,arch4,174,335,"OPTIMAL",1.4957,1.4957,20,0.972627686928442,0.9726274,2.8692844200595147e-7
main_cg,arch4,174,335,"OPTIMAL",1.3323,1.3323,20,0.972627686928442,0.9726274,2.8692844200595147e-7
main_cg,arch4,174,335,"OPTIMAL",1.1614,1.1614,20,0.972627686928442,0.9726274,2.8692844200595147e-7
main_cg,arch4,174,335,"OPTIMAL",1.1661,1.1661,20,0.972627686928442,0.9726274,2.8692844200595147e-7
main_cg,arch4,174,335,"OPTIMAL",1.6174,1.6174,20,0.972627686928442,0.9726274,2.8692844200595147e-7
main_cg,arch4,174,335,"OPTIMAL",1.277,1.277,20,0.972627686928442,0.9726274,2.8692844200595147e-7
main_cg,arch4,174,335,"OPTIMAL",1.27,1.27,20,0.972627686928442,0.9726274,2.8692844200595147e-7
main_cg,arch4,174,335,"OPTIMAL",1.6323,1.6323,20,0.972627686928442,0.9726274,2.8692844200595147e-7
main_cg,arch4,174,335,"OPTIMAL",1.3049,1.3049,20,0.972627686928442,0.9726274,2.8692844200595147e-7
main_cg,arch4,174,335,"OPTIMAL",1.2798,1.2798,20,0.972627686928442,0.9726274,2.8692844200595147e-7
main_cg,arch4,174,335,"OPTIMAL",1.5701,1.5701,20,0.972627686928442,0.9726274,2.8692844200595147e-7
main_cg,arch4,174,335,"OPTIMAL",1.364,1.364,20,0.972627686928442,0.9726274,2.8692844200595147e-7
main_cg,arch4,174,335,"OPTIMAL",1.2827,1.2827,20,0.972627686928442,0.9726274,2.8692844200595147e-7
main_cg,arch4,174,335,"OPTIMAL",1.2578,1.2577,20,0.972627686928442,0.9726274,2.8692844200595147e-7
main_cg,arch4,174,335,"OPTIMAL",1.5912,1.5912,20,0.972627686928442,0.9726274,2.8692844200595147e-7
main_cg,arch4,174,335,"OPTIMAL",1.2702,1.2702,20,0.972627686928442,0.9726274,2.8692844200595147e-7
main_cg,arch4,174,335,"OPTIMAL",1.2638,1.2638,20,0.972627686928442,0.9726274,2.8692844200595147e-7
main_cg,arch4,174,335,"OPTIMAL",1.6881,1.688,20,0.972627686928442,0.9726274,2.8692844200595147e-7
main_cg,arch4,174,335,"OPTIMAL",1.2924,1.2924,20,0.972627686928442,0.9726274,2.8692844200595147e-7
main_cg,arch4,174,335,"OPTIMAL",1.2657,1.2657,20,0.972627686928442,0.9726274,2.8692844200595147e-7
main_cg,arch4,174,335,"OPTIMAL",1.6089,1.6089,20,0.972627686928442,0.9726274,2.8692844200595147e-7
main_cg,arch4,174,335,"OPTIMAL",1.3105,1.3104,20,0.972627686928442,0.9726274,2.8692844200595147e-7
main_cg,arch4,174,335,"OPTIMAL",1.2982,1.2982,20,0.972627686928442,0.9726274,2.8692844200595147e-7
main_cg,arch4,174,335,"OPTIMAL",1.5337,1.5337,20,0.972627686928442,0.9726274,2.8692844200595147e-7
main_cg,arch4,174,335,"OPTIMAL",1.1511,1.1511,20,0.972627686928442,0.9726274,2.8692844200595147e-7
main_cg,arch8,174,335,"OPTIMAL",0.87976,0.87975,20,7.056980183274226,7.05698,2.5970631349063707e-8
main_cg,arch8,174,335,"OPTIMAL",1.395,1.395,20,7.056980183274226,7.05698,2.5970631349063707e-8
main_cg,arch8,174,335,"OPTIMAL",1.0151,1.0151,20,7.056980183274226,7.05698,2.5970631349063707e-8
main_cg,arch8,174,335,"OPTIMAL",1.045,1.045,20,7.056980183274226,7.05698,2.5970631349063707e-8
main_cg,arch8,174,335,"OPTIMAL",1.3269,1.3269,20,7.056980183274226,7.05698,2.5970631349063707e-8
main_cg,arch8,174,335,"OPTIMAL",1.0745,1.0745,20,7.056980183274226,7.05698,2.5970631349063707e-8
main_cg,arch8,174,335,"OPTIMAL",1.0152,1.0152,20,7.056980183274226,7.05698,2.5970631349063707e-8
main_cg,arch8,174,335,"OPTIMAL",1.1028,1.1028,20,7.056980183274226,7.05698,2.5970631349063707e-8
main_cg,arch8,174,335,"OPTIMAL",1.2602,1.2602,20,7.056980183274226,7.05698,2.5970631349063707e-8
main_cg,arch8,174,335,"OPTIMAL",1.025,1.025,20,7.056980183274226,7.05698,2.5970631349063707e-8
main_cg,arch8,174,335,"OPTIMAL",1.0595,1.0595,20,7.056980183274226,7.05698,2.5970631349063707e-8
main_cg,arch8,174,335,"OPTIMAL",1.3833,1.3833,20,7.056980183274226,7.05698,2.5970631349063707e-8
main_cg,arch8,174,335,"OPTIMAL",0.93971,0.9397,20,7.056980183274226,7.05698,2.5970631349063707e-8
main_cg,arch8,174,335,"OPTIMAL",0.91168,0.91167,20,7.056980183274226,7.05698,2.5970631349063707e-8
main_cg,arch8,174,335,"OPTIMAL",1.1613,1.1613,20,7.056980183274226,7.05698,2.5970631349063707e-8
main_cg,arch8,174,335,"OPTIMAL",0.96001,0.95999,20,7.056980183274226,7.05698,2.5970631349063707e-8
main_cg,arch8,174,335,"OPTIMAL",0.89391,0.8939,20,7.056980183274226,7.05698,2.5970631349063707e-8
main_cg,arch8,174,335,"OPTIMAL",0.89457,0.89457,20,7.056980183274226,7.05698,2.5970631349063707e-8
main_cg,arch8,174,335,"OPTIMAL",1.2143,1.2143,20,7.056980183274226,7.05698,2.5970631349063707e-8
main_cg,arch8,174,335,"OPTIMAL",0.85984,0.85983,20,7.056980183274226,7.05698,2.5970631349063707e-8
main_cg,arch8,174,335,"OPTIMAL",0.89692,0.8969,20,7.056980183274226,7.05698,2.5970631349063707e-8
main_cg,arch8,174,335,"OPTIMAL",1.284,1.284,20,7.056980183274226,7.05698,2.5970631349063707e-8
main_cg,arch8,174,335,"OPTIMAL",0.97001,0.97001,20,7.056980183274226,7.05698,2.5970631349063707e-8
main_cg,arch8,174,335,"OPTIMAL",0.9083,0.90829,20,7.056980183274226,7.05698,2.5970631349063707e-8
main_cg,arch8,174,335,"OPTIMAL",0.92437,0.92437,20,7.056980183274226,7.05698,2.5970631349063707e-8
main_cg,arch8,174,335,"OPTIMAL",1.255,1.255,20,7.056980183274226,7.05698,2.5970631349063707e-8
main_cg,arch8,174,335,"OPTIMAL",0.88512,0.88511,20,7.056980183274226,7.05698,2.5970631349063707e-8
main_cg,arch8,174,335,"OPTIMAL",0.87606,0.87605,20,7.056980183274226,7.05698,2.5970631349063707e-8
main_cg,arch8,174,335,"OPTIMAL",1.3093,1.3093,20,7.056980183274226,7.05698,2.5970631349063707e-8
main_cg,arch8,174,335,"OPTIMAL",1.0501,1.0501,20,7.056980183274226,7.05698,2.5970631349063707e-8
main_cg,arch8,174,335,"OPTIMAL",0.88807,0.88805,20,7.056980183274226,7.05698,2.5970631349063707e-8
main_cg,arch8,174,335,"OPTIMAL",0.91859,0.91858,20,7.056980183274226,7.05698,2.5970631349063707e-8
main_cg,ss30,132,426,"OPTIMAL",3.4132,3.4132,20,20.239511001519,20.2395,5.43566738254892e-7
main_cg,ss30,132,426,"OPTIMAL",3.7027,3.7027,20,20.239511001519,20.2395,5.43566738254892e-7
main_cg,ss30,132,426,"OPTIMAL",3.7344,3.7344,20,20.239511001519,20.2395,5.43566738254892e-7
main_cg,ss30,132,426,"OPTIMAL",3.4192,3.4192,20,20.239511001519,20.2395,5.43566738254892e-7
main_cg,ss30,132,426,"OPTIMAL",3.3996,3.3995,20,20.239511001519,20.2395,5.43566738254892e-7
main_cg,ss30,132,426,"OPTIMAL",3.6812,3.6812,20,20.239511001519,20.2395,5.43566738254892e-7
main_cg,ss30,132,426,"OPTIMAL",3.3962,3.3962,20,20.239511001519,20.2395,5.43566738254892e-7
main_cg,ss30,132,426,"OPTIMAL",3.7149,3.7148,20,20.239511001519,20.2395,5.43566738254892e-7
main_cg,ss30,132,426,"OPTIMAL",3.5155,3.5155,20,20.239511001519,20.2395,5.43566738254892e-7
main_cg,ss30,132,426,"OPTIMAL",3.3187,3.3187,20,20.239511001519,20.2395,5.43566738254892e-7
main_cg,ss30,132,426,"OPTIMAL",3.4704,3.4704,20,20.239511001519,20.2395,5.43566738254892e-7
main_cg,ss30,132,426,"OPTIMAL",3.6612,3.6612,20,20.239511001519,20.2395,5.43566738254892e-7
main_cg,ss30,132,426,"OPTIMAL",3.4054,3.4054,20,20.239511001519,20.2395,5.43566738254892e-7
main_cg,ss30,132,426,"OPTIMAL",3.4047,3.4047,20,20.239511001519,20.2395,5.43566738254892e-7
main_cg,ss30,132,426,"OPTIMAL",3.7117,3.7117,20,20.239511001519,20.2395,5.43566738254892e-7
main_cg,ss30,132,426,"OPTIMAL",3.3969,3.3969,20,20.239511001519,20.2395,5.43566738254892e-7
main_cg,ss30,132,426,"OPTIMAL",3.4321,3.4321,20,20.239511001519,20.2395,5.43566738254892e-7
main_cg,ss30,132,426,"OPTIMAL",3.71,3.71,20,20.239511001519,20.2395,5.43566738254892e-7
main_cg,ss30,132,426,"OPTIMAL",3.4821,3.4821,20,20.239511001519,20.2395,5.43566738254892e-7
main_cg,ss30,132,426,"OPTIMAL",3.4031,3.4031,20,20.239511001519,20.2395,5.43566738254892e-7
main_cg,ss30,132,426,"OPTIMAL",3.8143,3.8143,20,20.239511001519,20.2395,5.43566738254892e-7
main_cg,ss30,132,426,"OPTIMAL",3.3732,3.3731,20,20.239511001519,20.2395,5.43566738254892e-7
main_cg,ss30,132,426,"OPTIMAL",3.4573,3.4572,20,20.239511001519,20.2395,5.43566738254892e-7
main_cg,ss30,132,426,"OPTIMAL",3.6662,3.6662,20,20.239511001519,20.2395,5.43566738254892e-7
main_cg,ss30,132,426,"OPTIMAL",3.4075,3.4075,20,20.239511001519,20.2395,5.43566738254892e-7
main_cg,ss30,132,426,"OPTIMAL",3.4804,3.4804,20,20.239511001519,20.2395,5.43566738254892e-7
main_cg,ss30,132,426,"OPTIMAL",3.3204,3.3204,20,20.239511001519,20.2395,5.43566738254892e-7
main_cg,ss30,132,426,"OPTIMAL",3.446,3.446,20,20.239511001519,20.2395,5.43566738254892e-7
main_cg,ss30,132,426,"OPTIMAL",3.739,3.739,20,20.239511001519,20.2395,5.43566738254892e-7
main_cg,ss30,132,426,"OPTIMAL",3.2414,3.2414,20,20.239511001519,20.2395,5.43566738254892e-7
main_cg,ss30,132,426,"OPTIMAL",3.1445,3.1445,20,20.239511001519,20.2395,5.43566738254892e-7
main_cg,ss30,132,426,"OPTIMAL",3.7182,3.7182,20,20.239511001519,20.2395,5.43566738254892e-7
main_cg,truss6,172,451,"ERROR: On worker 17:
ArgumentError: reducing over an empty collecti",NaN,NaN,-1,NaN,-901.001,NaN
main_cg,gpp500-1,501,500,"TIMEOUT",500.0,NaN,-1,NaN,-25.3,NaN
main_cg,gpp500-2,501,500,"OPTIMAL",92.542,92.542,14,-156.0603850803545,-156.06,2.467514766787822e-6
main_cg,gpp500-2,501,500,"OPTIMAL",91.703,91.703,14,-156.0603850803545,-156.06,2.467514766787822e-6
main_cg,gpp500-2,501,500,"OPTIMAL",91.601,91.601,14,-156.0603850803545,-156.06,2.467514766787822e-6
main_cg,gpp500-3,501,500,"OPTIMAL",117.02,117.02,13,-513.017600562742,-513.02,4.677083267638016e-6
main_cg,gpp500-3,501,500,"OPTIMAL",115.08,115.08,13,-513.017600758001,-513.02,4.6767026607166944e-6
main_cg,gpp500-4,501,500,"OPTIMAL",96.027,96.027,12,-1567.0187841588393,-1567.02,7.758938371742635e-7
main_cg,gpp500-4,501,500,"OPTIMAL",93.669,93.669,12,-1567.018784158593,-1567.02,7.758939943169232e-7
main_cg,gpp500-4,501,500,"OPTIMAL",94.561,94.561,12,-1567.018784158593,-1567.02,7.758939943169232e-7
main_cg,mcp500-1,500,500,"OPTIMAL",62.409,62.409,14,598.1485261254865,598.1485,4.3677258143507655e-8
main_cg,mcp500-1,500,500,"OPTIMAL",62.432,62.432,14,598.1485261254865,598.1485,4.3677258143507655e-8
main_cg,mcp500-1,500,500,"OPTIMAL",61.444,61.444,14,598.1485261254865,598.1485,4.3677258143507655e-8
main_cg,mcp500-1,500,500,"OPTIMAL",61.625,61.625,14,598.1485261254865,598.1485,4.3677258143507655e-8
main_cg,mcp500-1,500,500,"OPTIMAL",62.194,62.194,14,598.1485261254865,598.1485,4.3677258143507655e-8
main_cg,mcp500-2,500,500,"OPTIMAL",87.675,87.675,13,1070.0567715165355,1070.057,2.1352457348084974e-7
main_cg,mcp500-2,500,500,"OPTIMAL",85.904,85.904,13,1070.0567715165355,1070.057,2.1352457348084974e-7
main_cg,mcp500-2,500,500,"OPTIMAL",85.474,85.474,13,1070.0567715165355,1070.057,2.1352457348084974e-7
main_cg,mcp500-3,500,500,"OPTIMAL",75.041,75.041,12,1847.9700271987151,1847.97,1.4718158351142826e-8
main_cg,mcp500-3,500,500,"OPTIMAL",74.034,74.034,12,1847.9700271987151,1847.97,1.4718158351142826e-8
main_cg,mcp500-3,500,500,"OPTIMAL",73.391,73.391,12,1847.9700271987151,1847.97,1.4718158351142826e-8
main_cg,mcp500-3,500,500,"OPTIMAL",73.153,73.153,12,1847.9700271987151,1847.97,1.4718158351142826e-8
main_cg,mcp500-4,500,500,"OPTIMAL",76.435,76.435,12,3566.7380719068633,3566.738,2.0160399633511004e-8
main_cg,mcp500-4,500,500,"OPTIMAL",71.055,71.055,12,3566.7380719068633,3566.738,2.0160399633511004e-8
main_cg,mcp500-4,500,500,"OPTIMAL",71.741,71.741,12,3566.7380719068633,3566.738,2.0160399633511004e-8
main_cg,mcp500-4,500,500,"OPTIMAL",71.896,71.896,12,3566.7380719068633,3566.738,2.0160399633511004e-8
main_cg,truss8,496,628,"ERROR: On worker 18:
ArgumentError: reducing over an empty collecti",NaN,NaN,-1,NaN,-133.1146,NaN
main_cg,maxG11,800,800,"TIMEOUT",500.0,NaN,-1,NaN,629.1648,NaN
main_cg,equalG11,801,801,"TIMEOUT",500.0,NaN,-1,NaN,629.1553,NaN
main_cg,thetaG11,2401,801,"OPTIMAL",35.547,35.547,14,400.00008903389397,400.0,2.2258473492797747e-7
main_cg,thetaG11,2401,801,"OPTIMAL",35.986,35.985,14,400.00008903349897,400.0,2.225837474156833e-7
main_cg,thetaG11,2401,801,"OPTIMAL",35.857,35.857,14,400.00008903349897,400.0,2.225837474156833e-7
main_cg,thetaG11,2401,801,"OPTIMAL",36.859,36.859,14,400.00008903349897,400.0,2.225837474156833e-7
main_cg,thetaG11,2401,801,"OPTIMAL",35.873,35.873,14,400.00008903349897,400.0,2.225837474156833e-7
main_cg,thetaG11,2401,801,"OPTIMAL",35.823,35.823,14,400.00008903349897,400.0,2.225837474156833e-7
main_cg,thetaG11,2401,801,"OPTIMAL",35.729,35.729,14,400.00008903349897,400.0,2.225837474156833e-7
main_cg,thetaG11,2401,801,"OPTIMAL",35.998,35.998,14,400.00008903349897,400.0,2.225837474156833e-7
main_cg,thetaG11,2401,801,"OPTIMAL",36.704,36.704,14,400.00008903349897,400.0,2.225837474156833e-7
main_cg,thetaG11,2401,801,"OPTIMAL",36.074,36.074,14,400.00008903349897,400.0,2.225837474156833e-7
main_cg,maxG51,1000,1000,"TIMEOUT",500.0,NaN,-1,NaN,4003.809,NaN
