label,problem,m,n,status,time_s,solve_time_s,iterations,objective,optimal,rel_gap
nlpmodel_cg,truss1,6,13,"OPTIMAL",0.00079429,0.00076485,11,-8.999996330795128,-8.999996,3.675503057760822e-8
nlpmodel_cg,truss1,6,13,"OPTIMAL",0.00075612,0.00074792,11,-8.999996330795128,-8.999996,3.675503057760822e-8
nlpmodel_cg,truss1,6,13,"OPTIMAL",0.00074676,0.00074196,11,-8.999996330795128,-8.999996,3.675503057760822e-8
nlpmodel_cg,truss1,6,13,"OPTIMAL",0.00075277,0.00074816,11,-8.999996330795128,-8.999996,3.675503057760822e-8
nlpmodel_cg,truss1,6,13,"OPTIMAL",0.00074043,0.000736,11,-8.999996330795128,-8.999996,3.675503057760822e-8
nlpmodel_cg,truss1,6,13,"OPTIMAL",0.00073548,0.00073195,11,-8.999996330795128,-8.999996,3.675503057760822e-8
nlpmodel_cg,truss1,6,13,"OPTIMAL",0.00072925,0.00072503,11,-8.999996330795128,-8.999996,3.675503057760822e-8
nlpmodel_cg,truss1,6,13,"OPTIMAL",0.00073052,0.00072694,11,-8.999996330795128,-8.999996,3.675503057760822e-8
nlpmodel_cg,truss1,6,13,"OPTIMAL",0.00073989,0.000736,11,-8.999996330795128,-8.999996,3.675503057760822e-8
nlpmodel_cg,truss1,6,13,"OPTIMAL",0.00074554,0.000741,11,-8.999996330795128,-8.999996,3.675503057760822e-8
nlpmodel_cg,truss1,6,13,"OPTIMAL",0.00072814,0.00072408,11,-8.999996330795128,-8.999996,3.675503057760822e-8
nlpmodel_cg,truss1,6,13,"OPTIMAL",0.00072683,0.00072289,11,-8.999996330795128,-8.999996,3.675503057760822e-8
nlpmodel_cg,truss1,6,13,"OPTIMAL",0.00074561,0.00074196,11,-8.999996330795128,-8.999996,3.675503057760822e-8
nlpmodel_cg,truss1,6,13,"OPTIMAL",0.00073242,0.00072813,11,-8.999996330795128,-8.999996,3.675503057760822e-8
nlpmodel_cg,truss1,6,13,"OPTIMAL",0.00072933,0.00072598,11,-8.999996330795128,-8.999996,3.675503057760822e-8
nlpmodel_cg,truss1,6,13,"OPTIMAL",0.00073886,0.00073504,11,-8.999996330795128,-8.999996,3.675503057760822e-8
nlpmodel_cg,truss1,6,13,"OPTIMAL",0.00073605,0.00073218,11,-8.999996330795128,-8.999996,3.675503057760822e-8
nlpmodel_cg,truss1,6,13,"OPTIMAL",0.00073635,0.00073195,11,-8.999996330795128,-8.999996,3.675503057760822e-8
nlpmodel_cg,truss1,6,13,"OPTIMAL",0.00077501,0.00077105,11,-8.999996330795128,-8.999996,3.675503057760822e-8
nlpmodel_cg,truss1,6,13,"OPTIMAL",0.00087881,0.000875,11,-8.999996330795128,-8.999996,3.675503057760822e-8
nlpmodel_cg,truss1,6,13,"OPTIMAL",0.00087094,0.00086617,11,-8.999996330795128,-8.999996,3.675503057760822e-8
nlpmodel_cg,truss1,6,13,"OPTIMAL",0.00088254,0.00087881,11,-8.999996330795128,-8.999996,3.675503057760822e-8
nlpmodel_cg,truss1,6,13,"OPTIMAL",0.0009025,0.00089908,11,-8.999996330795128,-8.999996,3.675503057760822e-8
nlpmodel_cg,truss1,6,13,"OPTIMAL",0.00088523,0.00088096,11,-8.999996330795128,-8.999996,3.675503057760822e-8
nlpmodel_cg,truss1,6,13,"OPTIMAL",0.00088052,0.00087714,11,-8.999996330795128,-8.999996,3.675503057760822e-8
nlpmodel_cg,truss1,6,13,"OPTIMAL",0.00087752,0.0008738,11,-8.999996330795128,-8.999996,3.675503057760822e-8
nlpmodel_cg,truss1,6,13,"OPTIMAL",0.00087895,0.000875,11,-8.999996330795128,-8.999996,3.675503057760822e-8
nlpmodel_cg,truss1,6,13,"OPTIMAL",0.00088169,0.0008781,11,-8.999996330795128,-8.999996,3.675503057760822e-8
nlpmodel_cg,truss1,6,13,"OPTIMAL",0.00087847,0.00087404,11,-8.999996330795128,-8.999996,3.675503057760822e-8
nlpmodel_cg,truss1,6,13,"OPTIMAL",0.00087959,0.00087595,11,-8.999996330795128,-8.999996,3.675503057760822e-8
nlpmodel_cg,truss1,6,13,"OPTIMAL",0.00087694,0.00087309,11,-8.999996330795128,-8.999996,3.675503057760822e-8
nlpmodel_cg,truss1,6,13,"OPTIMAL",0.00088868,0.00088501,11,-8.999996330795128,-8.999996,3.675503057760822e-8
nlpmodel_cg,hinf1,13,14,"ITERATION_LIMIT",0.038248,0.038197,101,2.0326906399596996,2.0326,4.459311212220852e-5
nlpmodel_cg,hinf1,13,14,"ITERATION_LIMIT",0.073885,0.073835,101,2.0326906399596996,2.0326,4.459311212220852e-5
nlpmodel_cg,hinf1,13,14,"ITERATION_LIMIT",0.032647,0.032611,101,2.0326906399596996,2.0326,4.459311212220852e-5
nlpmodel_cg,hinf1,13,14,"ITERATION_LIMIT",0.030022,0.029974,101,2.0326906399596996,2.0326,4.459311212220852e-5
nlpmodel_cg,hinf1,13,14,"ITERATION_LIMIT",0.034132,0.034109,101,2.0326906399596996,2.0326,4.459311212220852e-5
nlpmodel_cg,hinf1,13,14,"ITERATION_LIMIT",0.029286,0.02924,101,2.0326906399596996,2.0326,4.459311212220852e-5
nlpmodel_cg,hinf1,13,14,"ITERATION_LIMIT",0.029643,0.029607,101,2.0326906399596996,2.0326,4.459311212220852e-5
nlpmodel_cg,hinf1,13,14,"ITERATION_LIMIT",0.049539,0.049515,101,2.0326906399596996,2.0326,4.459311212220852e-5
nlpmodel_cg,hinf1,13,14,"ITERATION_LIMIT",0.025867,0.025832,101,2.0326906399596996,2.0326,4.459311212220852e-5
nlpmodel_cg,hinf1,13,14,"ITERATION_LIMIT",0.026076,0.026047,101,2.0326906399596996,2.0326,4.459311212220852e-5
nlpmodel_cg,hinf1,13,14,"ITERATION_LIMIT",0.026045,0.026023,101,2.0326906399596996,2.0326,4.459311212220852e-5
nlpmodel_cg,hinf1,13,14,"ITERATION_LIMIT",0.028154,0.028123,101,2.0326906399596996,2.0326,4.459311212220852e-5
nlpmodel_cg,hinf1,13,14,"ITERATION_LIMIT",0.036985,0.036959,101,2.0326906399596996,2.0326,4.459311212220852e-5
nlpmodel_cg,hinf1,13,14,"ITERATION_LIMIT",0.03528,0.035249,101,2.0326906399596996,2.0326,4.459311212220852e-5
nlpmodel_cg,hinf1,13,14,"ITERATION_LIMIT",0.029616,0.029586,101,2.0326906399596996,2.0326,4.459311212220852e-5
nlpmodel_cg,hinf1,13,14,"ITERATION_LIMIT",0.033181,0.033148,101,2.0326906399596996,2.0326,4.459311212220852e-5
nlpmodel_cg,hinf1,13,14,"ITERATION_LIMIT",0.02931,0.029276,101,2.0326906399596996,2.0326,4.459311212220852e-5
nlpmodel_cg,hinf1,13,14,"ITERATION_LIMIT",0.042357,0.042291,101,2.0326906399596996,2.0326,4.459311212220852e-5
nlpmodel_cg,hinf1,13,14,"ITERATION_LIMIT",0.033064,0.033029,101,2.0326906399596996,2.0326,4.459311212220852e-5
nlpmodel_cg,hinf1,13,14,"ITERATION_LIMIT",0.037591,0.037552,101,2.0326906399596996,2.0326,4.459311212220852e-5
nlpmodel_cg,hinf1,13,14,"ITERATION_LIMIT",0.029103,0.029052,101,2.0326906399596996,2.0326,4.459311212220852e-5
nlpmodel_cg,hinf1,13,14,"ITERATION_LIMIT",0.032086,0.032051,101,2.0326906399596996,2.0326,4.459311212220852e-5
nlpmodel_cg,hinf1,13,14,"ITERATION_LIMIT",0.027203,0.027169,101,2.0326906399596996,2.0326,4.459311212220852e-5
nlpmodel_cg,hinf1,13,14,"ITERATION_LIMIT",0.038034,0.037985,101,2.0326906399596996,2.0326,4.459311212220852e-5
nlpmodel_cg,hinf1,13,14,"ITERATION_LIMIT",0.028375,0.028342,101,2.0326906399596996,2.0326,4.459311212220852e-5
nlpmodel_cg,hinf1,13,14,"ITERATION_LIMIT",0.040279,0.040243,101,2.0326906399596996,2.0326,4.459311212220852e-5
nlpmodel_cg,hinf1,13,14,"ITERATION_LIMIT",0.026946,0.02691,101,2.0326906399596996,2.0326,4.459311212220852e-5
nlpmodel_cg,hinf1,13,14,"ITERATION_LIMIT",0.026408,0.026374,101,2.0326906399596996,2.0326,4.459311212220852e-5
nlpmodel_cg,hinf1,13,14,"ITERATION_LIMIT",0.033832,0.033801,101,2.0326906399596996,2.0326,4.459311212220852e-5
nlpmodel_cg,hinf1,13,14,"ITERATION_LIMIT",0.042655,0.04262,101,2.0326906399596996,2.0326,4.459311212220852e-5
nlpmodel_cg,hinf1,13,14,"ITERATION_LIMIT",0.030119,0.030081,101,2.0326906399596996,2.0326,4.459311212220852e-5
nlpmodel_cg,hinf1,13,14,"ITERATION_LIMIT",0.034806,0.034772,101,2.0326906399596996,2.0326,4.459311212220852e-5
nlpmodel_cg,control1,21,15,"OPTIMAL",0.0083261,0.008285,24,17.784627920135932,17.78463,1.1694727793824988e-7
nlpmodel_cg,control1,21,15,"OPTIMAL",0.022075,0.022045,24,17.784627920135932,17.78463,1.1694727793824988e-7
nlpmodel_cg,control1,21,15,"OPTIMAL",0.0072887,0.007257,24,17.784627920135932,17.78463,1.1694727793824988e-7
nlpmodel_cg,control1,21,15,"OPTIMAL",0.0077362,0.00772,24,17.784627920135932,17.78463,1.1694727793824988e-7
nlpmodel_cg,control1,21,15,"OPTIMAL",0.0074165,0.007401,24,17.784627920135932,17.78463,1.1694727793824988e-7
nlpmodel_cg,control1,21,15,"OPTIMAL",0.009097,0.009083,24,17.784627920135932,17.78463,1.1694727793824988e-7
nlpmodel_cg,control1,21,15,"OPTIMAL",0.0097878,0.0097711,24,17.784627920135932,17.78463,1.1694727793824988e-7
nlpmodel_cg,control1,21,15,"OPTIMAL",0.0081819,0.008167,24,17.784627920135932,17.78463,1.1694727793824988e-7
nlpmodel_cg,control1,21,15,"OPTIMAL",0.0094907,0.009475,24,17.784627920135932,17.78463,1.1694727793824988e-7
nlpmodel_cg,control1,21,15,"OPTIMAL",0.018653,0.018639,24,17.784627920135932,17.78463,1.1694727793824988e-7
nlpmodel_cg,control1,21,15,"OPTIMAL",0.0080867,0.0080609,24,17.784627920135932,17.78463,1.1694727793824988e-7
nlpmodel_cg,control1,21,15,"OPTIMAL",0.015928,0.015908,24,17.784627920135932,17.78463,1.1694727793824988e-7
nlpmodel_cg,control1,21,15,"OPTIMAL",0.012043,0.012017,24,17.784627920135932,17.78463,1.1694727793824988e-7
nlpmodel_cg,control1,21,15,"OPTIMAL",0.014553,0.014532,24,17.784627920135932,17.78463,1.1694727793824988e-7
nlpmodel_cg,control1,21,15,"OPTIMAL",0.0085582,0.0085371,24,17.784627920135932,17.78463,1.1694727793824988e-7
nlpmodel_cg,control1,21,15,"OPTIMAL",0.0098529,0.0098341,24,17.784627920135932,17.78463,1.1694727793824988e-7
nlpmodel_cg,control1,21,15,"OPTIMAL",0.012366,0.012351,24,17.784627920135932,17.78463,1.1694727793824988e-7
nlpmodel_cg,control1,21,15,"OPTIMAL",0.0072176,0.0072021,24,17.784627920135932,17.78463,1.1694727793824988e-7
nlpmodel_cg,control1,21,15,"OPTIMAL",0.016151,0.016137,24,17.784627920135932,17.78463,1.1694727793824988e-7
nlpmodel_cg,control1,21,15,"OPTIMAL",0.015775,0.015747,24,17.784627920135932,17.78463,1.1694727793824988e-7
nlpmodel_cg,control1,21,15,"OPTIMAL",0.0075484,0.0075271,24,17.784627920135932,17.78463,1.1694727793824988e-7
nlpmodel_cg,control1,21,15,"OPTIMAL",0.0072688,0.007252,24,17.784627920135932,17.78463,1.1694727793824988e-7
nlpmodel_cg,control1,21,15,"OPTIMAL",0.0073764,0.007364,24,17.784627920135932,17.78463,1.1694727793824988e-7
nlpmodel_cg,control1,21,15,"OPTIMAL",0.01159,0.011578,24,17.784627920135932,17.78463,1.1694727793824988e-7
nlpmodel_cg,control1,21,15,"OPTIMAL",0.0073873,0.007369,24,17.784627920135932,17.78463,1.1694727793824988e-7
nlpmodel_cg,control1,21,15,"OPTIMAL",0.014502,0.014487,24,17.784627920135932,17.78463,1.1694727793824988e-7
nlpmodel_cg,control1,21,15,"OPTIMAL",0.010675,0.01065,24,17.784627920135932,17.78463,1.1694727793824988e-7
nlpmodel_cg,control1,21,15,"OPTIMAL",0.0072258,0.0072122,24,17.784627920135932,17.78463,1.1694727793824988e-7
nlpmodel_cg,control1,21,15,"OPTIMAL",0.0088292,0.0088151,24,17.784627920135932,17.78463,1.1694727793824988e-7
nlpmodel_cg,control1,21,15,"OPTIMAL",0.0078235,0.007807,24,17.784627920135932,17.78463,1.1694727793824988e-7
nlpmodel_cg,control1,21,15,"OPTIMAL",0.0093757,0.0093591,24,17.784627920135932,17.78463,1.1694727793824988e-7
nlpmodel_cg,control1,21,15,"OPTIMAL",0.008835,0.008821,24,17.784627920135932,17.78463,1.1694727793824988e-7
nlpmodel_cg,hinf2,13,16,"ITERATION_LIMIT",0.21899,0.21894,101,10.967112732482716,10.967,1.027924525539592e-5
nlpmodel_cg,hinf2,13,16,"ITERATION_LIMIT",0.22049,0.22045,101,10.967112732482716,10.967,1.027924525539592e-5
nlpmodel_cg,hinf2,13,16,"ITERATION_LIMIT",0.22716,0.22712,101,10.967112732482716,10.967,1.027924525539592e-5
nlpmodel_cg,hinf2,13,16,"ITERATION_LIMIT",0.22717,0.22711,101,10.967112732482716,10.967,1.027924525539592e-5
nlpmodel_cg,hinf2,13,16,"ITERATION_LIMIT",0.22231,0.22227,101,10.967112732482716,10.967,1.027924525539592e-5
nlpmodel_cg,hinf2,13,16,"ITERATION_LIMIT",0.21909,0.21905,101,10.967112732482716,10.967,1.027924525539592e-5
nlpmodel_cg,hinf2,13,16,"ITERATION_LIMIT",0.22105,0.22101,101,10.967112732482716,10.967,1.027924525539592e-5
nlpmodel_cg,hinf2,13,16,"ITERATION_LIMIT",0.20489,0.20483,101,10.967112732482716,10.967,1.027924525539592e-5
nlpmodel_cg,hinf2,13,16,"ITERATION_LIMIT",0.20623,0.20619,101,10.967112732482716,10.967,1.027924525539592e-5
nlpmodel_cg,hinf2,13,16,"ITERATION_LIMIT",0.23009,0.23005,101,10.967112732482716,10.967,1.027924525539592e-5
nlpmodel_cg,hinf2,13,16,"ITERATION_LIMIT",0.21422,0.21418,101,10.967112732482716,10.967,1.027924525539592e-5
nlpmodel_cg,hinf2,13,16,"ITERATION_LIMIT",0.20701,0.20697,101,10.967112732482716,10.967,1.027924525539592e-5
nlpmodel_cg,hinf2,13,16,"ITERATION_LIMIT",0.20465,0.20461,101,10.967112732482716,10.967,1.027924525539592e-5
nlpmodel_cg,hinf2,13,16,"ITERATION_LIMIT",0.23,0.22994,101,10.967112732482716,10.967,1.027924525539592e-5
nlpmodel_cg,hinf2,13,16,"ITERATION_LIMIT",0.21482,0.21478,101,10.967112732482716,10.967,1.027924525539592e-5
nlpmodel_cg,hinf2,13,16,"ITERATION_LIMIT",0.20875,0.20872,101,10.967112732482716,10.967,1.027924525539592e-5
nlpmodel_cg,hinf2,13,16,"ITERATION_LIMIT",0.20258,0.20255,101,10.967112732482716,10.967,1.027924525539592e-5
nlpmodel_cg,hinf2,13,16,"ITERATION_LIMIT",0.2177,0.21766,101,10.967112732482716,10.967,1.027924525539592e-5
nlpmodel_cg,hinf2,13,16,"ITERATION_LIMIT",0.20425,0.20421,101,10.967112732482716,10.967,1.027924525539592e-5
nlpmodel_cg,hinf2,13,16,"ITERATION_LIMIT",0.20396,0.20392,101,10.967112732482716,10.967,1.027924525539592e-5
nlpmodel_cg,hinf2,13,16,"ITERATION_LIMIT",0.21854,0.2185,101,10.967112732482716,10.967,1.027924525539592e-5
nlpmodel_cg,hinf2,13,16,"ITERATION_LIMIT",0.21172,0.21168,101,10.967112732482716,10.967,1.027924525539592e-5
nlpmodel_cg,hinf2,13,16,"ITERATION_LIMIT",0.20961,0.20957,101,10.967112732482716,10.967,1.027924525539592e-5
nlpmodel_cg,hinf2,13,16,"ITERATION_LIMIT",0.21393,0.21389,101,10.967112732482716,10.967,1.027924525539592e-5
nlpmodel_cg,hinf2,13,16,"ITERATION_LIMIT",0.23824,0.2382,101,10.967112732482716,10.967,1.027924525539592e-5
nlpmodel_cg,hinf2,13,16,"ITERATION_LIMIT",0.21224,0.2122,101,10.967112732482716,10.967,1.027924525539592e-5
nlpmodel_cg,hinf2,13,16,"ITERATION_LIMIT",0.20041,0.20037,101,10.967112732482716,10.967,1.027924525539592e-5
nlpmodel_cg,hinf2,13,16,"ITERATION_LIMIT",0.21166,0.21161,101,10.967112732482716,10.967,1.027924525539592e-5
nlpmodel_cg,hinf2,13,16,"ITERATION_LIMIT",0.21893,0.21888,101,10.967112732482716,10.967,1.027924525539592e-5
nlpmodel_cg,hinf2,13,16,"ITERATION_LIMIT",0.21051,0.21047,101,10.967112732482716,10.967,1.027924525539592e-5
nlpmodel_cg,hinf2,13,16,"ITERATION_LIMIT",0.22484,0.2248,101,10.967112732482716,10.967,1.027924525539592e-5
nlpmodel_cg,hinf2,13,16,"ITERATION_LIMIT",0.20724,0.2072,101,10.967112732482716,10.967,1.027924525539592e-5
nlpmodel_cg,hinf3,13,16,"ITERATION_LIMIT",0.079934,0.079896,101,56.94438300703479,56.9,0.0007800176983266888
nlpmodel_cg,hinf3,13,16,"ITERATION_LIMIT",0.086944,0.086919,101,56.94438300703479,56.9,0.0007800176983266888
nlpmodel_cg,hinf3,13,16,"ITERATION_LIMIT",0.079826,0.079776,101,56.94438300703479,56.9,0.0007800176983266888
nlpmodel_cg,hinf3,13,16,"ITERATION_LIMIT",0.08061,0.080587,101,56.94438300703479,56.9,0.0007800176983266888
nlpmodel_cg,hinf3,13,16,"ITERATION_LIMIT",0.087796,0.087771,101,56.94438300703479,56.9,0.0007800176983266888
nlpmodel_cg,hinf3,13,16,"ITERATION_LIMIT",0.080475,0.080447,101,56.94438300703479,56.9,0.0007800176983266888
nlpmodel_cg,hinf3,13,16,"ITERATION_LIMIT",0.081988,0.08196,101,56.94438300703479,56.9,0.0007800176983266888
nlpmodel_cg,hinf3,13,16,"ITERATION_LIMIT",0.083259,0.08323,101,56.94438300703479,56.9,0.0007800176983266888
nlpmodel_cg,hinf3,13,16,"ITERATION_LIMIT",0.090559,0.09053,101,56.94438300703479,56.9,0.0007800176983266888
nlpmodel_cg,hinf3,13,16,"ITERATION_LIMIT",0.083207,0.083172,101,56.94438300703479,56.9,0.0007800176983266888
nlpmodel_cg,hinf3,13,16,"ITERATION_LIMIT",0.083126,0.083085,101,56.94438300703479,56.9,0.0007800176983266888
nlpmodel_cg,hinf3,13,16,"ITERATION_LIMIT",0.089871,0.089813,101,56.94438300703479,56.9,0.0007800176983266888
nlpmodel_cg,hinf3,13,16,"ITERATION_LIMIT",0.092252,0.092215,101,56.94438300703479,56.9,0.0007800176983266888
nlpmodel_cg,hinf3,13,16,"ITERATION_LIMIT",0.095831,0.095769,101,56.94438300703479,56.9,0.0007800176983266888
nlpmodel_cg,hinf3,13,16,"ITERATION_LIMIT",0.089773,0.089739,101,56.94438300703479,56.9,0.0007800176983266888
nlpmodel_cg,hinf3,13,16,"ITERATION_LIMIT",0.10524,0.10521,101,56.94438300703479,56.9,0.0007800176983266888
nlpmodel_cg,hinf3,13,16,"ITERATION_LIMIT",0.087033,0.086997,101,56.94438300703479,56.9,0.0007800176983266888
nlpmodel_cg,hinf3,13,16,"ITERATION_LIMIT",0.082002,0.081948,101,56.94438300703479,56.9,0.0007800176983266888
nlpmodel_cg,hinf3,13,16,"ITERATION_LIMIT",0.088088,0.088056,101,56.94438300703479,56.9,0.0007800176983266888
nlpmodel_cg,hinf3,13,16,"ITERATION_LIMIT",0.083983,0.083927,101,56.94438300703479,56.9,0.0007800176983266888
nlpmodel_cg,hinf3,13,16,"ITERATION_LIMIT",0.08272,0.082673,101,56.94438300703479,56.9,0.0007800176983266888
nlpmodel_cg,hinf3,13,16,"ITERATION_LIMIT",0.082147,0.08208,101,56.94438300703479,56.9,0.0007800176983266888
nlpmodel_cg,hinf3,13,16,"ITERATION_LIMIT",0.089342,0.089308,101,56.94438300703479,56.9,0.0007800176983266888
nlpmodel_cg,hinf3,13,16,"ITERATION_LIMIT",0.082231,0.082179,101,56.94438300703479,56.9,0.0007800176983266888
nlpmodel_cg,hinf3,13,16,"ITERATION_LIMIT",0.082176,0.082138,101,56.94438300703479,56.9,0.0007800176983266888
nlpmodel_cg,hinf3,13,16,"ITERATION_LIMIT",0.08779,0.087752,101,56.94438300703479,56.9,0.0007800176983266888
nlpmodel_cg,hinf3,13,16,"ITERATION_LIMIT",0.079419,0.079378,101,56.94438300703479,56.9,0.0007800176983266888
nlpmodel_cg,hinf3,13,16,"ITERATION_LIMIT",0.080783,0.080705,101,56.94438300703479,56.9,0.0007800176983266888
nlpmodel_cg,hinf3,13,16,"ITERATION_LIMIT",0.081016,0.080958,101,56.94438300703479,56.9,0.0007800176983266888
nlpmodel_cg,hinf3,13,16,"ITERATION_LIMIT",0.087029,0.086991,101,56.94438300703479,56.9,0.0007800176983266888
nlpmodel_cg,hinf3,13,16,"ITERATION_LIMIT",0.080432,0.080395,101,56.94438300703479,56.9,0.0007800176983266888
nlpmodel_cg,hinf3,13,16,"ITERATION_LIMIT",0.088428,0.088389,101,56.94438300703479,56.9,0.0007800176983266888
nlpmodel_cg,hinf4,13,16,"OPTIMAL",0.10392,0.10389,99,274.76477063080137,274.764,2.804700766313308e-6
nlpmodel_cg,hinf4,13,16,"OPTIMAL",0.10834,0.10831,99,274.76477063080137,274.764,2.804700766313308e-6
nlpmodel_cg,hinf4,13,16,"OPTIMAL",0.10806,0.10802,99,274.76477063080137,274.764,2.804700766313308e-6
nlpmodel_cg,hinf4,13,16,"OPTIMAL",0.12257,0.12254,99,274.76477063080137,274.764,2.804700766313308e-6
nlpmodel_cg,hinf4,13,16,"OPTIMAL",0.10779,0.10775,99,274.76477063080137,274.764,2.804700766313308e-6
nlpmodel_cg,hinf4,13,16,"OPTIMAL",0.10137,0.10134,99,274.76477063080137,274.764,2.804700766313308e-6
nlpmodel_cg,hinf4,13,16,"OPTIMAL",0.10801,0.10797,99,274.76477063080137,274.764,2.804700766313308e-6
nlpmodel_cg,hinf4,13,16,"OPTIMAL",0.10563,0.10559,99,274.76477063080137,274.764,2.804700766313308e-6
nlpmodel_cg,hinf4,13,16,"OPTIMAL",0.10699,0.10695,99,274.76477063080137,274.764,2.804700766313308e-6
nlpmodel_cg,hinf4,13,16,"OPTIMAL",0.10103,0.10099,99,274.76477063080137,274.764,2.804700766313308e-6
nlpmodel_cg,hinf4,13,16,"OPTIMAL",0.11226,0.11222,99,274.76477063080137,274.764,2.804700766313308e-6
nlpmodel_cg,hinf4,13,16,"OPTIMAL",0.10406,0.10402,99,274.76477063080137,274.764,2.804700766313308e-6
nlpmodel_cg,hinf4,13,16,"OPTIMAL",0.10384,0.1038,99,274.76477063080137,274.764,2.804700766313308e-6
nlpmodel_cg,hinf4,13,16,"OPTIMAL",0.10321,0.10316,99,274.76477063080137,274.764,2.804700766313308e-6
nlpmodel_cg,hinf4,13,16,"OPTIMAL",0.11053,0.11049,99,274.76477063080137,274.764,2.804700766313308e-6
nlpmodel_cg,hinf4,13,16,"OPTIMAL",0.10489,0.10485,99,274.76477063080137,274.764,2.804700766313308e-6
nlpmodel_cg,hinf4,13,16,"OPTIMAL",0.10292,0.10289,99,274.76477063080137,274.764,2.804700766313308e-6
nlpmodel_cg,hinf4,13,16,"OPTIMAL",0.11537,0.11532,99,274.76477063080137,274.764,2.804700766313308e-6
nlpmodel_cg,hinf4,13,16,"OPTIMAL",0.10887,0.10883,99,274.76477063080137,274.764,2.804700766313308e-6
nlpmodel_cg,hinf4,13,16,"OPTIMAL",0.1061,0.10603,99,274.76477063080137,274.764,2.804700766313308e-6
nlpmodel_cg,hinf4,13,16,"OPTIMAL",0.11054,0.1105,99,274.76477063080137,274.764,2.804700766313308e-6
nlpmodel_cg,hinf4,13,16,"OPTIMAL",0.13542,0.13538,99,274.76477063080137,274.764,2.804700766313308e-6
nlpmodel_cg,hinf4,13,16,"OPTIMAL",0.11863,0.11856,99,274.76477063080137,274.764,2.804700766313308e-6
nlpmodel_cg,hinf4,13,16,"OPTIMAL",0.11487,0.11481,99,274.76477063080137,274.764,2.804700766313308e-6
nlpmodel_cg,hinf4,13,16,"OPTIMAL",0.12702,0.12696,99,274.76477063080137,274.764,2.804700766313308e-6
nlpmodel_cg,hinf4,13,16,"OPTIMAL",0.11094,0.1109,99,274.76477063080137,274.764,2.804700766313308e-6
nlpmodel_cg,hinf4,13,16,"OPTIMAL",0.10501,0.10497,99,274.76477063080137,274.764,2.804700766313308e-6
nlpmodel_cg,hinf4,13,16,"OPTIMAL",0.10321,0.10317,99,274.76477063080137,274.764,2.804700766313308e-6
nlpmodel_cg,hinf4,13,16,"OPTIMAL",0.11292,0.11289,99,274.76477063080137,274.764,2.804700766313308e-6
nlpmodel_cg,hinf4,13,16,"OPTIMAL",0.10576,0.10573,99,274.76477063080137,274.764,2.804700766313308e-6
nlpmodel_cg,hinf4,13,16,"OPTIMAL",0.10481,0.10477,99,274.76477063080137,274.764,2.804700766313308e-6
nlpmodel_cg,hinf4,13,16,"OPTIMAL",0.10603,0.106,99,274.76477063080137,274.764,2.804700766313308e-6
nlpmodel_cg,hinf5,13,16,"ITERATION_LIMIT",0.16756,0.16751,101,362.23036237234686,363.0,0.002120213850284131
nlpmodel_cg,hinf5,13,16,"ITERATION_LIMIT",0.16862,0.16857,101,362.23036237234686,363.0,0.002120213850284131
nlpmodel_cg,hinf5,13,16,"ITERATION_LIMIT",0.17966,0.17961,101,362.23036237234686,363.0,0.002120213850284131
nlpmodel_cg,hinf5,13,16,"ITERATION_LIMIT",0.1736,0.17354,101,362.23036237234686,363.0,0.002120213850284131
nlpmodel_cg,hinf5,13,16,"ITERATION_LIMIT",0.17371,0.17365,101,362.23036237234686,363.0,0.002120213850284131
nlpmodel_cg,hinf5,13,16,"ITERATION_LIMIT",0.20483,0.20477,101,362.23036237234686,363.0,0.002120213850284131
nlpmodel_cg,hinf5,13,16,"ITERATION_LIMIT",0.1938,0.19374,101,362.23036237234686,363.0,0.002120213850284131
nlpmodel_cg,hinf5,13,16,"ITERATION_LIMIT",0.17808,0.17804,101,362.23036237234686,363.0,0.002120213850284131
nlpmodel_cg,hinf5,13,16,"ITERATION_LIMIT",0.18392,0.18388,101,362.23036237234686,363.0,0.002120213850284131
nlpmodel_cg,hinf5,13,16,"ITERATION_LIMIT",0.18325,0.18318,101,362.23036237234686,363.0,0.002120213850284131
nlpmodel_cg,hinf5,13,16,"ITERATION_LIMIT",0.18171,0.18164,101,362.23036237234686,363.0,0.002120213850284131
nlpmodel_cg,hinf5,13,16,"ITERATION_LIMIT",0.17995,0.17988,101,362.23036237234686,363.0,0.002120213850284131
nlpmodel_cg,hinf5,13,16,"ITERATION_LIMIT",0.18978,0.18971,101,362.23036237234686,363.0,0.002120213850284131
nlpmodel_cg,hinf5,13,16,"ITERATION_LIMIT",0.18926,0.18922,101,362.23036237234686,363.0,0.002120213850284131
nlpmodel_cg,hinf5,13,16,"ITERATION_LIMIT",0.18087,0.18083,101,362.23036237234686,363.0,0.002120213850284131
nlpmodel_cg,hinf5,13,16,"ITERATION_LIMIT",0.18713,0.18705,101,362.23036237234686,363.0,0.002120213850284131
nlpmodel_cg,hinf5,13,16,"ITERATION_LIMIT",0.18904,0.18898,101,362.23036237234686,363.0,0.002120213850284131
nlpmodel_cg,hinf5,13,16,"ITERATION_LIMIT",0.19109,0.19105,101,362.23036237234686,363.0,0.002120213850284131
nlpmodel_cg,hinf5,13,16,"ITERATION_LIMIT",0.17181,0.17174,101,362.23036237234686,363.0,0.002120213850284131
nlpmodel_cg,hinf5,13,16,"ITERATION_LIMIT",0.17997,0.17993,101,362.23036237234686,363.0,0.002120213850284131
nlpmodel_cg,hinf5,13,16,"ITERATION_LIMIT",0.16334,0.1633,101,362.23036237234686,363.0,0.002120213850284131
nlpmodel_cg,hinf5,13,16,"ITERATION_LIMIT",0.16973,0.16965,101,362.23036237234686,363.0,0.002120213850284131
nlpmodel_cg,hinf5,13,16,"ITERATION_LIMIT",0.17082,0.17076,101,362.23036237234686,363.0,0.002120213850284131
nlpmodel_cg,hinf5,13,16,"ITERATION_LIMIT",0.18047,0.18043,101,362.23036237234686,363.0,0.002120213850284131
nlpmodel_cg,hinf5,13,16,"ITERATION_LIMIT",0.16331,0.16324,101,362.23036237234686,363.0,0.002120213850284131
nlpmodel_cg,hinf5,13,16,"ITERATION_LIMIT",0.17142,0.17138,101,362.23036237234686,363.0,0.002120213850284131
nlpmodel_cg,hinf5,13,16,"ITERATION_LIMIT",0.17448,0.17443,101,362.23036237234686,363.0,0.002120213850284131
nlpmodel_cg,hinf5,13,16,"ITERATION_LIMIT",0.16715,0.16709,101,362.23036237234686,363.0,0.002120213850284131
nlpmodel_cg,hinf5,13,16,"ITERATION_LIMIT",0.16625,0.16619,101,362.23036237234686,363.0,0.002120213850284131
nlpmodel_cg,hinf5,13,16,"ITERATION_LIMIT",0.17386,0.17383,101,362.23036237234686,363.0,0.002120213850284131
nlpmodel_cg,hinf5,13,16,"ITERATION_LIMIT",0.16759,0.16754,101,362.23036237234686,363.0,0.002120213850284131
nlpmodel_cg,hinf5,13,16,"ITERATION_LIMIT",0.16787,0.16783,101,362.23036237234686,363.0,0.002120213850284131
nlpmodel_cg,hinf6,13,16,"ITERATION_LIMIT",0.30098,0.30095,101,448.928600887154,449.0,0.00015901806869932116
nlpmodel_cg,hinf6,13,16,"ITERATION_LIMIT",0.29203,0.29199,101,448.928600887154,449.0,0.00015901806869932116
nlpmodel_cg,hinf6,13,16,"ITERATION_LIMIT",0.29631,0.29625,101,448.928600887154,449.0,0.00015901806869932116
nlpmodel_cg,hinf6,13,16,"ITERATION_LIMIT",0.28207,0.28203,101,448.928600887154,449.0,0.00015901806869932116
nlpmodel_cg,hinf6,13,16,"ITERATION_LIMIT",0.29386,0.29382,101,448.928600887154,449.0,0.00015901806869932116
nlpmodel_cg,hinf6,13,16,"ITERATION_LIMIT",0.28557,0.28553,101,448.928600887154,449.0,0.00015901806869932116
nlpmodel_cg,hinf6,13,16,"ITERATION_LIMIT",0.28328,0.28322,101,448.928600887154,449.0,0.00015901806869932116
nlpmodel_cg,hinf6,13,16,"ITERATION_LIMIT",0.30335,0.30331,101,448.928600887154,449.0,0.00015901806869932116
nlpmodel_cg,hinf6,13,16,"ITERATION_LIMIT",0.30605,0.306,101,448.928600887154,449.0,0.00015901806869932116
nlpmodel_cg,hinf6,13,16,"ITERATION_LIMIT",0.30122,0.30117,101,448.928600887154,449.0,0.00015901806869932116
nlpmodel_cg,hinf6,13,16,"ITERATION_LIMIT",0.29659,0.29655,101,448.928600887154,449.0,0.00015901806869932116
nlpmodel_cg,hinf6,13,16,"ITERATION_LIMIT",0.3043,0.30426,101,448.928600887154,449.0,0.00015901806869932116
nlpmodel_cg,hinf6,13,16,"ITERATION_LIMIT",0.29554,0.2955,101,448.928600887154,449.0,0.00015901806869932116
nlpmodel_cg,hinf6,13,16,"ITERATION_LIMIT",0.29284,0.2928,101,448.928600887154,449.0,0.00015901806869932116
nlpmodel_cg,hinf6,13,16,"ITERATION_LIMIT",0.28554,0.2855,101,448.928600887154,449.0,0.00015901806869932116
nlpmodel_cg,hinf6,13,16,"ITERATION_LIMIT",0.28865,0.28861,101,448.928600887154,449.0,0.00015901806869932116
nlpmodel_cg,hinf6,13,16,"ITERATION_LIMIT",0.29789,0.29785,101,448.928600887154,449.0,0.00015901806869932116
nlpmodel_cg,hinf6,13,16,"ITERATION_LIMIT",0.28343,0.28339,101,448.928600887154,449.0,0.00015901806869932116
nlpmodel_cg,hinf6,13,16,"ITERATION_LIMIT",0.29438,0.29434,101,448.928600887154,449.0,0.00015901806869932116
nlpmodel_cg,hinf6,13,16,"ITERATION_LIMIT",0.28553,0.28548,101,448.928600887154,449.0,0.00015901806869932116
nlpmodel_cg,hinf6,13,16,"ITERATION_LIMIT",0.2811,0.28106,101,448.928600887154,449.0,0.00015901806869932116
nlpmodel_cg,hinf6,13,16,"ITERATION_LIMIT",0.30576,0.30569,101,448.928600887154,449.0,0.00015901806869932116
nlpmodel_cg,hinf6,13,16,"ITERATION_LIMIT",0.28955,0.28949,101,448.928600887154,449.0,0.00015901806869932116
nlpmodel_cg,hinf6,13,16,"ITERATION_LIMIT",0.29655,0.29649,101,448.928600887154,449.0,0.00015901806869932116
nlpmodel_cg,hinf6,13,16,"ITERATION_LIMIT",0.28828,0.28824,101,448.928600887154,449.0,0.00015901806869932116
nlpmodel_cg,hinf6,13,16,"ITERATION_LIMIT",0.30514,0.3051,101,448.928600887154,449.0,0.00015901806869932116
nlpmodel_cg,hinf6,13,16,"ITERATION_LIMIT",0.28637,0.28631,101,448.928600887154,449.0,0.00015901806869932116
nlpmodel_cg,hinf6,13,16,"ITERATION_LIMIT",0.29044,0.2904,101,448.928600887154,449.0,0.00015901806869932116
nlpmodel_cg,hinf6,13,16,"ITERATION_LIMIT",0.30218,0.30213,101,448.928600887154,449.0,0.00015901806869932116
nlpmodel_cg,hinf6,13,16,"ITERATION_LIMIT",0.30767,0.3076,101,448.928600887154,449.0,0.00015901806869932116
nlpmodel_cg,hinf6,13,16,"ITERATION_LIMIT",0.28694,0.28688,101,448.928600887154,449.0,0.00015901806869932116
nlpmodel_cg,hinf6,13,16,"ITERATION_LIMIT",0.28804,0.288,101,448.928600887154,449.0,0.00015901806869932116
nlpmodel_cg,hinf7,13,16,"ITERATION_LIMIT",0.187,0.18696,101,392.1525046206466,391.0,0.002947582149991294
nlpmodel_cg,hinf7,13,16,"ITERATION_LIMIT",0.18589,0.18585,101,392.1525046206466,391.0,0.002947582149991294
nlpmodel_cg,hinf7,13,16,"ITERATION_LIMIT",0.19307,0.19303,101,392.1525046206466,391.0,0.002947582149991294
nlpmodel_cg,hinf7,13,16,"ITERATION_LIMIT",0.18097,0.18093,101,392.1525046206466,391.0,0.002947582149991294
nlpmodel_cg,hinf7,13,16,"ITERATION_LIMIT",0.18767,0.18761,101,392.1525046206466,391.0,0.002947582149991294
nlpmodel_cg,hinf7,13,16,"ITERATION_LIMIT",0.18617,0.18613,101,392.1525046206466,391.0,0.002947582149991294
nlpmodel_cg,hinf7,13,16,"ITERATION_LIMIT",0.19116,0.19112,101,392.1525046206466,391.0,0.002947582149991294
nlpmodel_cg,hinf7,13,16,"ITERATION_LIMIT",0.18339,0.18336,101,392.1525046206466,391.0,0.002947582149991294
nlpmodel_cg,hinf7,13,16,"ITERATION_LIMIT",0.18503,0.18499,101,392.1525046206466,391.0,0.002947582149991294
nlpmodel_cg,hinf7,13,16,"ITERATION_LIMIT",0.19362,0.19356,101,392.1525046206466,391.0,0.002947582149991294
nlpmodel_cg,hinf7,13,16,"ITERATION_LIMIT",0.18285,0.18281,101,392.1525046206466,391.0,0.002947582149991294
nlpmodel_cg,hinf7,13,16,"ITERATION_LIMIT",0.18239,0.18233,101,392.1525046206466,391.0,0.002947582149991294
nlpmodel_cg,hinf7,13,16,"ITERATION_LIMIT",0.18947,0.18941,101,392.1525046206466,391.0,0.002947582149991294
nlpmodel_cg,hinf7,13,16,"ITERATION_LIMIT",0.21786,0.2178,101,392.1525046206466,391.0,0.002947582149991294
nlpmodel_cg,hinf7,13,16,"ITERATION_LIMIT",0.20205,0.20202,101,392.1525046206466,391.0,0.002947582149991294
nlpmodel_cg,hinf7,13,16,"ITERATION_LIMIT",0.1974,0.19736,101,392.1525046206466,391.0,0.002947582149991294
nlpmodel_cg,hinf7,13,16,"ITERATION_LIMIT",0.20668,0.20664,101,392.1525046206466,391.0,0.002947582149991294
nlpmodel_cg,hinf7,13,16,"ITERATION_LIMIT",0.19642,0.19638,101,392.1525046206466,391.0,0.002947582149991294
nlpmodel_cg,hinf7,13,16,"ITERATION_LIMIT",0.20957,0.2095,101,392.1525046206466,391.0,0.002947582149991294
nlpmodel_cg,hinf7,13,16,"ITERATION_LIMIT",0.19814,0.1981,101,392.1525046206466,391.0,0.002947582149991294
nlpmodel_cg,hinf7,13,16,"ITERATION_LIMIT",0.22443,0.22437,101,392.1525046206466,391.0,0.002947582149991294
nlpmodel_cg,hinf7,13,16,"ITERATION_LIMIT",0.20563,0.2056,101,392.1525046206466,391.0,0.002947582149991294
nlpmodel_cg,hinf7,13,16,"ITERATION_LIMIT",0.20113,0.20107,101,392.1525046206466,391.0,0.002947582149991294
nlpmodel_cg,hinf7,13,16,"ITERATION_LIMIT",0.19391,0.19387,101,392.1525046206466,391.0,0.002947582149991294
nlpmodel_cg,hinf7,13,16,"ITERATION_LIMIT",0.20678,0.20674,101,392.1525046206466,391.0,0.002947582149991294
nlpmodel_cg,hinf7,13,16,"ITERATION_LIMIT",0.19492,0.19488,101,392.1525046206466,391.0,0.002947582149991294
nlpmodel_cg,hinf7,13,16,"ITERATION_LIMIT",0.18201,0.18198,101,392.1525046206466,391.0,0.002947582149991294
nlpmodel_cg,hinf7,13,16,"ITERATION_LIMIT",0.19087,0.19084,101,392.1525046206466,391.0,0.002947582149991294
nlpmodel_cg,hinf7,13,16,"ITERATION_LIMIT",0.1972,0.19716,101,392.1525046206466,391.0,0.002947582149991294
nlpmodel_cg,hinf7,13,16,"ITERATION_LIMIT",0.18092,0.18088,101,392.1525046206466,391.0,0.002947582149991294
nlpmodel_cg,hinf7,13,16,"ITERATION_LIMIT",0.1816,0.18156,101,392.1525046206466,391.0,0.002947582149991294
nlpmodel_cg,hinf7,13,16,"ITERATION_LIMIT",0.19771,0.19765,101,392.1525046206466,391.0,0.002947582149991294
nlpmodel_cg,hinf8,13,16,"ITERATION_LIMIT",0.83225,0.8322,101,116.18465496851039,116.0,0.0015918531768136781
nlpmodel_cg,hinf8,13,16,"ITERATION_LIMIT",0.87489,0.87482,101,116.18465496851039,116.0,0.0015918531768136781
nlpmodel_cg,hinf8,13,16,"ITERATION_LIMIT",0.8357,0.83565,101,116.18465496851039,116.0,0.0015918531768136781
nlpmodel_cg,hinf8,13,16,"ITERATION_LIMIT",0.8526,0.85256,101,116.18465496851039,116.0,0.0015918531768136781
nlpmodel_cg,hinf8,13,16,"ITERATION_LIMIT",0.8509,0.85086,101,116.18465496851039,116.0,0.0015918531768136781
nlpmodel_cg,hinf8,13,16,"ITERATION_LIMIT",0.87467,0.87463,101,116.18465496851039,116.0,0.0015918531768136781
nlpmodel_cg,hinf8,13,16,"ITERATION_LIMIT",0.85207,0.85203,101,116.18465496851039,116.0,0.0015918531768136781
nlpmodel_cg,hinf8,13,16,"ITERATION_LIMIT",0.8504,0.85035,101,116.18465496851039,116.0,0.0015918531768136781
nlpmodel_cg,hinf8,13,16,"ITERATION_LIMIT",0.85175,0.85168,101,116.18465496851039,116.0,0.0015918531768136781
nlpmodel_cg,hinf8,13,16,"ITERATION_LIMIT",0.86507,0.865,101,116.18465496851039,116.0,0.0015918531768136781
nlpmodel_cg,hinf8,13,16,"ITERATION_LIMIT",0.85065,0.85058,101,116.18465496851039,116.0,0.0015918531768136781
nlpmodel_cg,hinf8,13,16,"ITERATION_LIMIT",0.87595,0.87591,101,116.18465496851039,116.0,0.0015918531768136781
nlpmodel_cg,hinf8,13,16,"ITERATION_LIMIT",0.8933,0.89323,101,116.18465496851039,116.0,0.0015918531768136781
nlpmodel_cg,hinf8,13,16,"ITERATION_LIMIT",0.87437,0.87429,101,116.18465496851039,116.0,0.0015918531768136781
nlpmodel_cg,hinf8,13,16,"ITERATION_LIMIT",0.85625,0.85617,101,116.18465496851039,116.0,0.0015918531768136781
nlpmodel_cg,hinf8,13,16,"ITERATION_LIMIT",0.87346,0.87338,101,116.18465496851039,116.0,0.0015918531768136781
nlpmodel_cg,hinf8,13,16,"ITERATION_LIMIT",0.86751,0.86744,101,116.18465496851039,116.0,0.0015918531768136781
nlpmodel_cg,hinf8,13,16,"ITERATION_LIMIT",0.86798,0.86792,101,116.18465496851039,116.0,0.0015918531768136781
nlpmodel_cg,hinf8,13,16,"ITERATION_LIMIT",0.87609,0.87605,101,116.18465496851039,116.0,0.0015918531768136781
nlpmodel_cg,hinf8,13,16,"ITERATION_LIMIT",0.85923,0.85919,101,116.18465496851039,116.0,0.0015918531768136781
nlpmodel_cg,hinf8,13,16,"ITERATION_LIMIT",0.84945,0.84941,101,116.18465496851039,116.0,0.0015918531768136781
nlpmodel_cg,hinf8,13,16,"ITERATION_LIMIT",0.85891,0.85887,101,116.18465496851039,116.0,0.0015918531768136781
nlpmodel_cg,hinf8,13,16,"ITERATION_LIMIT",0.84933,0.84926,101,116.18465496851039,116.0,0.0015918531768136781
nlpmodel_cg,hinf8,13,16,"ITERATION_LIMIT",0.83975,0.83969,101,116.18465496851039,116.0,0.0015918531768136781
nlpmodel_cg,hinf8,13,16,"ITERATION_LIMIT",0.86291,0.86284,101,116.18465496851039,116.0,0.0015918531768136781
nlpmodel_cg,hinf8,13,16,"ITERATION_LIMIT",0.85985,0.85979,101,116.18465496851039,116.0,0.0015918531768136781
nlpmodel_cg,hinf8,13,16,"ITERATION_LIMIT",0.84435,0.84428,101,116.18465496851039,116.0,0.0015918531768136781
nlpmodel_cg,hinf8,13,16,"ITERATION_LIMIT",0.84605,0.84601,101,116.18465496851039,116.0,0.0015918531768136781
nlpmodel_cg,hinf8,13,16,"ITERATION_LIMIT",0.85018,0.85014,101,116.18465496851039,116.0,0.0015918531768136781
nlpmodel_cg,hinf8,13,16,"ITERATION_LIMIT",0.84947,0.84943,101,116.18465496851039,116.0,0.0015918531768136781
nlpmodel_cg,hinf8,13,16,"ITERATION_LIMIT",0.84179,0.84173,101,116.18465496851039,116.0,0.0015918531768136781
nlpmodel_cg,hinf8,13,16,"ITERATION_LIMIT",0.8351,0.83502,101,116.18465496851039,116.0,0.0015918531768136781
nlpmodel_cg,hinf9,13,16,"OPTIMAL",0.013338,0.013315,37,236.24926101862224,236.25,3.1279635037670174e-6
nlpmodel_cg,hinf9,13,16,"OPTIMAL",0.013053,0.013039,37,236.24926101862224,236.25,3.1279635037670174e-6
nlpmodel_cg,hinf9,13,16,"OPTIMAL",0.020294,0.020281,37,236.24926101862224,236.25,3.1279635037670174e-6
nlpmodel_cg,hinf9,13,16,"OPTIMAL",0.013135,0.013116,37,236.24926101862224,236.25,3.1279635037670174e-6
nlpmodel_cg,hinf9,13,16,"OPTIMAL",0.01305,0.013036,37,236.24926101862224,236.25,3.1279635037670174e-6
nlpmodel_cg,hinf9,13,16,"OPTIMAL",0.013382,0.013371,37,236.24926101862224,236.25,3.1279635037670174e-6
nlpmodel_cg,hinf9,13,16,"OPTIMAL",0.013473,0.013461,37,236.24926101862224,236.25,3.1279635037670174e-6
nlpmodel_cg,hinf9,13,16,"OPTIMAL",0.013449,0.013437,37,236.24926101862224,236.25,3.1279635037670174e-6
nlpmodel_cg,hinf9,13,16,"OPTIMAL",0.013403,0.013391,37,236.24926101862224,236.25,3.1279635037670174e-6
nlpmodel_cg,hinf9,13,16,"OPTIMAL",0.013572,0.01356,37,236.24926101862224,236.25,3.1279635037670174e-6
nlpmodel_cg,hinf9,13,16,"OPTIMAL",0.0133,0.013289,37,236.24926101862224,236.25,3.1279635037670174e-6
nlpmodel_cg,hinf9,13,16,"OPTIMAL",0.013221,0.013209,37,236.24926101862224,236.25,3.1279635037670174e-6
nlpmodel_cg,hinf9,13,16,"OPTIMAL",0.019588,0.019576,37,236.24926101862224,236.25,3.1279635037670174e-6
nlpmodel_cg,hinf9,13,16,"OPTIMAL",0.013202,0.013181,37,236.24926101862224,236.25,3.1279635037670174e-6
nlpmodel_cg,hinf9,13,16,"OPTIMAL",0.013296,0.013284,37,236.24926101862224,236.25,3.1279635037670174e-6
nlpmodel_cg,hinf9,13,16,"OPTIMAL",0.013397,0.013384,37,236.24926101862224,236.25,3.1279635037670174e-6
nlpmodel_cg,hinf9,13,16,"OPTIMAL",0.013397,0.013384,37,236.24926101862224,236.25,3.1279635037670174e-6
nlpmodel_cg,hinf9,13,16,"OPTIMAL",0.013343,0.013331,37,236.24926101862224,236.25,3.1279635037670174e-6
nlpmodel_cg,hinf9,13,16,"OPTIMAL",0.013551,0.013538,37,236.24926101862224,236.25,3.1279635037670174e-6
nlpmodel_cg,hinf9,13,16,"OPTIMAL",0.01397,0.013946,37,236.24926101862224,236.25,3.1279635037670174e-6
nlpmodel_cg,hinf9,13,16,"OPTIMAL",0.013402,0.013381,37,236.24926101862224,236.25,3.1279635037670174e-6
nlpmodel_cg,hinf9,13,16,"OPTIMAL",0.020269,0.020253,37,236.24926101862224,236.25,3.1279635037670174e-6
nlpmodel_cg,hinf9,13,16,"OPTIMAL",0.013218,0.013196,37,236.24926101862224,236.25,3.1279635037670174e-6
nlpmodel_cg,hinf9,13,16,"OPTIMAL",0.013579,0.013564,37,236.24926101862224,236.25,3.1279635037670174e-6
nlpmodel_cg,hinf9,13,16,"OPTIMAL",0.013695,0.013667,37,236.24926101862224,236.25,3.1279635037670174e-6
nlpmodel_cg,hinf9,13,16,"OPTIMAL",0.013476,0.013458,37,236.24926101862224,236.25,3.1279635037670174e-6
nlpmodel_cg,hinf9,13,16,"OPTIMAL",0.013737,0.013725,37,236.24926101862224,236.25,3.1279635037670174e-6
nlpmodel_cg,hinf9,13,16,"OPTIMAL",0.013357,0.013346,37,236.24926101862224,236.25,3.1279635037670174e-6
nlpmodel_cg,hinf9,13,16,"OPTIMAL",0.013652,0.01364,37,236.24926101862224,236.25,3.1279635037670174e-6
nlpmodel_cg,hinf9,13,16,"OPTIMAL",0.013395,0.013384,37,236.24926101862224,236.25,3.1279635037670174e-6
nlpmodel_cg,hinf9,13,16,"OPTIMAL",0.013642,0.013629,37,236.24926101862224,236.25,3.1279635037670174e-6
nlpmodel_cg,hinf9,13,16,"OPTIMAL",0.021174,0.02116,37,236.24926101862224,236.25,3.1279635037670174e-6
nlpmodel_cg,hinf10,21,18,"ERROR: On worker 2:
PosDefException: matrix is not positive definit",NaN,NaN,-1,NaN,109.0,NaN
nlpmodel_cg,truss4,12,19,"OPTIMAL",0.0051557,0.0051408,13,-9.009996289328646,-9.009996,3.211196168949938e-8
nlpmodel_cg,truss4,12,19,"OPTIMAL",0.0037366,0.0037251,13,-9.009996289328646,-9.009996,3.211196168949938e-8
nlpmodel_cg,truss4,12,19,"OPTIMAL",0.0037764,0.0037661,13,-9.009996289328646,-9.009996,3.211196168949938e-8
nlpmodel_cg,truss4,12,19,"OPTIMAL",0.0038296,0.0038199,13,-9.009996289328646,-9.009996,3.211196168949938e-8
nlpmodel_cg,truss4,12,19,"OPTIMAL",0.0038576,0.0038481,13,-9.009996289328646,-9.009996,3.211196168949938e-8
nlpmodel_cg,truss4,12,19,"OPTIMAL",0.00375,0.0037401,13,-9.009996289328646,-9.009996,3.211196168949938e-8
nlpmodel_cg,truss4,12,19,"OPTIMAL",0.0037305,0.003721,13,-9.009996289328646,-9.009996,3.211196168949938e-8
nlpmodel_cg,truss4,12,19,"OPTIMAL",0.0037273,0.0037179,13,-9.009996289328646,-9.009996,3.211196168949938e-8
nlpmodel_cg,truss4,12,19,"OPTIMAL",0.003695,0.003685,13,-9.009996289328646,-9.009996,3.211196168949938e-8
nlpmodel_cg,truss4,12,19,"OPTIMAL",0.0040917,0.0040801,13,-9.009996289328646,-9.009996,3.211196168949938e-8
nlpmodel_cg,truss4,12,19,"OPTIMAL",0.018082,0.018068,13,-9.009996289328646,-9.009996,3.211196168949938e-8
nlpmodel_cg,truss4,12,19,"OPTIMAL",0.003997,0.0039642,13,-9.009996289328646,-9.009996,3.211196168949938e-8
nlpmodel_cg,truss4,12,19,"OPTIMAL",0.0038519,0.00384,13,-9.009996289328646,-9.009996,3.211196168949938e-8
nlpmodel_cg,truss4,12,19,"OPTIMAL",0.0039297,0.0039201,13,-9.009996289328646,-9.009996,3.211196168949938e-8
nlpmodel_cg,truss4,12,19,"OPTIMAL",0.004774,0.0047638,13,-9.009996289328646,-9.009996,3.211196168949938e-8
nlpmodel_cg,truss4,12,19,"OPTIMAL",0.0039668,0.0039539,13,-9.009996289328646,-9.009996,3.211196168949938e-8
nlpmodel_cg,truss4,12,19,"OPTIMAL",0.0047203,0.004709,13,-9.009996289328646,-9.009996,3.211196168949938e-8
nlpmodel_cg,truss4,12,19,"OPTIMAL",0.0039015,0.0038881,13,-9.009996289328646,-9.009996,3.211196168949938e-8
nlpmodel_cg,truss4,12,19,"OPTIMAL",0.0038776,0.0038669,13,-9.009996289328646,-9.009996,3.211196168949938e-8
nlpmodel_cg,truss4,12,19,"OPTIMAL",0.0038378,0.0038259,13,-9.009996289328646,-9.009996,3.211196168949938e-8
nlpmodel_cg,truss4,12,19,"OPTIMAL",0.0039091,0.0039001,13,-9.009996289328646,-9.009996,3.211196168949938e-8
nlpmodel_cg,truss4,12,19,"OPTIMAL",0.0039009,0.0038919,13,-9.009996289328646,-9.009996,3.211196168949938e-8
nlpmodel_cg,truss4,12,19,"OPTIMAL",0.0038552,0.003845,13,-9.009996289328646,-9.009996,3.211196168949938e-8
nlpmodel_cg,truss4,12,19,"OPTIMAL",0.0038802,0.0038712,13,-9.009996289328646,-9.009996,3.211196168949938e-8
nlpmodel_cg,truss4,12,19,"OPTIMAL",0.0038543,0.003845,13,-9.009996289328646,-9.009996,3.211196168949938e-8
nlpmodel_cg,truss4,12,19,"OPTIMAL",0.0038684,0.003859,13,-9.009996289328646,-9.009996,3.211196168949938e-8
nlpmodel_cg,truss4,12,19,"OPTIMAL",0.0038496,0.00384,13,-9.009996289328646,-9.009996,3.211196168949938e-8
nlpmodel_cg,truss4,12,19,"OPTIMAL",0.0038203,0.0038111,13,-9.009996289328646,-9.009996,3.211196168949938e-8
nlpmodel_cg,truss4,12,19,"OPTIMAL",0.0038675,0.0038579,13,-9.009996289328646,-9.009996,3.211196168949938e-8
nlpmodel_cg,truss4,12,19,"OPTIMAL",0.0039097,0.0038998,13,-9.009996289328646,-9.009996,3.211196168949938e-8
nlpmodel_cg,truss4,12,19,"OPTIMAL",0.0039102,0.003901,13,-9.009996289328646,-9.009996,3.211196168949938e-8
nlpmodel_cg,truss4,12,19,"OPTIMAL",0.0038954,0.003885,13,-9.009996289328646,-9.009996,3.211196168949938e-8
nlpmodel_cg,hinf11,31,22,"ITERATION_LIMIT",0.25307,0.25303,101,65.87412036951395,65.9,0.0003927106295304942
nlpmodel_cg,hinf11,31,22,"ITERATION_LIMIT",0.26816,0.26812,101,65.87412036951395,65.9,0.0003927106295304942
nlpmodel_cg,hinf11,31,22,"ITERATION_LIMIT",0.26367,0.26363,101,65.87412036951395,65.9,0.0003927106295304942
nlpmodel_cg,hinf11,31,22,"ITERATION_LIMIT",0.26978,0.26974,101,65.87412036951395,65.9,0.0003927106295304942
nlpmodel_cg,hinf11,31,22,"ITERATION_LIMIT",0.26086,0.26082,101,65.87412036951395,65.9,0.0003927106295304942
nlpmodel_cg,hinf11,31,22,"ITERATION_LIMIT",0.26987,0.26982,101,65.87412036951395,65.9,0.0003927106295304942
nlpmodel_cg,hinf11,31,22,"ITERATION_LIMIT",0.25932,0.25926,101,65.87412036951395,65.9,0.0003927106295304942
nlpmodel_cg,hinf11,31,22,"ITERATION_LIMIT",0.26889,0.26885,101,65.87412036951395,65.9,0.0003927106295304942
nlpmodel_cg,hinf11,31,22,"ITERATION_LIMIT",0.26829,0.26823,101,65.87412036951395,65.9,0.0003927106295304942
nlpmodel_cg,hinf11,31,22,"ITERATION_LIMIT",0.25657,0.25653,101,65.87412036951395,65.9,0.0003927106295304942
nlpmodel_cg,hinf11,31,22,"ITERATION_LIMIT",0.25897,0.25893,101,65.87412036951395,65.9,0.0003927106295304942
nlpmodel_cg,hinf11,31,22,"ITERATION_LIMIT",0.25479,0.25475,101,65.87412036951395,65.9,0.0003927106295304942
nlpmodel_cg,hinf11,31,22,"ITERATION_LIMIT",0.25408,0.25404,101,65.87412036951395,65.9,0.0003927106295304942
nlpmodel_cg,hinf11,31,22,"ITERATION_LIMIT",0.25895,0.25889,101,65.87412036951395,65.9,0.0003927106295304942
nlpmodel_cg,hinf11,31,22,"ITERATION_LIMIT",0.26633,0.26629,101,65.87412036951395,65.9,0.0003927106295304942
nlpmodel_cg,hinf11,31,22,"ITERATION_LIMIT",0.25865,0.25861,101,65.87412036951395,65.9,0.0003927106295304942
nlpmodel_cg,hinf11,31,22,"ITERATION_LIMIT",0.28622,0.28618,101,65.87412036951395,65.9,0.0003927106295304942
nlpmodel_cg,hinf11,31,22,"ITERATION_LIMIT",0.27958,0.27954,101,65.87412036951395,65.9,0.0003927106295304942
nlpmodel_cg,hinf11,31,22,"ITERATION_LIMIT",0.27913,0.27907,101,65.87412036951395,65.9,0.0003927106295304942
nlpmodel_cg,hinf11,31,22,"ITERATION_LIMIT",0.28303,0.28299,101,65.87412036951395,65.9,0.0003927106295304942
nlpmodel_cg,hinf11,31,22,"ITERATION_LIMIT",0.30371,0.30367,101,65.87412036951395,65.9,0.0003927106295304942
nlpmodel_cg,hinf11,31,22,"ITERATION_LIMIT",0.26755,0.26751,101,65.87412036951395,65.9,0.0003927106295304942
nlpmodel_cg,hinf11,31,22,"ITERATION_LIMIT",0.26428,0.26423,101,65.87412036951395,65.9,0.0003927106295304942
nlpmodel_cg,hinf11,31,22,"ITERATION_LIMIT",0.27217,0.27214,101,65.87412036951395,65.9,0.0003927106295304942
nlpmodel_cg,hinf11,31,22,"ITERATION_LIMIT",0.28964,0.2896,101,65.87412036951395,65.9,0.0003927106295304942
nlpmodel_cg,hinf11,31,22,"ITERATION_LIMIT",0.28094,0.2809,101,65.87412036951395,65.9,0.0003927106295304942
nlpmodel_cg,hinf11,31,22,"ITERATION_LIMIT",0.28049,0.28045,101,65.87412036951395,65.9,0.0003927106295304942
nlpmodel_cg,hinf11,31,22,"ITERATION_LIMIT",0.297,0.29696,101,65.87412036951395,65.9,0.0003927106295304942
nlpmodel_cg,hinf11,31,22,"ITERATION_LIMIT",0.291,0.29096,101,65.87412036951395,65.9,0.0003927106295304942
nlpmodel_cg,hinf11,31,22,"ITERATION_LIMIT",0.29225,0.29221,101,65.87412036951395,65.9,0.0003927106295304942
nlpmodel_cg,hinf11,31,22,"ITERATION_LIMIT",0.28196,0.28192,101,65.87412036951395,65.9,0.0003927106295304942
nlpmodel_cg,hinf11,31,22,"ITERATION_LIMIT",0.27004,0.26998,101,65.87412036951395,65.9,0.0003927106295304942
nlpmodel_cg,hinf12,43,24,"ITERATION_LIMIT",0.11721,0.11717,101,0.22130146483568067,0.2,0.021301464835680656
nlpmodel_cg,hinf12,43,24,"ITERATION_LIMIT",0.11559,0.11553,101,0.22130146483568067,0.2,0.021301464835680656
nlpmodel_cg,hinf12,43,24,"ITERATION_LIMIT",0.12481,0.12477,101,0.22130146483568067,0.2,0.021301464835680656
nlpmodel_cg,hinf12,43,24,"ITERATION_LIMIT",0.11702,0.11699,101,0.22130146483568067,0.2,0.021301464835680656
nlpmodel_cg,hinf12,43,24,"ITERATION_LIMIT",0.11625,0.11621,101,0.22130146483568067,0.2,0.021301464835680656
nlpmodel_cg,hinf12,43,24,"ITERATION_LIMIT",0.11397,0.11393,101,0.22130146483568067,0.2,0.021301464835680656
nlpmodel_cg,hinf12,43,24,"ITERATION_LIMIT",0.11696,0.11692,101,0.22130146483568067,0.2,0.021301464835680656
nlpmodel_cg,hinf12,43,24,"ITERATION_LIMIT",0.11488,0.11485,101,0.22130146483568067,0.2,0.021301464835680656
nlpmodel_cg,hinf12,43,24,"ITERATION_LIMIT",0.1173,0.11726,101,0.22130146483568067,0.2,0.021301464835680656
nlpmodel_cg,hinf12,43,24,"ITERATION_LIMIT",0.11702,0.11697,101,0.22130146483568067,0.2,0.021301464835680656
nlpmodel_cg,hinf12,43,24,"ITERATION_LIMIT",0.11924,0.1192,101,0.22130146483568067,0.2,0.021301464835680656
nlpmodel_cg,hinf12,43,24,"ITERATION_LIMIT",0.1666,0.16657,101,0.22130146483568067,0.2,0.021301464835680656
nlpmodel_cg,hinf12,43,24,"ITERATION_LIMIT",0.14175,0.14171,101,0.22130146483568067,0.2,0.021301464835680656
nlpmodel_cg,hinf12,43,24,"ITERATION_LIMIT",0.14019,0.14015,101,0.22130146483568067,0.2,0.021301464835680656
nlpmodel_cg,hinf12,43,24,"ITERATION_LIMIT",0.15272,0.15266,101,0.22130146483568067,0.2,0.021301464835680656
nlpmodel_cg,hinf12,43,24,"ITERATION_LIMIT",0.14547,0.14543,101,0.22130146483568067,0.2,0.021301464835680656
nlpmodel_cg,hinf12,43,24,"ITERATION_LIMIT",0.1507,0.15066,101,0.22130146483568067,0.2,0.021301464835680656
nlpmodel_cg,hinf12,43,24,"ITERATION_LIMIT",0.14552,0.14547,101,0.22130146483568067,0.2,0.021301464835680656
nlpmodel_cg,hinf12,43,24,"ITERATION_LIMIT",0.15205,0.15201,101,0.22130146483568067,0.2,0.021301464835680656
nlpmodel_cg,hinf12,43,24,"ITERATION_LIMIT",0.15704,0.15699,101,0.22130146483568067,0.2,0.021301464835680656
nlpmodel_cg,hinf12,43,24,"ITERATION_LIMIT",0.14349,0.14343,101,0.22130146483568067,0.2,0.021301464835680656
nlpmodel_cg,hinf12,43,24,"ITERATION_LIMIT",0.14909,0.14906,101,0.22130146483568067,0.2,0.021301464835680656
nlpmodel_cg,hinf12,43,24,"ITERATION_LIMIT",0.14618,0.14614,101,0.22130146483568067,0.2,0.021301464835680656
nlpmodel_cg,hinf12,43,24,"ITERATION_LIMIT",0.14843,0.14839,101,0.22130146483568067,0.2,0.021301464835680656
nlpmodel_cg,hinf12,43,24,"ITERATION_LIMIT",0.15421,0.15415,101,0.22130146483568067,0.2,0.021301464835680656
nlpmodel_cg,hinf12,43,24,"ITERATION_LIMIT",0.16963,0.16959,101,0.22130146483568067,0.2,0.021301464835680656
nlpmodel_cg,hinf12,43,24,"ITERATION_LIMIT",0.14497,0.14493,101,0.22130146483568067,0.2,0.021301464835680656
nlpmodel_cg,hinf12,43,24,"ITERATION_LIMIT",0.13836,0.13833,101,0.22130146483568067,0.2,0.021301464835680656
nlpmodel_cg,hinf12,43,24,"ITERATION_LIMIT",0.14795,0.14792,101,0.22130146483568067,0.2,0.021301464835680656
nlpmodel_cg,hinf12,43,24,"ITERATION_LIMIT",0.13734,0.1373,101,0.22130146483568067,0.2,0.021301464835680656
nlpmodel_cg,hinf12,43,24,"ITERATION_LIMIT",0.13569,0.13565,101,0.22130146483568067,0.2,0.021301464835680656
nlpmodel_cg,hinf12,43,24,"ITERATION_LIMIT",0.12177,0.1217,101,0.22130146483568067,0.2,0.021301464835680656
nlpmodel_cg,qap5,136,26,"OPTIMAL",0.044147,0.044103,10,-435.9999981527435,-436.0,4.236826832286603e-9
nlpmodel_cg,qap5,136,26,"OPTIMAL",0.046379,0.046329,10,-435.9999981527435,-436.0,4.236826832286603e-9
nlpmodel_cg,qap5,136,26,"OPTIMAL",0.040296,0.04025,10,-435.9999981527435,-436.0,4.236826832286603e-9
nlpmodel_cg,qap5,136,26,"OPTIMAL",0.043146,0.043049,10,-435.9999981527435,-436.0,4.236826832286603e-9
nlpmodel_cg,qap5,136,26,"OPTIMAL",0.053474,0.053418,10,-435.9999981527435,-436.0,4.236826832286603e-9
nlpmodel_cg,qap5,136,26,"OPTIMAL",0.042696,0.042635,10,-435.9999981527435,-436.0,4.236826832286603e-9
nlpmodel_cg,qap5,136,26,"OPTIMAL",0.045223,0.045191,10,-435.9999981527435,-436.0,4.236826832286603e-9
nlpmodel_cg,qap5,136,26,"OPTIMAL",0.040947,0.040927,10,-435.9999981527435,-436.0,4.236826832286603e-9
nlpmodel_cg,qap5,136,26,"OPTIMAL",0.040544,0.040528,10,-435.9999981527435,-436.0,4.236826832286603e-9
nlpmodel_cg,qap5,136,26,"OPTIMAL",0.04706,0.047046,10,-435.9999981527435,-436.0,4.236826832286603e-9
nlpmodel_cg,qap5,136,26,"OPTIMAL",0.043182,0.043162,10,-435.9999981527435,-436.0,4.236826832286603e-9
nlpmodel_cg,qap5,136,26,"OPTIMAL",0.043519,0.043495,10,-435.9999981527435,-436.0,4.236826832286603e-9
nlpmodel_cg,qap5,136,26,"OPTIMAL",0.045101,0.045055,10,-435.9999981527435,-436.0,4.236826832286603e-9
nlpmodel_cg,qap5,136,26,"OPTIMAL",0.045264,0.045238,10,-435.9999981527435,-436.0,4.236826832286603e-9
nlpmodel_cg,qap5,136,26,"OPTIMAL",0.049133,0.049112,10,-435.9999981527435,-436.0,4.236826832286603e-9
nlpmodel_cg,qap5,136,26,"OPTIMAL",0.045814,0.045778,10,-435.9999981527435,-436.0,4.236826832286603e-9
nlpmodel_cg,qap5,136,26,"OPTIMAL",0.044834,0.044802,10,-435.9999981527435,-436.0,4.236826832286603e-9
nlpmodel_cg,qap5,136,26,"OPTIMAL",0.041242,0.041223,10,-435.9999981527435,-436.0,4.236826832286603e-9
nlpmodel_cg,qap5,136,26,"OPTIMAL",0.046389,0.046374,10,-435.9999981527435,-436.0,4.236826832286603e-9
nlpmodel_cg,qap5,136,26,"OPTIMAL",0.044156,0.044134,10,-435.9999981527435,-436.0,4.236826832286603e-9
nlpmodel_cg,qap5,136,26,"OPTIMAL",0.044794,0.044778,10,-435.9999981527435,-436.0,4.236826832286603e-9
nlpmodel_cg,qap5,136,26,"OPTIMAL",0.047893,0.047867,10,-435.9999981527435,-436.0,4.236826832286603e-9
nlpmodel_cg,qap5,136,26,"OPTIMAL",0.04298,0.042949,10,-435.9999981527435,-436.0,4.236826832286603e-9
nlpmodel_cg,qap5,136,26,"OPTIMAL",0.042293,0.042253,10,-435.9999981527435,-436.0,4.236826832286603e-9
nlpmodel_cg,qap5,136,26,"OPTIMAL",0.046924,0.046873,10,-435.9999981527435,-436.0,4.236826832286603e-9
nlpmodel_cg,qap5,136,26,"OPTIMAL",0.052323,0.052283,10,-435.9999981527435,-436.0,4.236826832286603e-9
nlpmodel_cg,qap5,136,26,"OPTIMAL",0.043624,0.043599,10,-435.9999981527435,-436.0,4.236826832286603e-9
nlpmodel_cg,qap5,136,26,"OPTIMAL",0.043233,0.043209,10,-435.9999981527435,-436.0,4.236826832286603e-9
nlpmodel_cg,qap5,136,26,"OPTIMAL",0.043773,0.043746,10,-435.9999981527435,-436.0,4.236826832286603e-9
nlpmodel_cg,qap5,136,26,"OPTIMAL",0.045421,0.045394,10,-435.9999981527435,-436.0,4.236826832286603e-9
nlpmodel_cg,qap5,136,26,"OPTIMAL",0.043694,0.043653,10,-435.9999981527435,-436.0,4.236826832286603e-9
nlpmodel_cg,qap5,136,26,"OPTIMAL",0.041937,0.041899,10,-435.9999981527435,-436.0,4.236826832286603e-9
nlpmodel_cg,control2,66,30,"OPTIMAL",0.34077,0.34069,25,8.300000708200805,8.3,8.53253981526028e-8
nlpmodel_cg,control2,66,30,"OPTIMAL",0.3388,0.33876,25,8.300000708200805,8.3,8.53253981526028e-8
nlpmodel_cg,control2,66,30,"OPTIMAL",0.34918,0.34913,25,8.300000708200805,8.3,8.53253981526028e-8
nlpmodel_cg,control2,66,30,"OPTIMAL",0.34261,0.34257,25,8.300000708200805,8.3,8.53253981526028e-8
nlpmodel_cg,control2,66,30,"OPTIMAL",0.34312,0.34305,25,8.300000708200805,8.3,8.53253981526028e-8
nlpmodel_cg,control2,66,30,"OPTIMAL",0.34118,0.34113,25,8.300000708200805,8.3,8.53253981526028e-8
nlpmodel_cg,control2,66,30,"OPTIMAL",0.34009,0.34001,25,8.300000708200805,8.3,8.53253981526028e-8
nlpmodel_cg,control2,66,30,"OPTIMAL",0.33698,0.33694,25,8.300000708200805,8.3,8.53253981526028e-8
nlpmodel_cg,control2,66,30,"OPTIMAL",0.34238,0.34233,25,8.300000708200805,8.3,8.53253981526028e-8
nlpmodel_cg,control2,66,30,"OPTIMAL",0.34254,0.3425,25,8.300000708200805,8.3,8.53253981526028e-8
nlpmodel_cg,control2,66,30,"OPTIMAL",0.35107,0.35103,25,8.300000708200805,8.3,8.53253981526028e-8
nlpmodel_cg,control2,66,30,"OPTIMAL",0.32822,0.32818,25,8.300000708200805,8.3,8.53253981526028e-8
nlpmodel_cg,control2,66,30,"OPTIMAL",0.32911,0.32906,25,8.300000708200805,8.3,8.53253981526028e-8
nlpmodel_cg,control2,66,30,"OPTIMAL",0.32909,0.32904,25,8.300000708200805,8.3,8.53253981526028e-8
nlpmodel_cg,control2,66,30,"OPTIMAL",0.33318,0.33314,25,8.300000708200805,8.3,8.53253981526028e-8
nlpmodel_cg,control2,66,30,"OPTIMAL",0.33377,0.3337,25,8.300000708200805,8.3,8.53253981526028e-8
nlpmodel_cg,control2,66,30,"OPTIMAL",0.34241,0.34236,25,8.300000708200805,8.3,8.53253981526028e-8
nlpmodel_cg,control2,66,30,"OPTIMAL",0.34337,0.3433,25,8.300000708200805,8.3,8.53253981526028e-8
nlpmodel_cg,control2,66,30,"OPTIMAL",0.34902,0.34894,25,8.300000708200805,8.3,8.53253981526028e-8
nlpmodel_cg,control2,66,30,"OPTIMAL",0.3367,0.33665,25,8.300000708200805,8.3,8.53253981526028e-8
nlpmodel_cg,control2,66,30,"OPTIMAL",0.33396,0.3339,25,8.300000708200805,8.3,8.53253981526028e-8
nlpmodel_cg,control2,66,30,"OPTIMAL",0.34485,0.3448,25,8.300000708200805,8.3,8.53253981526028e-8
nlpmodel_cg,control2,66,30,"OPTIMAL",0.33279,0.33271,25,8.300000708200805,8.3,8.53253981526028e-8
nlpmodel_cg,control2,66,30,"OPTIMAL",0.32942,0.32935,25,8.300000708200805,8.3,8.53253981526028e-8
nlpmodel_cg,control2,66,30,"OPTIMAL",0.3293,0.32923,25,8.300000708200805,8.3,8.53253981526028e-8
nlpmodel_cg,control2,66,30,"OPTIMAL",0.32926,0.3292,25,8.300000708200805,8.3,8.53253981526028e-8
nlpmodel_cg,control2,66,30,"OPTIMAL",0.33977,0.33972,25,8.300000708200805,8.3,8.53253981526028e-8
nlpmodel_cg,control2,66,30,"OPTIMAL",0.33037,0.3303,25,8.300000708200805,8.3,8.53253981526028e-8
nlpmodel_cg,control2,66,30,"OPTIMAL",0.32709,0.32705,25,8.300000708200805,8.3,8.53253981526028e-8
nlpmodel_cg,control2,66,30,"OPTIMAL",0.33804,0.33798,25,8.300000708200805,8.3,8.53253981526028e-8
nlpmodel_cg,control2,66,30,"OPTIMAL",0.32988,0.32981,25,8.300000708200805,8.3,8.53253981526028e-8
nlpmodel_cg,control2,66,30,"OPTIMAL",0.35526,0.35522,25,8.300000708200805,8.3,8.53253981526028e-8
nlpmodel_cg,hinf13,57,30,"ITERATION_LIMIT",6.1678,6.1678,101,44.45727481389348,46.0,0.033537504045793975
nlpmodel_cg,hinf13,57,30,"ITERATION_LIMIT",6.1541,6.154,101,44.45727481389348,46.0,0.033537504045793975
nlpmodel_cg,hinf13,57,30,"ITERATION_LIMIT",6.2104,6.2104,101,44.45727481389348,46.0,0.033537504045793975
nlpmodel_cg,hinf13,57,30,"ITERATION_LIMIT",6.2579,6.2579,101,44.45727481389348,46.0,0.033537504045793975
nlpmodel_cg,hinf13,57,30,"ITERATION_LIMIT",6.1601,6.16,101,44.45727481389348,46.0,0.033537504045793975
nlpmodel_cg,hinf13,57,30,"ITERATION_LIMIT",6.1049,6.1049,101,44.45727481389348,46.0,0.033537504045793975
nlpmodel_cg,hinf13,57,30,"ITERATION_LIMIT",6.1799,6.1798,101,44.45727481389348,46.0,0.033537504045793975
nlpmodel_cg,infd1,10,30,"ERROR: On worker 2:
PosDefException: matrix is not positive definit",NaN,NaN,-1,NaN,NaN,NaN
nlpmodel_cg,infd2,10,30,"ERROR: On worker 2:
PosDefException: matrix is not positive definit",NaN,NaN,-1,NaN,NaN,NaN
nlpmodel_cg,infp1,10,30,"INFEASIBLE",0.038415,0.038376,23,5.177989578050638,NaN,NaN
nlpmodel_cg,infp1,10,30,"INFEASIBLE",0.035219,0.035181,23,5.177989578050638,NaN,NaN
nlpmodel_cg,infp1,10,30,"INFEASIBLE",0.037227,0.037187,23,5.177989578050638,NaN,NaN
nlpmodel_cg,infp1,10,30,"INFEASIBLE",0.03645,0.036412,23,5.177989578050638,NaN,NaN
nlpmodel_cg,infp1,10,30,"INFEASIBLE",0.036982,0.036947,23,5.177989578050638,NaN,NaN
nlpmodel_cg,infp1,10,30,"INFEASIBLE",0.037933,0.037897,23,5.177989578050638,NaN,NaN
nlpmodel_cg,infp1,10,30,"INFEASIBLE",0.041735,0.041696,23,5.177989578050638,NaN,NaN
nlpmodel_cg,infp1,10,30,"INFEASIBLE",0.032588,0.032554,23,5.177989578050638,NaN,NaN
nlpmodel_cg,infp1,10,30,"INFEASIBLE",0.034337,0.034304,23,5.177989578050638,NaN,NaN
nlpmodel_cg,infp1,10,30,"INFEASIBLE",0.032426,0.032379,23,5.177989578050638,NaN,NaN
nlpmodel_cg,infp1,10,30,"INFEASIBLE",0.027839,0.027804,23,5.177989578050638,NaN,NaN
nlpmodel_cg,infp1,10,30,"INFEASIBLE",0.070631,0.070599,23,5.177989578050638,NaN,NaN
nlpmodel_cg,infp1,10,30,"INFEASIBLE",0.1355,0.13546,23,5.177989578050638,NaN,NaN
nlpmodel_cg,infp1,10,30,"INFEASIBLE",0.03906,0.03902,23,5.177989578050638,NaN,NaN
nlpmodel_cg,infp1,10,30,"INFEASIBLE",0.033301,0.033262,23,5.177989578050638,NaN,NaN
nlpmodel_cg,infp1,10,30,"INFEASIBLE",0.035092,0.035057,23,5.177989578050638,NaN,NaN
nlpmodel_cg,infp1,10,30,"INFEASIBLE",0.039142,0.039107,23,5.177989578050638,NaN,NaN
nlpmodel_cg,infp1,10,30,"INFEASIBLE",0.041603,0.041553,23,5.177989578050638,NaN,NaN
nlpmodel_cg,infp1,10,30,"INFEASIBLE",0.040159,0.04012,23,5.177989578050638,NaN,NaN
nlpmodel_cg,infp1,10,30,"INFEASIBLE",0.040861,0.040825,23,5.177989578050638,NaN,NaN
nlpmodel_cg,infp1,10,30,"INFEASIBLE",0.036169,0.036133,23,5.177989578050638,NaN,NaN
nlpmodel_cg,infp1,10,30,"INFEASIBLE",0.035811,0.035755,23,5.177989578050638,NaN,NaN
nlpmodel_cg,infp1,10,30,"INFEASIBLE",0.035666,0.035627,23,5.177989578050638,NaN,NaN
nlpmodel_cg,infp1,10,30,"INFEASIBLE",0.040141,0.04008,23,5.177989578050638,NaN,NaN
nlpmodel_cg,infp1,10,30,"INFEASIBLE",0.038303,0.038267,23,5.177989578050638,NaN,NaN
nlpmodel_cg,infp1,10,30,"INFEASIBLE",0.036256,0.036213,23,5.177989578050638,NaN,NaN
nlpmodel_cg,infp1,10,30,"INFEASIBLE",0.039368,0.039332,23,5.177989578050638,NaN,NaN
nlpmodel_cg,infp1,10,30,"INFEASIBLE",0.036468,0.036433,23,5.177989578050638,NaN,NaN
nlpmodel_cg,infp1,10,30,"INFEASIBLE",0.036289,0.036254,23,5.177989578050638,NaN,NaN
nlpmodel_cg,infp1,10,30,"INFEASIBLE",0.039863,0.039828,23,5.177989578050638,NaN,NaN
nlpmodel_cg,infp1,10,30,"INFEASIBLE",0.036317,0.036279,23,5.177989578050638,NaN,NaN
nlpmodel_cg,infp1,10,30,"INFEASIBLE",0.036225,0.036189,23,5.177989578050638,NaN,NaN
nlpmodel_cg,infp2,10,30,"INFEASIBLE",0.037436,0.0374,23,4.545641065787177,NaN,NaN
nlpmodel_cg,infp2,10,30,"INFEASIBLE",0.038138,0.038102,23,4.545641065787177,NaN,NaN
nlpmodel_cg,infp2,10,30,"INFEASIBLE",0.040584,0.04055,23,4.545641065787177,NaN,NaN
nlpmodel_cg,infp2,10,30,"INFEASIBLE",0.047616,0.047579,23,4.545641065787177,NaN,NaN
nlpmodel_cg,infp2,10,30,"INFEASIBLE",0.039736,0.039697,23,4.545641065787177,NaN,NaN
nlpmodel_cg,infp2,10,30,"INFEASIBLE",0.041283,0.041234,23,4.545641065787177,NaN,NaN
nlpmodel_cg,infp2,10,30,"INFEASIBLE",0.040706,0.040668,23,4.545641065787177,NaN,NaN
nlpmodel_cg,infp2,10,30,"INFEASIBLE",0.04284,0.042783,23,4.545641065787177,NaN,NaN
nlpmodel_cg,infp2,10,30,"INFEASIBLE",0.0364,0.036364,23,4.545641065787177,NaN,NaN
nlpmodel_cg,infp2,10,30,"INFEASIBLE",0.041576,0.041538,23,4.545641065787177,NaN,NaN
nlpmodel_cg,infp2,10,30,"INFEASIBLE",0.03876,0.038726,23,4.545641065787177,NaN,NaN
nlpmodel_cg,infp2,10,30,"INFEASIBLE",0.040626,0.04059,23,4.545641065787177,NaN,NaN
nlpmodel_cg,infp2,10,30,"INFEASIBLE",0.041917,0.041879,23,4.545641065787177,NaN,NaN
nlpmodel_cg,infp2,10,30,"INFEASIBLE",0.042416,0.042357,23,4.545641065787177,NaN,NaN
nlpmodel_cg,infp2,10,30,"INFEASIBLE",0.03655,0.036515,23,4.545641065787177,NaN,NaN
nlpmodel_cg,infp2,10,30,"INFEASIBLE",0.038704,0.038674,23,4.545641065787177,NaN,NaN
nlpmodel_cg,infp2,10,30,"INFEASIBLE",0.041328,0.041293,23,4.545641065787177,NaN,NaN
nlpmodel_cg,infp2,10,30,"INFEASIBLE",0.044385,0.044346,23,4.545641065787177,NaN,NaN
nlpmodel_cg,infp2,10,30,"INFEASIBLE",0.042722,0.042689,23,4.545641065787177,NaN,NaN
nlpmodel_cg,infp2,10,30,"INFEASIBLE",0.042851,0.042814,23,4.545641065787177,NaN,NaN
nlpmodel_cg,infp2,10,30,"INFEASIBLE",0.039938,0.039901,23,4.545641065787177,NaN,NaN
nlpmodel_cg,infp2,10,30,"INFEASIBLE",0.037993,0.037957,23,4.545641065787177,NaN,NaN
nlpmodel_cg,infp2,10,30,"INFEASIBLE",0.039968,0.039932,23,4.545641065787177,NaN,NaN
nlpmodel_cg,infp2,10,30,"INFEASIBLE",0.035257,0.035221,23,4.545641065787177,NaN,NaN
nlpmodel_cg,infp2,10,30,"INFEASIBLE",0.040612,0.040575,23,4.545641065787177,NaN,NaN
nlpmodel_cg,infp2,10,30,"INFEASIBLE",0.03493,0.034895,23,4.545641065787177,NaN,NaN
nlpmodel_cg,infp2,10,30,"INFEASIBLE",0.032367,0.03233,23,4.545641065787177,NaN,NaN
nlpmodel_cg,infp2,10,30,"INFEASIBLE",0.031361,0.031325,23,4.545641065787177,NaN,NaN
nlpmodel_cg,infp2,10,30,"INFEASIBLE",0.032767,0.03273,23,4.545641065787177,NaN,NaN
nlpmodel_cg,infp2,10,30,"INFEASIBLE",0.030114,0.030082,23,4.545641065787177,NaN,NaN
nlpmodel_cg,infp2,10,30,"INFEASIBLE",0.032586,0.032546,23,4.545641065787177,NaN,NaN
nlpmodel_cg,infp2,10,30,"INFEASIBLE",0.030703,0.030674,23,4.545641065787177,NaN,NaN
nlpmodel_cg,truss3,27,31,"OPTIMAL",0.0096392,0.009625,11,-9.10999452023268,-9.109996,1.624333666264842e-7
nlpmodel_cg,truss3,27,31,"OPTIMAL",0.010002,0.009989,11,-9.10999452023268,-9.109996,1.624333666264842e-7
nlpmodel_cg,truss3,27,31,"OPTIMAL",0.0097553,0.0097439,11,-9.10999452023268,-9.109996,1.624333666264842e-7
nlpmodel_cg,truss3,27,31,"OPTIMAL",0.0098624,0.009851,11,-9.10999452023268,-9.109996,1.624333666264842e-7
nlpmodel_cg,truss3,27,31,"OPTIMAL",0.014445,0.014433,11,-9.10999452023268,-9.109996,1.624333666264842e-7
nlpmodel_cg,truss3,27,31,"OPTIMAL",0.0097948,0.009773,11,-9.10999452023268,-9.109996,1.624333666264842e-7
nlpmodel_cg,truss3,27,31,"OPTIMAL",0.010028,0.010014,11,-9.10999452023268,-9.109996,1.624333666264842e-7
nlpmodel_cg,truss3,27,31,"OPTIMAL",0.0098566,0.009845,11,-9.10999452023268,-9.109996,1.624333666264842e-7
nlpmodel_cg,truss3,27,31,"OPTIMAL",0.0098825,0.0098689,11,-9.10999452023268,-9.109996,1.624333666264842e-7
nlpmodel_cg,truss3,27,31,"OPTIMAL",0.01008,0.010069,11,-9.10999452023268,-9.109996,1.624333666264842e-7
nlpmodel_cg,truss3,27,31,"OPTIMAL",0.0098892,0.0098779,11,-9.10999452023268,-9.109996,1.624333666264842e-7
nlpmodel_cg,truss3,27,31,"OPTIMAL",0.009994,0.0099831,11,-9.10999452023268,-9.109996,1.624333666264842e-7
nlpmodel_cg,truss3,27,31,"OPTIMAL",0.010102,0.010089,11,-9.10999452023268,-9.109996,1.624333666264842e-7
nlpmodel_cg,truss3,27,31,"OPTIMAL",0.0099716,0.0099602,11,-9.10999452023268,-9.109996,1.624333666264842e-7
nlpmodel_cg,truss3,27,31,"OPTIMAL",0.010166,0.010155,11,-9.10999452023268,-9.109996,1.624333666264842e-7
nlpmodel_cg,truss3,27,31,"OPTIMAL",0.010222,0.01021,11,-9.10999452023268,-9.109996,1.624333666264842e-7
nlpmodel_cg,truss3,27,31,"OPTIMAL",0.0098858,0.0098748,11,-9.10999452023268,-9.109996,1.624333666264842e-7
nlpmodel_cg,truss3,27,31,"OPTIMAL",0.010117,0.010107,11,-9.10999452023268,-9.109996,1.624333666264842e-7
nlpmodel_cg,truss3,27,31,"OPTIMAL",0.015713,0.015701,11,-9.10999452023268,-9.109996,1.624333666264842e-7
nlpmodel_cg,truss3,27,31,"OPTIMAL",0.0098096,0.0097921,11,-9.10999452023268,-9.109996,1.624333666264842e-7
nlpmodel_cg,truss3,27,31,"OPTIMAL",0.011161,0.011149,11,-9.10999452023268,-9.109996,1.624333666264842e-7
nlpmodel_cg,truss3,27,31,"OPTIMAL",0.01006,0.010047,11,-9.10999452023268,-9.109996,1.624333666264842e-7
nlpmodel_cg,truss3,27,31,"OPTIMAL",0.0098915,0.009881,11,-9.10999452023268,-9.109996,1.624333666264842e-7
nlpmodel_cg,truss3,27,31,"OPTIMAL",0.0098758,0.0098639,11,-9.10999452023268,-9.109996,1.624333666264842e-7
nlpmodel_cg,truss3,27,31,"OPTIMAL",0.010142,0.01013,11,-9.10999452023268,-9.109996,1.624333666264842e-7
nlpmodel_cg,truss3,27,31,"OPTIMAL",0.010066,0.010055,11,-9.10999452023268,-9.109996,1.624333666264842e-7
nlpmodel_cg,truss3,27,31,"OPTIMAL",0.0098494,0.0098381,11,-9.10999452023268,-9.109996,1.624333666264842e-7
nlpmodel_cg,truss3,27,31,"OPTIMAL",0.0098881,0.009877,11,-9.10999452023268,-9.109996,1.624333666264842e-7
nlpmodel_cg,truss3,27,31,"OPTIMAL",0.010103,0.010091,11,-9.10999452023268,-9.109996,1.624333666264842e-7
nlpmodel_cg,truss3,27,31,"OPTIMAL",0.010066,0.010054,11,-9.10999452023268,-9.109996,1.624333666264842e-7
nlpmodel_cg,truss3,27,31,"OPTIMAL",0.010311,0.010299,11,-9.10999452023268,-9.109996,1.624333666264842e-7
nlpmodel_cg,truss3,27,31,"OPTIMAL",0.0099703,0.009959,11,-9.10999452023268,-9.109996,1.624333666264842e-7
nlpmodel_cg,hinf14,73,34,"ITERATION_LIMIT",14.541,14.541,101,12.991120523915242,13.0,0.0006830366219044384
nlpmodel_cg,hinf14,73,34,"ITERATION_LIMIT",14.516,14.516,101,12.991120523915242,13.0,0.0006830366219044384
nlpmodel_cg,hinf15,91,37,"ITERATION_LIMIT",18.174,18.174,101,24.457855843931007,25.0,0.02168576624275971
nlpmodel_cg,qap6,229,37,"TIMEOUT",60.0,NaN,-1,NaN,-381.44,NaN
nlpmodel_cg,control3,136,45,"TIMEOUT",60.0,NaN,-1,NaN,13.63327,NaN
nlpmodel_cg,qap7,358,50,"TIMEOUT",60.0,NaN,-1,NaN,-425.0,NaN
nlpmodel_cg,theta1,104,50,"OPTIMAL",0.044116,0.044072,11,23.000001383636103,23.0,6.015809145518015e-8
nlpmodel_cg,theta1,104,50,"OPTIMAL",0.043416,0.043371,11,23.000001383636103,23.0,6.015809145518015e-8
nlpmodel_cg,theta1,104,50,"OPTIMAL",0.053369,0.053319,11,23.000001383636103,23.0,6.015809145518015e-8
nlpmodel_cg,theta1,104,50,"OPTIMAL",0.043282,0.043242,11,23.000001383636103,23.0,6.015809145518015e-8
nlpmodel_cg,theta1,104,50,"OPTIMAL",0.049347,0.049286,11,23.000001383636103,23.0,6.015809145518015e-8
nlpmodel_cg,theta1,104,50,"OPTIMAL",0.042516,0.042477,11,23.000001383636103,23.0,6.015809145518015e-8
nlpmodel_cg,theta1,104,50,"OPTIMAL",0.045497,0.045445,11,23.000001383636103,23.0,6.015809145518015e-8
nlpmodel_cg,theta1,104,50,"OPTIMAL",0.04737,0.047313,11,23.000001383636103,23.0,6.015809145518015e-8
nlpmodel_cg,theta1,104,50,"OPTIMAL",0.043494,0.043455,11,23.000001383636103,23.0,6.015809145518015e-8
nlpmodel_cg,theta1,104,50,"OPTIMAL",0.043927,0.043869,11,23.000001383636103,23.0,6.015809145518015e-8
nlpmodel_cg,theta1,104,50,"OPTIMAL",0.048918,0.048856,11,23.000001383636103,23.0,6.015809145518015e-8
nlpmodel_cg,theta1,104,50,"OPTIMAL",0.050867,0.050813,11,23.000001383636103,23.0,6.015809145518015e-8
nlpmodel_cg,theta1,104,50,"OPTIMAL",0.046077,0.04604,11,23.000001383636103,23.0,6.015809145518015e-8
nlpmodel_cg,theta1,104,50,"OPTIMAL",0.045263,0.045225,11,23.000001383636103,23.0,6.015809145518015e-8
nlpmodel_cg,theta1,104,50,"OPTIMAL",0.043688,0.043652,11,23.000001383636103,23.0,6.015809145518015e-8
nlpmodel_cg,theta1,104,50,"OPTIMAL",0.050914,0.050875,11,23.000001383636103,23.0,6.015809145518015e-8
nlpmodel_cg,theta1,104,50,"OPTIMAL",0.044984,0.04494,11,23.000001383636103,23.0,6.015809145518015e-8
nlpmodel_cg,theta1,104,50,"OPTIMAL",0.050416,0.050381,11,23.000001383636103,23.0,6.015809145518015e-8
nlpmodel_cg,theta1,104,50,"OPTIMAL",0.045741,0.045703,11,23.000001383636103,23.0,6.015809145518015e-8
nlpmodel_cg,theta1,104,50,"OPTIMAL",0.045919,0.045871,11,23.000001383636103,23.0,6.015809145518015e-8
nlpmodel_cg,theta1,104,50,"OPTIMAL",0.048644,0.048609,11,23.000001383636103,23.0,6.015809145518015e-8
nlpmodel_cg,theta1,104,50,"OPTIMAL",0.050972,0.050929,11,23.000001383636103,23.0,6.015809145518015e-8
nlpmodel_cg,theta1,104,50,"OPTIMAL",0.047549,0.047501,11,23.000001383636103,23.0,6.015809145518015e-8
nlpmodel_cg,theta1,104,50,"OPTIMAL",0.047218,0.047175,11,23.000001383636103,23.0,6.015809145518015e-8
nlpmodel_cg,theta1,104,50,"OPTIMAL",0.048718,0.048686,11,23.000001383636103,23.0,6.015809145518015e-8
nlpmodel_cg,theta1,104,50,"OPTIMAL",0.041179,0.041143,11,23.000001383636103,23.0,6.015809145518015e-8
nlpmodel_cg,theta1,104,50,"OPTIMAL",0.048717,0.048658,11,23.000001383636103,23.0,6.015809145518015e-8
nlpmodel_cg,theta1,104,50,"OPTIMAL",0.040392,0.040339,11,23.000001383636103,23.0,6.015809145518015e-8
nlpmodel_cg,theta1,104,50,"OPTIMAL",0.048753,0.048705,11,23.000001383636103,23.0,6.015809145518015e-8
nlpmodel_cg,theta1,104,50,"OPTIMAL",0.040449,0.040402,11,23.000001383636103,23.0,6.015809145518015e-8
nlpmodel_cg,theta1,104,50,"OPTIMAL",0.039643,0.039609,11,23.000001383636103,23.0,6.015809145518015e-8
nlpmodel_cg,theta1,104,50,"OPTIMAL",0.041683,0.041632,11,23.000001383636103,23.0,6.015809145518015e-8
nlpmodel_cg,control4,231,60,"TIMEOUT",60.0,NaN,-1,NaN,19.79423,NaN
nlpmodel_cg,qap8,529,65,"TIMEOUT",60.0,NaN,-1,NaN,-757.0,NaN
nlpmodel_cg,control5,351,75,"TIMEOUT",60.0,NaN,-1,NaN,16.8836,NaN
nlpmodel_cg,qap9,748,82,"TIMEOUT",60.0,NaN,-1,NaN,-1410.0,NaN
nlpmodel_cg,control6,496,90,"TIMEOUT",60.0,NaN,-1,NaN,37.3044,NaN
nlpmodel_cg,gpp100,101,100,"OPTIMAL",0.22938,0.22932,11,-44.94354394050252,-44.9435,9.776831471041983e-7
nlpmodel_cg,gpp100,101,100,"OPTIMAL",0.24766,0.24761,11,-44.94354394044982,-44.9435,9.77681974499601e-7
nlpmodel_cg,gpp100,101,100,"OPTIMAL",0.23742,0.23737,11,-44.94354394044982,-44.9435,9.77681974499601e-7
nlpmodel_cg,gpp100,101,100,"OPTIMAL",0.23269,0.23263,11,-44.94354394044982,-44.9435,9.77681974499601e-7
nlpmodel_cg,gpp100,101,100,"OPTIMAL",0.24554,0.2455,11,-44.94354394044982,-44.9435,9.77681974499601e-7
nlpmodel_cg,gpp100,101,100,"OPTIMAL",0.23446,0.23442,11,-44.94354394044982,-44.9435,9.77681974499601e-7
nlpmodel_cg,gpp100,101,100,"OPTIMAL",0.23756,0.23752,11,-44.94354394044982,-44.9435,9.77681974499601e-7
nlpmodel_cg,gpp100,101,100,"OPTIMAL",0.23445,0.23441,11,-44.94354394044982,-44.9435,9.77681974499601e-7
nlpmodel_cg,gpp100,101,100,"OPTIMAL",0.23827,0.23823,11,-44.94354394044982,-44.9435,9.77681974499601e-7
nlpmodel_cg,gpp100,101,100,"OPTIMAL",0.23325,0.23321,11,-44.94354394044982,-44.9435,9.77681974499601e-7
nlpmodel_cg,gpp100,101,100,"OPTIMAL",0.2399,0.23986,11,-44.94354394044982,-44.9435,9.77681974499601e-7
nlpmodel_cg,gpp100,101,100,"OPTIMAL",0.23537,0.23533,11,-44.94354394044982,-44.9435,9.77681974499601e-7
nlpmodel_cg,gpp100,101,100,"OPTIMAL",0.23145,0.23141,11,-44.94354394044982,-44.9435,9.77681974499601e-7
nlpmodel_cg,gpp100,101,100,"OPTIMAL",0.24325,0.24321,11,-44.94354394044982,-44.9435,9.77681974499601e-7
nlpmodel_cg,gpp100,101,100,"OPTIMAL",0.23244,0.2324,11,-44.94354394044982,-44.9435,9.77681974499601e-7
nlpmodel_cg,gpp100,101,100,"OPTIMAL",0.23287,0.2328,11,-44.94354394044982,-44.9435,9.77681974499601e-7
nlpmodel_cg,gpp100,101,100,"OPTIMAL",0.25187,0.25183,11,-44.94354394044982,-44.9435,9.77681974499601e-7
nlpmodel_cg,gpp100,101,100,"OPTIMAL",0.25208,0.25204,11,-44.94354394044982,-44.9435,9.77681974499601e-7
nlpmodel_cg,gpp100,101,100,"OPTIMAL",0.23361,0.23356,11,-44.94354394044982,-44.9435,9.77681974499601e-7
nlpmodel_cg,gpp100,101,100,"OPTIMAL",0.24363,0.24356,11,-44.94354394044982,-44.9435,9.77681974499601e-7
nlpmodel_cg,gpp100,101,100,"OPTIMAL",0.24346,0.24342,11,-44.94354394044982,-44.9435,9.77681974499601e-7
nlpmodel_cg,gpp100,101,100,"OPTIMAL",0.2725,0.27246,11,-44.94354394044982,-44.9435,9.77681974499601e-7
nlpmodel_cg,gpp100,101,100,"OPTIMAL",0.33485,0.3348,11,-44.94354394044982,-44.9435,9.77681974499601e-7
nlpmodel_cg,gpp100,101,100,"OPTIMAL",0.24846,0.24841,11,-44.94354394044982,-44.9435,9.77681974499601e-7
nlpmodel_cg,gpp100,101,100,"OPTIMAL",0.25849,0.25845,11,-44.94354394044982,-44.9435,9.77681974499601e-7
nlpmodel_cg,gpp100,101,100,"OPTIMAL",0.23213,0.23206,11,-44.94354394044982,-44.9435,9.77681974499601e-7
nlpmodel_cg,gpp100,101,100,"OPTIMAL",0.24861,0.24856,11,-44.94354394044982,-44.9435,9.77681974499601e-7
nlpmodel_cg,gpp100,101,100,"OPTIMAL",0.23145,0.2314,11,-44.94354394044982,-44.9435,9.77681974499601e-7
nlpmodel_cg,gpp100,101,100,"OPTIMAL",0.23629,0.23625,11,-44.94354394044982,-44.9435,9.77681974499601e-7
nlpmodel_cg,gpp100,101,100,"OPTIMAL",0.23913,0.23907,11,-44.94354394044982,-44.9435,9.77681974499601e-7
nlpmodel_cg,gpp100,101,100,"OPTIMAL",0.24438,0.24431,11,-44.94354394044982,-44.9435,9.77681974499601e-7
nlpmodel_cg,gpp100,101,100,"OPTIMAL",0.2379,0.23785,11,-44.94354394044982,-44.9435,9.77681974499601e-7
nlpmodel_cg,mcp100,100,100,"OPTIMAL",0.13764,0.13759,11,226.15735380843455,226.1574,2.0424520906898012e-7
nlpmodel_cg,mcp100,100,100,"OPTIMAL",0.13992,0.13986,11,226.15735380843455,226.1574,2.0424520906898012e-7
nlpmodel_cg,mcp100,100,100,"OPTIMAL",0.13314,0.13307,11,226.15735380843455,226.1574,2.0424520906898012e-7
nlpmodel_cg,mcp100,100,100,"OPTIMAL",0.14091,0.14086,11,226.15735380843455,226.1574,2.0424520906898012e-7
nlpmodel_cg,mcp100,100,100,"OPTIMAL",0.12839,0.12836,11,226.15735380843455,226.1574,2.0424520906898012e-7
nlpmodel_cg,mcp100,100,100,"OPTIMAL",0.12382,0.12378,11,226.15735380843455,226.1574,2.0424520906898012e-7
nlpmodel_cg,mcp100,100,100,"OPTIMAL",0.12251,0.12247,11,226.15735380843455,226.1574,2.0424520906898012e-7
nlpmodel_cg,mcp100,100,100,"OPTIMAL",0.13513,0.13508,11,226.15735380843455,226.1574,2.0424520906898012e-7
nlpmodel_cg,mcp100,100,100,"OPTIMAL",0.13613,0.13609,11,226.15735380843455,226.1574,2.0424520906898012e-7
nlpmodel_cg,mcp100,100,100,"OPTIMAL",0.13625,0.1362,11,226.15735380843455,226.1574,2.0424520906898012e-7
nlpmodel_cg,mcp100,100,100,"OPTIMAL",0.13534,0.1353,11,226.15735380843455,226.1574,2.0424520906898012e-7
nlpmodel_cg,mcp100,100,100,"OPTIMAL",0.13853,0.13848,11,226.15735380843455,226.1574,2.0424520906898012e-7
nlpmodel_cg,mcp100,100,100,"OPTIMAL",0.14289,0.14285,11,226.15735380843455,226.1574,2.0424520906898012e-7
nlpmodel_cg,mcp100,100,100,"OPTIMAL",0.13008,0.13003,11,226.15735380843455,226.1574,2.0424520906898012e-7
nlpmodel_cg,mcp100,100,100,"OPTIMAL",0.1361,0.13607,11,226.15735380843455,226.1574,2.0424520906898012e-7
nlpmodel_cg,mcp100,100,100,"OPTIMAL",0.1297,0.12966,11,226.15735380843455,226.1574,2.0424520906898012e-7
nlpmodel_cg,mcp100,100,100,"OPTIMAL",0.13192,0.13188,11,226.15735380843455,226.1574,2.0424520906898012e-7
nlpmodel_cg,mcp100,100,100,"OPTIMAL",0.12498,0.12494,11,226.15735380843455,226.1574,2.0424520906898012e-7
nlpmodel_cg,mcp100,100,100,"OPTIMAL",0.14201,0.14196,11,226.15735380843455,226.1574,2.0424520906898012e-7
nlpmodel_cg,mcp100,100,100,"OPTIMAL",0.12586,0.12582,11,226.15735380843455,226.1574,2.0424520906898012e-7
nlpmodel_cg,mcp100,100,100,"OPTIMAL",0.13508,0.13504,11,226.15735380843455,226.1574,2.0424520906898012e-7
nlpmodel_cg,mcp100,100,100,"OPTIMAL",0.13464,0.1346,11,226.15735380843455,226.1574,2.0424520906898012e-7
nlpmodel_cg,mcp100,100,100,"OPTIMAL",0.12549,0.12545,11,226.15735380843455,226.1574,2.0424520906898012e-7
nlpmodel_cg,mcp100,100,100,"OPTIMAL",0.12692,0.12687,11,226.15735380843455,226.1574,2.0424520906898012e-7
nlpmodel_cg,mcp100,100,100,"OPTIMAL",0.12434,0.12429,11,226.15735380843455,226.1574,2.0424520906898012e-7
nlpmodel_cg,mcp100,100,100,"OPTIMAL",0.1252,0.12516,11,226.15735380843455,226.1574,2.0424520906898012e-7
nlpmodel_cg,mcp100,100,100,"OPTIMAL",0.12634,0.12628,11,226.15735380843455,226.1574,2.0424520906898012e-7
nlpmodel_cg,mcp100,100,100,"OPTIMAL",0.27707,0.27702,11,226.15735380843455,226.1574,2.0424520906898012e-7
nlpmodel_cg,mcp100,100,100,"OPTIMAL",0.12739,0.12734,11,226.15735380843455,226.1574,2.0424520906898012e-7
nlpmodel_cg,mcp100,100,100,"OPTIMAL",0.1391,0.13906,11,226.15735380843455,226.1574,2.0424520906898012e-7
nlpmodel_cg,mcp100,100,100,"OPTIMAL",0.14385,0.14381,11,226.15735380843455,226.1574,2.0424520906898012e-7
nlpmodel_cg,mcp100,100,100,"OPTIMAL",0.13724,0.1372,11,226.15735380843455,226.1574,2.0424520906898012e-7
nlpmodel_cg,theta2,498,100,"OPTIMAL",2.0146,2.0145,12,32.8791732840105,32.87917,9.988118606489598e-8
nlpmodel_cg,theta2,498,100,"OPTIMAL",1.987,1.987,12,32.87917328442574,32.87917,9.989381537320205e-8
nlpmodel_cg,theta2,498,100,"OPTIMAL",1.9302,1.9301,12,32.87917328442574,32.87917,9.989381537320205e-8
nlpmodel_cg,theta2,498,100,"OPTIMAL",1.9586,1.9586,12,32.87917328442574,32.87917,9.989381537320205e-8
nlpmodel_cg,theta2,498,100,"OPTIMAL",1.986,1.986,12,32.87917328442574,32.87917,9.989381537320205e-8
nlpmodel_cg,theta2,498,100,"OPTIMAL",1.9748,1.9748,12,32.87917328442574,32.87917,9.989381537320205e-8
nlpmodel_cg,theta2,498,100,"OPTIMAL",1.9486,1.9486,12,32.87917328442574,32.87917,9.989381537320205e-8
nlpmodel_cg,theta2,498,100,"OPTIMAL",1.9949,1.9949,12,32.87917328442574,32.87917,9.989381537320205e-8
nlpmodel_cg,theta2,498,100,"OPTIMAL",1.976,1.9759,12,32.87917328442574,32.87917,9.989381537320205e-8
nlpmodel_cg,theta2,498,100,"OPTIMAL",1.9676,1.9675,12,32.87917328442574,32.87917,9.989381537320205e-8
nlpmodel_cg,theta2,498,100,"OPTIMAL",1.9875,1.9874,12,32.87917328442574,32.87917,9.989381537320205e-8
nlpmodel_cg,theta2,498,100,"OPTIMAL",1.9935,1.9935,12,32.87917328442574,32.87917,9.989381537320205e-8
nlpmodel_cg,theta2,498,100,"OPTIMAL",1.9802,1.9802,12,32.87917328442574,32.87917,9.989381537320205e-8
nlpmodel_cg,theta2,498,100,"OPTIMAL",1.9346,1.9346,12,32.87917328442574,32.87917,9.989381537320205e-8
nlpmodel_cg,theta2,498,100,"OPTIMAL",1.9593,1.9593,12,32.87917328442574,32.87917,9.989381537320205e-8
nlpmodel_cg,theta2,498,100,"OPTIMAL",1.9559,1.9558,12,32.87917328442574,32.87917,9.989381537320205e-8
nlpmodel_cg,theta2,498,100,"OPTIMAL",1.9733,1.9733,12,32.87917328442574,32.87917,9.989381537320205e-8
nlpmodel_cg,theta2,498,100,"OPTIMAL",1.9673,1.9672,12,32.87917328442574,32.87917,9.989381537320205e-8
nlpmodel_cg,theta2,498,100,"OPTIMAL",1.9455,1.9455,12,32.87917328442574,32.87917,9.989381537320205e-8
nlpmodel_cg,theta2,498,100,"OPTIMAL",1.9581,1.958,12,32.87917328442574,32.87917,9.989381537320205e-8
nlpmodel_cg,theta2,498,100,"OPTIMAL",1.9667,1.9667,12,32.87917328442574,32.87917,9.989381537320205e-8
nlpmodel_cg,theta2,498,100,"OPTIMAL",1.9713,1.9713,12,32.87917328442574,32.87917,9.989381537320205e-8
nlpmodel_cg,theta2,498,100,"OPTIMAL",1.9774,1.9774,12,32.87917328442574,32.87917,9.989381537320205e-8
nlpmodel_cg,theta2,498,100,"OPTIMAL",1.9363,1.9362,12,32.87917328442574,32.87917,9.989381537320205e-8
nlpmodel_cg,qap10,1021,101,"TIMEOUT",60.0,NaN,-1,NaN,-10.93,NaN
nlpmodel_cg,control7,666,105,"TIMEOUT",60.0,NaN,-1,NaN,20.6251,NaN
nlpmodel_cg,control8,861,120,"TIMEOUT",60.0,NaN,-1,NaN,20.286,NaN
nlpmodel_cg,gpp124-1,125,124,"OPTIMAL",0.55518,0.5551,14,-7.343072913606638,-7.3431,3.6886864351594183e-6
nlpmodel_cg,gpp124-1,125,124,"OPTIMAL",0.57881,0.57876,14,-7.343072913606638,-7.3431,3.6886864351594183e-6
nlpmodel_cg,gpp124-1,125,124,"OPTIMAL",0.74463,0.74459,14,-7.343072913606638,-7.3431,3.6886864351594183e-6
nlpmodel_cg,gpp124-1,125,124,"OPTIMAL",0.57384,0.5738,14,-7.343072913606638,-7.3431,3.6886864351594183e-6
nlpmodel_cg,gpp124-1,125,124,"OPTIMAL",0.55041,0.55035,14,-7.343072913606638,-7.3431,3.6886864351594183e-6
nlpmodel_cg,gpp124-1,125,124,"OPTIMAL",0.55531,0.55524,14,-7.343072913606638,-7.3431,3.6886864351594183e-6
nlpmodel_cg,gpp124-1,125,124,"OPTIMAL",0.56864,0.56859,14,-7.343072913606638,-7.3431,3.6886864351594183e-6
nlpmodel_cg,gpp124-1,125,124,"OPTIMAL",0.59616,0.59611,14,-7.343072913606638,-7.3431,3.6886864351594183e-6
nlpmodel_cg,gpp124-1,125,124,"OPTIMAL",0.59342,0.59334,14,-7.343072913606638,-7.3431,3.6886864351594183e-6
nlpmodel_cg,gpp124-1,125,124,"OPTIMAL",0.58816,0.58811,14,-7.343072913606638,-7.3431,3.6886864351594183e-6
nlpmodel_cg,gpp124-1,125,124,"OPTIMAL",0.5972,0.59714,14,-7.343072913606638,-7.3431,3.6886864351594183e-6
nlpmodel_cg,gpp124-1,125,124,"OPTIMAL",0.56408,0.56404,14,-7.343072913606638,-7.3431,3.6886864351594183e-6
nlpmodel_cg,gpp124-1,125,124,"OPTIMAL",0.56987,0.56983,14,-7.343072913606638,-7.3431,3.6886864351594183e-6
nlpmodel_cg,gpp124-1,125,124,"OPTIMAL",0.58117,0.58112,14,-7.343072913606638,-7.3431,3.6886864351594183e-6
nlpmodel_cg,gpp124-1,125,124,"OPTIMAL",0.71021,0.71016,14,-7.343072913606638,-7.3431,3.6886864351594183e-6
nlpmodel_cg,gpp124-1,125,124,"OPTIMAL",0.59295,0.59287,14,-7.343072913606638,-7.3431,3.6886864351594183e-6
nlpmodel_cg,gpp124-1,125,124,"OPTIMAL",0.59016,0.59011,14,-7.343072913606638,-7.3431,3.6886864351594183e-6
nlpmodel_cg,gpp124-1,125,124,"OPTIMAL",0.57845,0.5784,14,-7.343072913606638,-7.3431,3.6886864351594183e-6
nlpmodel_cg,gpp124-1,125,124,"OPTIMAL",0.59056,0.59051,14,-7.343072913606638,-7.3431,3.6886864351594183e-6
nlpmodel_cg,gpp124-1,125,124,"OPTIMAL",0.59381,0.59377,14,-7.343072913606638,-7.3431,3.6886864351594183e-6
nlpmodel_cg,gpp124-1,125,124,"OPTIMAL",0.57542,0.57538,14,-7.343072913606638,-7.3431,3.6886864351594183e-6
nlpmodel_cg,gpp124-1,125,124,"OPTIMAL",0.60501,0.60496,14,-7.343072913606638,-7.3431,3.6886864351594183e-6
nlpmodel_cg,gpp124-1,125,124,"OPTIMAL",0.6316,0.63155,14,-7.343072913606638,-7.3431,3.6886864351594183e-6
nlpmodel_cg,gpp124-1,125,124,"OPTIMAL",0.60793,0.60789,14,-7.343072913606638,-7.3431,3.6886864351594183e-6
nlpmodel_cg,gpp124-1,125,124,"OPTIMAL",0.57935,0.5793,14,-7.343072913606638,-7.3431,3.6886864351594183e-6
nlpmodel_cg,gpp124-1,125,124,"OPTIMAL",0.61453,0.61448,14,-7.343072913606638,-7.3431,3.6886864351594183e-6
nlpmodel_cg,gpp124-1,125,124,"OPTIMAL",0.59952,0.59948,14,-7.343072913606638,-7.3431,3.6886864351594183e-6
nlpmodel_cg,gpp124-1,125,124,"OPTIMAL",0.69891,0.69886,14,-7.343072913606638,-7.3431,3.6886864351594183e-6
nlpmodel_cg,gpp124-1,125,124,"OPTIMAL",0.61728,0.61724,14,-7.343072913606638,-7.3431,3.6886864351594183e-6
nlpmodel_cg,gpp124-1,125,124,"OPTIMAL",0.58885,0.58881,14,-7.343072913606638,-7.3431,3.6886864351594183e-6
nlpmodel_cg,gpp124-1,125,124,"OPTIMAL",0.58873,0.58869,14,-7.343072913606638,-7.3431,3.6886864351594183e-6
nlpmodel_cg,gpp124-1,125,124,"OPTIMAL",0.5772,0.57716,14,-7.343072913606638,-7.3431,3.6886864351594183e-6
nlpmodel_cg,gpp124-2,125,124,"OPTIMAL",0.62356,0.62349,14,-46.86228673429872,-46.8623,2.8307832259664976e-7
nlpmodel_cg,gpp124-2,125,124,"OPTIMAL",0.63887,0.63882,14,-46.86228672760612,-46.8623,2.832211367997112e-7
nlpmodel_cg,gpp124-2,125,124,"OPTIMAL",0.62501,0.62494,14,-46.86228672760612,-46.8623,2.832211367997112e-7
nlpmodel_cg,gpp124-2,125,124,"OPTIMAL",0.61215,0.6121,14,-46.86228672760612,-46.8623,2.832211367997112e-7
nlpmodel_cg,gpp124-2,125,124,"OPTIMAL",0.60586,0.60581,14,-46.86228672760612,-46.8623,2.832211367997112e-7
nlpmodel_cg,gpp124-2,125,124,"OPTIMAL",0.60248,0.60242,14,-46.86228672760612,-46.8623,2.832211367997112e-7
nlpmodel_cg,gpp124-2,125,124,"OPTIMAL",0.60821,0.60817,14,-46.86228672760612,-46.8623,2.832211367997112e-7
nlpmodel_cg,gpp124-2,125,124,"OPTIMAL",0.73435,0.7343,14,-46.86228672760612,-46.8623,2.832211367997112e-7
nlpmodel_cg,gpp124-2,125,124,"OPTIMAL",0.62484,0.6248,14,-46.86228672760612,-46.8623,2.832211367997112e-7
nlpmodel_cg,gpp124-2,125,124,"OPTIMAL",0.5998,0.59975,14,-46.86228672760612,-46.8623,2.832211367997112e-7
nlpmodel_cg,gpp124-2,125,124,"OPTIMAL",0.6088,0.60876,14,-46.86228672760612,-46.8623,2.832211367997112e-7
nlpmodel_cg,gpp124-2,125,124,"OPTIMAL",0.61602,0.61598,14,-46.86228672760612,-46.8623,2.832211367997112e-7
nlpmodel_cg,gpp124-2,125,124,"OPTIMAL",0.60298,0.60294,14,-46.86228672760612,-46.8623,2.832211367997112e-7
nlpmodel_cg,gpp124-2,125,124,"OPTIMAL",0.60952,0.60947,14,-46.86228672760612,-46.8623,2.832211367997112e-7
nlpmodel_cg,gpp124-2,125,124,"OPTIMAL",0.61405,0.614,14,-46.86228672760612,-46.8623,2.832211367997112e-7
nlpmodel_cg,gpp124-2,125,124,"OPTIMAL",0.64204,0.64199,14,-46.86228672760612,-46.8623,2.832211367997112e-7
nlpmodel_cg,gpp124-2,125,124,"OPTIMAL",0.61245,0.61238,14,-46.86228672760612,-46.8623,2.832211367997112e-7
nlpmodel_cg,gpp124-2,125,124,"OPTIMAL",0.62423,0.62419,14,-46.86228672760612,-46.8623,2.832211367997112e-7
nlpmodel_cg,gpp124-2,125,124,"OPTIMAL",0.65649,0.65645,14,-46.86228672760612,-46.8623,2.832211367997112e-7
nlpmodel_cg,gpp124-2,125,124,"OPTIMAL",0.7345,0.73446,14,-46.86228672760612,-46.8623,2.832211367997112e-7
nlpmodel_cg,gpp124-2,125,124,"OPTIMAL",0.63333,0.63329,14,-46.86228672760612,-46.8623,2.832211367997112e-7
nlpmodel_cg,gpp124-2,125,124,"OPTIMAL",0.61723,0.61719,14,-46.86228672760612,-46.8623,2.832211367997112e-7
nlpmodel_cg,gpp124-2,125,124,"OPTIMAL",0.61884,0.6188,14,-46.86228672760612,-46.8623,2.832211367997112e-7
nlpmodel_cg,gpp124-2,125,124,"OPTIMAL",0.62503,0.62498,14,-46.86228672760612,-46.8623,2.832211367997112e-7
nlpmodel_cg,gpp124-2,125,124,"OPTIMAL",0.59854,0.59849,14,-46.86228672760612,-46.8623,2.832211367997112e-7
nlpmodel_cg,gpp124-2,125,124,"OPTIMAL",0.60149,0.60142,14,-46.86228672760612,-46.8623,2.832211367997112e-7
nlpmodel_cg,gpp124-2,125,124,"OPTIMAL",0.59997,0.59992,14,-46.86228672760612,-46.8623,2.832211367997112e-7
nlpmodel_cg,gpp124-2,125,124,"OPTIMAL",0.60617,0.60609,14,-46.86228672760612,-46.8623,2.832211367997112e-7
nlpmodel_cg,gpp124-2,125,124,"OPTIMAL",0.59401,0.59393,14,-46.86228672760612,-46.8623,2.832211367997112e-7
nlpmodel_cg,gpp124-2,125,124,"OPTIMAL",0.59571,0.59563,14,-46.86228672760612,-46.8623,2.832211367997112e-7
nlpmodel_cg,gpp124-2,125,124,"OPTIMAL",0.63504,0.63499,14,-46.86228672760612,-46.8623,2.832211367997112e-7
nlpmodel_cg,gpp124-2,125,124,"OPTIMAL",0.72539,0.72535,14,-46.86228672760612,-46.8623,2.832211367997112e-7
nlpmodel_cg,gpp124-3,125,124,"OPTIMAL",0.44324,0.4432,11,-153.01411662553446,-153.014,7.621886523181032e-7
nlpmodel_cg,gpp124-3,125,124,"OPTIMAL",0.54092,0.54088,11,-153.01411737041187,-153.014,7.670566866895153e-7
nlpmodel_cg,gpp124-3,125,124,"OPTIMAL",0.54156,0.54152,11,-153.01411737041187,-153.014,7.670566866895153e-7
nlpmodel_cg,gpp124-3,125,124,"OPTIMAL",0.5156,0.51556,11,-153.01411737041187,-153.014,7.670566866895153e-7
nlpmodel_cg,gpp124-3,125,124,"OPTIMAL",0.52962,0.52957,11,-153.01411737041187,-153.014,7.670566866895153e-7
nlpmodel_cg,gpp124-3,125,124,"OPTIMAL",0.52774,0.52769,11,-153.01411737041187,-153.014,7.670566866895153e-7
nlpmodel_cg,gpp124-3,125,124,"OPTIMAL",0.54385,0.54381,11,-153.01411737041187,-153.014,7.670566866895153e-7
nlpmodel_cg,gpp124-3,125,124,"OPTIMAL",0.54102,0.54097,11,-153.01411737041187,-153.014,7.670566866895153e-7
nlpmodel_cg,gpp124-3,125,124,"OPTIMAL",0.51793,0.51789,11,-153.01411737041187,-153.014,7.670566866895153e-7
nlpmodel_cg,gpp124-3,125,124,"OPTIMAL",0.54191,0.54186,11,-153.01411737041187,-153.014,7.670566866895153e-7
nlpmodel_cg,gpp124-3,125,124,"OPTIMAL",0.53802,0.53797,11,-153.01411737041187,-153.014,7.670566866895153e-7
nlpmodel_cg,gpp124-3,125,124,"OPTIMAL",0.52465,0.52458,11,-153.01411737041187,-153.014,7.670566866895153e-7
nlpmodel_cg,gpp124-3,125,124,"OPTIMAL",0.5202,0.52016,11,-153.01411737041187,-153.014,7.670566866895153e-7
nlpmodel_cg,gpp124-3,125,124,"OPTIMAL",0.65425,0.65421,11,-153.01411737041187,-153.014,7.670566866895153e-7
nlpmodel_cg,gpp124-3,125,124,"OPTIMAL",0.54556,0.54551,11,-153.01411737041187,-153.014,7.670566866895153e-7
nlpmodel_cg,gpp124-3,125,124,"OPTIMAL",0.53172,0.53167,11,-153.01411737041187,-153.014,7.670566866895153e-7
nlpmodel_cg,gpp124-3,125,124,"OPTIMAL",0.53446,0.53441,11,-153.01411737041187,-153.014,7.670566866895153e-7
nlpmodel_cg,gpp124-3,125,124,"OPTIMAL",0.51003,0.50999,11,-153.01411737041187,-153.014,7.670566866895153e-7
nlpmodel_cg,gpp124-3,125,124,"OPTIMAL",0.5328,0.53274,11,-153.01411737041187,-153.014,7.670566866895153e-7
nlpmodel_cg,gpp124-3,125,124,"OPTIMAL",0.52292,0.52287,11,-153.01411737041187,-153.014,7.670566866895153e-7
nlpmodel_cg,gpp124-3,125,124,"OPTIMAL",0.51578,0.51574,11,-153.01411737041187,-153.014,7.670566866895153e-7
nlpmodel_cg,gpp124-3,125,124,"OPTIMAL",0.51617,0.51613,11,-153.01411737041187,-153.014,7.670566866895153e-7
nlpmodel_cg,gpp124-3,125,124,"OPTIMAL",0.5279,0.52786,11,-153.01411737041187,-153.014,7.670566866895153e-7
nlpmodel_cg,gpp124-3,125,124,"OPTIMAL",0.51588,0.51584,11,-153.01411737041187,-153.014,7.670566866895153e-7
nlpmodel_cg,gpp124-3,125,124,"OPTIMAL",0.52728,0.52724,11,-153.01411737041187,-153.014,7.670566866895153e-7
nlpmodel_cg,gpp124-3,125,124,"OPTIMAL",0.51941,0.51936,11,-153.01411737041187,-153.014,7.670566866895153e-7
nlpmodel_cg,gpp124-3,125,124,"OPTIMAL",0.52142,0.52137,11,-153.01411737041187,-153.014,7.670566866895153e-7
nlpmodel_cg,gpp124-3,125,124,"OPTIMAL",0.55365,0.5536,11,-153.01411737041187,-153.014,7.670566866895153e-7
nlpmodel_cg,gpp124-3,125,124,"OPTIMAL",0.5554,0.55534,11,-153.01411737041187,-153.014,7.670566866895153e-7
nlpmodel_cg,gpp124-3,125,124,"OPTIMAL",0.69331,0.69322,11,-153.01411737041187,-153.014,7.670566866895153e-7
nlpmodel_cg,gpp124-3,125,124,"OPTIMAL",0.54915,0.5491,11,-153.01411737041187,-153.014,7.670566866895153e-7
nlpmodel_cg,gpp124-3,125,124,"OPTIMAL",0.54754,0.5475,11,-153.01411737041187,-153.014,7.670566866895153e-7
nlpmodel_cg,gpp124-4,125,124,"OPTIMAL",0.77018,0.77013,12,-418.9875427395275,-418.99,5.864723436146029e-6
nlpmodel_cg,gpp124-4,125,124,"OPTIMAL",0.75595,0.75587,12,-418.9875427395275,-418.99,5.864723436146029e-6
nlpmodel_cg,gpp124-4,125,124,"OPTIMAL",0.78123,0.78115,12,-418.9875427395275,-418.99,5.864723436146029e-6
nlpmodel_cg,gpp124-4,125,124,"OPTIMAL",0.73932,0.73927,12,-418.9875427395275,-418.99,5.864723436146029e-6
nlpmodel_cg,gpp124-4,125,124,"OPTIMAL",0.7413,0.74125,12,-418.9875427395275,-418.99,5.864723436146029e-6
nlpmodel_cg,gpp124-4,125,124,"OPTIMAL",0.73218,0.73214,12,-418.9875427395275,-418.99,5.864723436146029e-6
nlpmodel_cg,gpp124-4,125,124,"OPTIMAL",0.76475,0.7647,12,-418.9875427395275,-418.99,5.864723436146029e-6
nlpmodel_cg,gpp124-4,125,124,"OPTIMAL",0.72222,0.72216,12,-418.9875427395275,-418.99,5.864723436146029e-6
nlpmodel_cg,gpp124-4,125,124,"OPTIMAL",0.71666,0.71661,12,-418.9875427395275,-418.99,5.864723436146029e-6
nlpmodel_cg,gpp124-4,125,124,"OPTIMAL",0.71833,0.71825,12,-418.9875427395275,-418.99,5.864723436146029e-6
nlpmodel_cg,gpp124-4,125,124,"OPTIMAL",0.83901,0.83894,12,-418.9875427395275,-418.99,5.864723436146029e-6
nlpmodel_cg,gpp124-4,125,124,"OPTIMAL",0.73171,0.73167,12,-418.9875427395275,-418.99,5.864723436146029e-6
nlpmodel_cg,gpp124-4,125,124,"OPTIMAL",0.76012,0.76007,12,-418.9875427395275,-418.99,5.864723436146029e-6
nlpmodel_cg,gpp124-4,125,124,"OPTIMAL",0.75116,0.75108,12,-418.9875427395275,-418.99,5.864723436146029e-6
nlpmodel_cg,gpp124-4,125,124,"OPTIMAL",0.75063,0.75056,12,-418.9875427395275,-418.99,5.864723436146029e-6
nlpmodel_cg,gpp124-4,125,124,"OPTIMAL",0.73813,0.73809,12,-418.9875427395275,-418.99,5.864723436146029e-6
nlpmodel_cg,gpp124-4,125,124,"OPTIMAL",0.75158,0.75151,12,-418.9875427395275,-418.99,5.864723436146029e-6
nlpmodel_cg,gpp124-4,125,124,"OPTIMAL",0.74713,0.74709,12,-418.9875427395275,-418.99,5.864723436146029e-6
nlpmodel_cg,gpp124-4,125,124,"OPTIMAL",0.78541,0.78536,12,-418.9875427395275,-418.99,5.864723436146029e-6
nlpmodel_cg,gpp124-4,125,124,"OPTIMAL",0.75097,0.75092,12,-418.9875427395275,-418.99,5.864723436146029e-6
nlpmodel_cg,gpp124-4,125,124,"OPTIMAL",0.74884,0.74879,12,-418.9875427395275,-418.99,5.864723436146029e-6
nlpmodel_cg,gpp124-4,125,124,"OPTIMAL",0.79395,0.79391,12,-418.9875427395275,-418.99,5.864723436146029e-6
nlpmodel_cg,gpp124-4,125,124,"OPTIMAL",0.82204,0.82199,12,-418.9875427395275,-418.99,5.864723436146029e-6
nlpmodel_cg,gpp124-4,125,124,"OPTIMAL",0.8195,0.81945,12,-418.9875427395275,-418.99,5.864723436146029e-6
nlpmodel_cg,gpp124-4,125,124,"OPTIMAL",0.94626,0.94621,12,-418.9875427395275,-418.99,5.864723436146029e-6
nlpmodel_cg,gpp124-4,125,124,"OPTIMAL",0.82431,0.82426,12,-418.9875427395275,-418.99,5.864723436146029e-6
nlpmodel_cg,gpp124-4,125,124,"OPTIMAL",0.80644,0.80638,12,-418.9875427395275,-418.99,5.864723436146029e-6
nlpmodel_cg,gpp124-4,125,124,"OPTIMAL",0.89085,0.8908,12,-418.9875427395275,-418.99,5.864723436146029e-6
nlpmodel_cg,gpp124-4,125,124,"OPTIMAL",0.79169,0.79164,12,-418.9875427395275,-418.99,5.864723436146029e-6
nlpmodel_cg,gpp124-4,125,124,"OPTIMAL",0.84318,0.84313,12,-418.9875427395275,-418.99,5.864723436146029e-6
nlpmodel_cg,gpp124-4,125,124,"OPTIMAL",0.768,0.76794,12,-418.9875427395275,-418.99,5.864723436146029e-6
nlpmodel_cg,gpp124-4,125,124,"OPTIMAL",0.86745,0.8674,12,-418.9875427395275,-418.99,5.864723436146029e-6
nlpmodel_cg,mcp124-1,124,124,"OPTIMAL",0.22747,0.22742,12,141.99047797040095,141.9905,1.551484011368409e-7
nlpmodel_cg,mcp124-1,124,124,"OPTIMAL",0.24778,0.24772,12,141.99047797040095,141.9905,1.551484011368409e-7
nlpmodel_cg,mcp124-1,124,124,"OPTIMAL",0.24732,0.24727,12,141.99047797040095,141.9905,1.551484011368409e-7
nlpmodel_cg,mcp124-1,124,124,"OPTIMAL",0.25308,0.25302,12,141.99047797040095,141.9905,1.551484011368409e-7
nlpmodel_cg,mcp124-1,124,124,"OPTIMAL",0.38068,0.38064,12,141.99047797040095,141.9905,1.551484011368409e-7
nlpmodel_cg,mcp124-1,124,124,"OPTIMAL",0.27815,0.2781,12,141.99047797040095,141.9905,1.551484011368409e-7
nlpmodel_cg,mcp124-1,124,124,"OPTIMAL",0.25743,0.25738,12,141.99047797040095,141.9905,1.551484011368409e-7
nlpmodel_cg,mcp124-1,124,124,"OPTIMAL",0.2925,0.29243,12,141.99047797040095,141.9905,1.551484011368409e-7
nlpmodel_cg,mcp124-1,124,124,"OPTIMAL",0.27444,0.27437,12,141.99047797040095,141.9905,1.551484011368409e-7
nlpmodel_cg,mcp124-1,124,124,"OPTIMAL",0.23652,0.23647,12,141.99047797040095,141.9905,1.551484011368409e-7
nlpmodel_cg,mcp124-1,124,124,"OPTIMAL",0.23744,0.23739,12,141.99047797040095,141.9905,1.551484011368409e-7
nlpmodel_cg,mcp124-1,124,124,"OPTIMAL",0.24061,0.24057,12,141.99047797040095,141.9905,1.551484011368409e-7
nlpmodel_cg,mcp124-1,124,124,"OPTIMAL",0.24817,0.24813,12,141.99047797040095,141.9905,1.551484011368409e-7
nlpmodel_cg,mcp124-1,124,124,"OPTIMAL",0.23962,0.23957,12,141.99047797040095,141.9905,1.551484011368409e-7
nlpmodel_cg,mcp124-1,124,124,"OPTIMAL",0.24217,0.24209,12,141.99047797040095,141.9905,1.551484011368409e-7
nlpmodel_cg,mcp124-1,124,124,"OPTIMAL",0.25708,0.25703,12,141.99047797040095,141.9905,1.551484011368409e-7
nlpmodel_cg,mcp124-1,124,124,"OPTIMAL",0.24033,0.24027,12,141.99047797040095,141.9905,1.551484011368409e-7
nlpmodel_cg,mcp124-1,124,124,"OPTIMAL",0.25068,0.25063,12,141.99047797040095,141.9905,1.551484011368409e-7
nlpmodel_cg,mcp124-1,124,124,"OPTIMAL",0.24989,0.24982,12,141.99047797040095,141.9905,1.551484011368409e-7
nlpmodel_cg,mcp124-1,124,124,"OPTIMAL",0.23221,0.23216,12,141.99047797040095,141.9905,1.551484011368409e-7
nlpmodel_cg,mcp124-1,124,124,"OPTIMAL",0.22974,0.2297,12,141.99047797040095,141.9905,1.551484011368409e-7
nlpmodel_cg,mcp124-1,124,124,"OPTIMAL",0.24945,0.24939,12,141.99047797040095,141.9905,1.551484011368409e-7
nlpmodel_cg,mcp124-1,124,124,"OPTIMAL",0.26465,0.26458,12,141.99047797040095,141.9905,1.551484011368409e-7
nlpmodel_cg,mcp124-1,124,124,"OPTIMAL",0.33875,0.3387,12,141.99047797040095,141.9905,1.551484011368409e-7
nlpmodel_cg,mcp124-1,124,124,"OPTIMAL",0.25708,0.25704,12,141.99047797040095,141.9905,1.551484011368409e-7
nlpmodel_cg,mcp124-1,124,124,"OPTIMAL",0.24069,0.24064,12,141.99047797040095,141.9905,1.551484011368409e-7
nlpmodel_cg,mcp124-1,124,124,"OPTIMAL",0.25036,0.25032,12,141.99047797040095,141.9905,1.551484011368409e-7
nlpmodel_cg,mcp124-1,124,124,"OPTIMAL",0.23356,0.23352,12,141.99047797040095,141.9905,1.551484011368409e-7
nlpmodel_cg,mcp124-1,124,124,"OPTIMAL",0.23569,0.23565,12,141.99047797040095,141.9905,1.551484011368409e-7
nlpmodel_cg,mcp124-1,124,124,"OPTIMAL",0.24011,0.24007,12,141.99047797040095,141.9905,1.551484011368409e-7
nlpmodel_cg,mcp124-1,124,124,"OPTIMAL",0.23799,0.23794,12,141.99047797040095,141.9905,1.551484011368409e-7
nlpmodel_cg,mcp124-1,124,124,"OPTIMAL",0.24963,0.24957,12,141.99047797040095,141.9905,1.551484011368409e-7
nlpmodel_cg,mcp124-2,124,124,"OPTIMAL",0.26832,0.26827,12,269.88017167470184,269.8802,1.0495508066292183e-7
nlpmodel_cg,mcp124-2,124,124,"OPTIMAL",0.26759,0.26754,12,269.88017167470184,269.8802,1.0495508066292183e-7
nlpmodel_cg,mcp124-2,124,124,"OPTIMAL",0.26798,0.26794,12,269.88017167470184,269.8802,1.0495508066292183e-7
nlpmodel_cg,mcp124-2,124,124,"OPTIMAL",0.26802,0.26798,12,269.88017167470184,269.8802,1.0495508066292183e-7
nlpmodel_cg,mcp124-2,124,124,"OPTIMAL",0.26796,0.26791,12,269.88017167470184,269.8802,1.0495508066292183e-7
nlpmodel_cg,mcp124-2,124,124,"OPTIMAL",0.26445,0.26441,12,269.88017167470184,269.8802,1.0495508066292183e-7
nlpmodel_cg,mcp124-2,124,124,"OPTIMAL",0.2688,0.26875,12,269.88017167470184,269.8802,1.0495508066292183e-7
nlpmodel_cg,mcp124-2,124,124,"OPTIMAL",0.26672,0.26665,12,269.88017167470184,269.8802,1.0495508066292183e-7
nlpmodel_cg,mcp124-2,124,124,"OPTIMAL",0.39377,0.39372,12,269.88017167470184,269.8802,1.0495508066292183e-7
nlpmodel_cg,mcp124-2,124,124,"OPTIMAL",0.28735,0.2873,12,269.88017167470184,269.8802,1.0495508066292183e-7
nlpmodel_cg,mcp124-2,124,124,"OPTIMAL",0.28021,0.28016,12,269.88017167470184,269.8802,1.0495508066292183e-7
nlpmodel_cg,mcp124-2,124,124,"OPTIMAL",0.25842,0.25834,12,269.88017167470184,269.8802,1.0495508066292183e-7
nlpmodel_cg,mcp124-2,124,124,"OPTIMAL",0.25972,0.25966,12,269.88017167470184,269.8802,1.0495508066292183e-7
nlpmodel_cg,mcp124-2,124,124,"OPTIMAL",0.26612,0.26608,12,269.88017167470184,269.8802,1.0495508066292183e-7
nlpmodel_cg,mcp124-2,124,124,"OPTIMAL",0.25992,0.25988,12,269.88017167470184,269.8802,1.0495508066292183e-7
nlpmodel_cg,mcp124-2,124,124,"OPTIMAL",0.26559,0.26555,12,269.88017167470184,269.8802,1.0495508066292183e-7
nlpmodel_cg,mcp124-2,124,124,"OPTIMAL",0.26418,0.26412,12,269.88017167470184,269.8802,1.0495508066292183e-7
nlpmodel_cg,mcp124-2,124,124,"OPTIMAL",0.26102,0.26097,12,269.88017167470184,269.8802,1.0495508066292183e-7
nlpmodel_cg,mcp124-2,124,124,"OPTIMAL",0.26381,0.26376,12,269.88017167470184,269.8802,1.0495508066292183e-7
nlpmodel_cg,mcp124-2,124,124,"OPTIMAL",0.26955,0.2695,12,269.88017167470184,269.8802,1.0495508066292183e-7
nlpmodel_cg,mcp124-2,124,124,"OPTIMAL",0.2593,0.25925,12,269.88017167470184,269.8802,1.0495508066292183e-7
nlpmodel_cg,mcp124-2,124,124,"OPTIMAL",0.26925,0.2692,12,269.88017167470184,269.8802,1.0495508066292183e-7
nlpmodel_cg,mcp124-2,124,124,"OPTIMAL",0.26175,0.26171,12,269.88017167470184,269.8802,1.0495508066292183e-7
nlpmodel_cg,mcp124-2,124,124,"OPTIMAL",0.26304,0.263,12,269.88017167470184,269.8802,1.0495508066292183e-7
nlpmodel_cg,mcp124-2,124,124,"OPTIMAL",0.27351,0.27346,12,269.88017167470184,269.8802,1.0495508066292183e-7
nlpmodel_cg,mcp124-2,124,124,"OPTIMAL",0.2718,0.27175,12,269.88017167470184,269.8802,1.0495508066292183e-7
nlpmodel_cg,mcp124-2,124,124,"OPTIMAL",0.26059,0.26054,12,269.88017167470184,269.8802,1.0495508066292183e-7
nlpmodel_cg,mcp124-2,124,124,"OPTIMAL",0.39815,0.39809,12,269.88017167470184,269.8802,1.0495508066292183e-7
nlpmodel_cg,mcp124-2,124,124,"OPTIMAL",0.28581,0.28576,12,269.88017167470184,269.8802,1.0495508066292183e-7
nlpmodel_cg,mcp124-2,124,124,"OPTIMAL",0.27681,0.27677,12,269.88017167470184,269.8802,1.0495508066292183e-7
nlpmodel_cg,mcp124-2,124,124,"OPTIMAL",0.25513,0.25508,12,269.88017167470184,269.8802,1.0495508066292183e-7
nlpmodel_cg,mcp124-2,124,124,"OPTIMAL",0.25987,0.25982,12,269.88017167470184,269.8802,1.0495508066292183e-7
nlpmodel_cg,mcp124-3,124,124,"OPTIMAL",0.21222,0.21217,11,467.75011786958146,467.7501,3.820326598297841e-8
nlpmodel_cg,mcp124-3,124,124,"OPTIMAL",0.20954,0.20949,11,467.75011786958146,467.7501,3.820326598297841e-8
nlpmodel_cg,mcp124-3,124,124,"OPTIMAL",0.2122,0.21216,11,467.75011786958146,467.7501,3.820326598297841e-8
nlpmodel_cg,mcp124-3,124,124,"OPTIMAL",0.22152,0.22147,11,467.75011786958146,467.7501,3.820326598297841e-8
nlpmodel_cg,mcp124-3,124,124,"OPTIMAL",0.22349,0.22344,11,467.75011786958146,467.7501,3.820326598297841e-8
nlpmodel_cg,mcp124-3,124,124,"OPTIMAL",0.2103,0.21025,11,467.75011786958146,467.7501,3.820326598297841e-8
nlpmodel_cg,mcp124-3,124,124,"OPTIMAL",0.21139,0.21131,11,467.75011786958146,467.7501,3.820326598297841e-8
nlpmodel_cg,mcp124-3,124,124,"OPTIMAL",0.21004,0.20999,11,467.75011786958146,467.7501,3.820326598297841e-8
nlpmodel_cg,mcp124-3,124,124,"OPTIMAL",0.20319,0.20314,11,467.75011786958146,467.7501,3.820326598297841e-8
nlpmodel_cg,mcp124-3,124,124,"OPTIMAL",0.20259,0.20254,11,467.75011786958146,467.7501,3.820326598297841e-8
nlpmodel_cg,mcp124-3,124,124,"OPTIMAL",0.20307,0.20303,11,467.75011786958146,467.7501,3.820326598297841e-8
nlpmodel_cg,mcp124-3,124,124,"OPTIMAL",0.1999,0.19985,11,467.75011786958146,467.7501,3.820326598297841e-8
nlpmodel_cg,mcp124-3,124,124,"OPTIMAL",0.20205,0.202,11,467.75011786958146,467.7501,3.820326598297841e-8
nlpmodel_cg,mcp124-3,124,124,"OPTIMAL",0.33917,0.33912,11,467.75011786958146,467.7501,3.820326598297841e-8
nlpmodel_cg,mcp124-3,124,124,"OPTIMAL",0.23309,0.23303,11,467.75011786958146,467.7501,3.820326598297841e-8
nlpmodel_cg,mcp124-3,124,124,"OPTIMAL",0.24037,0.24031,11,467.75011786958146,467.7501,3.820326598297841e-8
nlpmodel_cg,mcp124-3,124,124,"OPTIMAL",0.22036,0.22031,11,467.75011786958146,467.7501,3.820326598297841e-8
nlpmodel_cg,mcp124-3,124,124,"OPTIMAL",0.21134,0.21129,11,467.75011786958146,467.7501,3.820326598297841e-8
nlpmodel_cg,mcp124-3,124,124,"OPTIMAL",0.21776,0.21771,11,467.75011786958146,467.7501,3.820326598297841e-8
nlpmodel_cg,mcp124-3,124,124,"OPTIMAL",0.21592,0.21586,11,467.75011786958146,467.7501,3.820326598297841e-8
nlpmodel_cg,mcp124-3,124,124,"OPTIMAL",0.21378,0.2137,11,467.75011786958146,467.7501,3.820326598297841e-8
nlpmodel_cg,mcp124-3,124,124,"OPTIMAL",0.21691,0.21686,11,467.75011786958146,467.7501,3.820326598297841e-8
nlpmodel_cg,mcp124-3,124,124,"OPTIMAL",0.21247,0.21242,11,467.75011786958146,467.7501,3.820326598297841e-8
nlpmodel_cg,mcp124-3,124,124,"OPTIMAL",0.20579,0.20575,11,467.75011786958146,467.7501,3.820326598297841e-8
nlpmodel_cg,mcp124-3,124,124,"OPTIMAL",0.23273,0.23268,11,467.75011786958146,467.7501,3.820326598297841e-8
nlpmodel_cg,mcp124-3,124,124,"OPTIMAL",0.26194,0.26187,11,467.75011786958146,467.7501,3.820326598297841e-8
nlpmodel_cg,mcp124-3,124,124,"OPTIMAL",0.32304,0.32297,11,467.75011786958146,467.7501,3.820326598297841e-8
nlpmodel_cg,mcp124-3,124,124,"OPTIMAL",0.29867,0.2986,11,467.75011786958146,467.7501,3.820326598297841e-8
nlpmodel_cg,mcp124-3,124,124,"OPTIMAL",0.30084,0.30076,11,467.75011786958146,467.7501,3.820326598297841e-8
nlpmodel_cg,mcp124-3,124,124,"OPTIMAL",0.3043,0.30423,11,467.75011786958146,467.7501,3.820326598297841e-8
nlpmodel_cg,mcp124-3,124,124,"OPTIMAL",0.29965,0.29958,11,467.75011786958146,467.7501,3.820326598297841e-8
nlpmodel_cg,mcp124-3,124,124,"OPTIMAL",0.26326,0.26319,11,467.75011786958146,467.7501,3.820326598297841e-8
nlpmodel_cg,mcp124-4,124,124,"OPTIMAL",0.30674,0.30669,11,864.4118669402604,864.4119,3.82453544516622e-8
nlpmodel_cg,mcp124-4,124,124,"OPTIMAL",0.22882,0.22878,11,864.4118669402604,864.4119,3.82453544516622e-8
nlpmodel_cg,mcp124-4,124,124,"OPTIMAL",0.21197,0.21193,11,864.4118669402604,864.4119,3.82453544516622e-8
nlpmodel_cg,mcp124-4,124,124,"OPTIMAL",0.20053,0.20048,11,864.4118669402604,864.4119,3.82453544516622e-8
nlpmodel_cg,mcp124-4,124,124,"OPTIMAL",0.197,0.19695,11,864.4118669402604,864.4119,3.82453544516622e-8
nlpmodel_cg,mcp124-4,124,124,"OPTIMAL",0.19139,0.19133,11,864.4118669402604,864.4119,3.82453544516622e-8
nlpmodel_cg,mcp124-4,124,124,"OPTIMAL",0.20094,0.20087,11,864.4118669402604,864.4119,3.82453544516622e-8
nlpmodel_cg,mcp124-4,124,124,"OPTIMAL",0.20769,0.20765,11,864.4118669402604,864.4119,3.82453544516622e-8
nlpmodel_cg,mcp124-4,124,124,"OPTIMAL",0.20499,0.20494,11,864.4118669402604,864.4119,3.82453544516622e-8
nlpmodel_cg,mcp124-4,124,124,"OPTIMAL",0.20328,0.20323,11,864.4118669402604,864.4119,3.82453544516622e-8
nlpmodel_cg,mcp124-4,124,124,"OPTIMAL",0.20256,0.20251,11,864.4118669402604,864.4119,3.82453544516622e-8
nlpmodel_cg,mcp124-4,124,124,"OPTIMAL",0.20292,0.20287,11,864.4118669402604,864.4119,3.82453544516622e-8
nlpmodel_cg,mcp124-4,124,124,"OPTIMAL",0.19485,0.1948,11,864.4118669402604,864.4119,3.82453544516622e-8
nlpmodel_cg,mcp124-4,124,124,"OPTIMAL",0.19675,0.19669,11,864.4118669402604,864.4119,3.82453544516622e-8
nlpmodel_cg,mcp124-4,124,124,"OPTIMAL",0.20242,0.20237,11,864.4118669402604,864.4119,3.82453544516622e-8
nlpmodel_cg,mcp124-4,124,124,"OPTIMAL",0.20362,0.20357,11,864.4118669402604,864.4119,3.82453544516622e-8
nlpmodel_cg,mcp124-4,124,124,"OPTIMAL",0.19414,0.19409,11,864.4118669402604,864.4119,3.82453544516622e-8
nlpmodel_cg,mcp124-4,124,124,"OPTIMAL",0.20106,0.20101,11,864.4118669402604,864.4119,3.82453544516622e-8
nlpmodel_cg,mcp124-4,124,124,"OPTIMAL",0.19515,0.1951,11,864.4118669402604,864.4119,3.82453544516622e-8
nlpmodel_cg,mcp124-4,124,124,"OPTIMAL",0.33314,0.33309,11,864.4118669402604,864.4119,3.82453544516622e-8
nlpmodel_cg,mcp124-4,124,124,"OPTIMAL",0.22589,0.22584,11,864.4118669402604,864.4119,3.82453544516622e-8
nlpmodel_cg,mcp124-4,124,124,"OPTIMAL",0.22476,0.22471,11,864.4118669402604,864.4119,3.82453544516622e-8
nlpmodel_cg,mcp124-4,124,124,"OPTIMAL",0.1855,0.18546,11,864.4118669402604,864.4119,3.82453544516622e-8
nlpmodel_cg,mcp124-4,124,124,"OPTIMAL",0.18267,0.18263,11,864.4118669402604,864.4119,3.82453544516622e-8
nlpmodel_cg,mcp124-4,124,124,"OPTIMAL",0.19382,0.19377,11,864.4118669402604,864.4119,3.82453544516622e-8
nlpmodel_cg,mcp124-4,124,124,"OPTIMAL",0.18824,0.18819,11,864.4118669402604,864.4119,3.82453544516622e-8
nlpmodel_cg,mcp124-4,124,124,"OPTIMAL",0.18841,0.18836,11,864.4118669402604,864.4119,3.82453544516622e-8
nlpmodel_cg,mcp124-4,124,124,"OPTIMAL",0.1875,0.18744,11,864.4118669402604,864.4119,3.82453544516622e-8
nlpmodel_cg,mcp124-4,124,124,"OPTIMAL",0.18661,0.18657,11,864.4118669402604,864.4119,3.82453544516622e-8
nlpmodel_cg,mcp124-4,124,124,"OPTIMAL",0.18751,0.18746,11,864.4118669402604,864.4119,3.82453544516622e-8
nlpmodel_cg,mcp124-4,124,124,"OPTIMAL",0.19852,0.19848,11,864.4118669402604,864.4119,3.82453544516622e-8
nlpmodel_cg,mcp124-4,124,124,"OPTIMAL",0.20109,0.20104,11,864.4118669402604,864.4119,3.82453544516622e-8
nlpmodel_cg,truss2,58,133,"OPTIMAL",0.24884,0.24879,15,-123.38035230075765,-123.3804,3.8660307750970935e-7
nlpmodel_cg,truss2,58,133,"OPTIMAL",0.24161,0.24156,15,-123.38035230075765,-123.3804,3.8660307750970935e-7
nlpmodel_cg,truss2,58,133,"OPTIMAL",0.23777,0.23771,15,-123.38035230075765,-123.3804,3.8660307750970935e-7
nlpmodel_cg,truss2,58,133,"OPTIMAL",0.25218,0.25212,15,-123.38035230075765,-123.3804,3.8660307750970935e-7
nlpmodel_cg,truss2,58,133,"OPTIMAL",0.21521,0.21517,15,-123.38035230075765,-123.3804,3.8660307750970935e-7
nlpmodel_cg,truss2,58,133,"OPTIMAL",0.19919,0.19915,15,-123.38035230075765,-123.3804,3.8660307750970935e-7
nlpmodel_cg,truss2,58,133,"OPTIMAL",0.21445,0.2144,15,-123.38035230075765,-123.3804,3.8660307750970935e-7
nlpmodel_cg,truss2,58,133,"OPTIMAL",0.20151,0.20147,15,-123.38035230075765,-123.3804,3.8660307750970935e-7
nlpmodel_cg,truss2,58,133,"OPTIMAL",0.22131,0.22127,15,-123.38035230075765,-123.3804,3.8660307750970935e-7
nlpmodel_cg,truss2,58,133,"OPTIMAL",0.21077,0.21072,15,-123.38035230075765,-123.3804,3.8660307750970935e-7
nlpmodel_cg,truss2,58,133,"OPTIMAL",0.21492,0.21488,15,-123.38035230075765,-123.3804,3.8660307750970935e-7
nlpmodel_cg,truss2,58,133,"OPTIMAL",0.21222,0.21218,15,-123.38035230075765,-123.3804,3.8660307750970935e-7
nlpmodel_cg,truss2,58,133,"OPTIMAL",0.21266,0.21262,15,-123.38035230075765,-123.3804,3.8660307750970935e-7
nlpmodel_cg,truss2,58,133,"OPTIMAL",0.23416,0.23411,15,-123.38035230075765,-123.3804,3.8660307750970935e-7
nlpmodel_cg,truss2,58,133,"OPTIMAL",0.22226,0.22222,15,-123.38035230075765,-123.3804,3.8660307750970935e-7
nlpmodel_cg,truss2,58,133,"OPTIMAL",0.22303,0.22298,15,-123.38035230075765,-123.3804,3.8660307750970935e-7
nlpmodel_cg,truss2,58,133,"OPTIMAL",0.21891,0.21886,15,-123.38035230075765,-123.3804,3.8660307750970935e-7
nlpmodel_cg,truss2,58,133,"OPTIMAL",0.21086,0.21081,15,-123.38035230075765,-123.3804,3.8660307750970935e-7
nlpmodel_cg,truss2,58,133,"OPTIMAL",0.22236,0.22232,15,-123.38035230075765,-123.3804,3.8660307750970935e-7
nlpmodel_cg,truss2,58,133,"OPTIMAL",0.21728,0.21723,15,-123.38035230075765,-123.3804,3.8660307750970935e-7
nlpmodel_cg,truss2,58,133,"OPTIMAL",0.21861,0.21857,15,-123.38035230075765,-123.3804,3.8660307750970935e-7
nlpmodel_cg,truss2,58,133,"OPTIMAL",0.20434,0.2043,15,-123.38035230075765,-123.3804,3.8660307750970935e-7
nlpmodel_cg,truss2,58,133,"OPTIMAL",0.21775,0.2177,15,-123.38035230075765,-123.3804,3.8660307750970935e-7
nlpmodel_cg,truss2,58,133,"OPTIMAL",0.21678,0.21673,15,-123.38035230075765,-123.3804,3.8660307750970935e-7
nlpmodel_cg,truss2,58,133,"OPTIMAL",0.22753,0.22749,15,-123.38035230075765,-123.3804,3.8660307750970935e-7
nlpmodel_cg,truss2,58,133,"OPTIMAL",0.2243,0.22425,15,-123.38035230075765,-123.3804,3.8660307750970935e-7
nlpmodel_cg,truss2,58,133,"OPTIMAL",0.22076,0.22072,15,-123.38035230075765,-123.3804,3.8660307750970935e-7
nlpmodel_cg,truss2,58,133,"OPTIMAL",0.21921,0.21916,15,-123.38035230075765,-123.3804,3.8660307750970935e-7
nlpmodel_cg,truss2,58,133,"OPTIMAL",0.22928,0.22923,15,-123.38035230075765,-123.3804,3.8660307750970935e-7
nlpmodel_cg,truss2,58,133,"OPTIMAL",0.22279,0.22275,15,-123.38035230075765,-123.3804,3.8660307750970935e-7
nlpmodel_cg,truss2,58,133,"OPTIMAL",0.2157,0.21565,15,-123.38035230075765,-123.3804,3.8660307750970935e-7
nlpmodel_cg,truss2,58,133,"OPTIMAL",0.21844,0.21839,15,-123.38035230075765,-123.3804,3.8660307750970935e-7
nlpmodel_cg,control9,1081,135,"TIMEOUT",60.0,NaN,-1,NaN,14.6754,NaN
nlpmodel_cg,control10,1326,150,"TIMEOUT",60.0,NaN,-1,NaN,38.533,NaN
nlpmodel_cg,theta3,1106,150,"OPTIMAL",12.162,12.162,13,42.166982611407356,42.16698,6.193014898078983e-8
nlpmodel_cg,theta3,1106,150,"OPTIMAL",12.398,12.398,13,42.166982611407356,42.16698,6.193014898078983e-8
nlpmodel_cg,control11,1596,165,"TIMEOUT",60.0,NaN,-1,NaN,31.959,NaN
nlpmodel_cg,theta4,1949,200,"TIMEOUT",60.0,NaN,-1,NaN,50.32122,NaN
nlpmodel_cg,gpp250-1,250,250,"OPTIMAL",11.602,11.602,23,-15.444916285300422,-15.445,5.420181261106966e-6
nlpmodel_cg,gpp250-1,250,250,"OPTIMAL",11.608,11.608,23,-15.444916285300422,-15.445,5.420181261106966e-6
nlpmodel_cg,gpp250-1,250,250,"OPTIMAL",11.687,11.687,23,-15.444916285300422,-15.445,5.420181261106966e-6
nlpmodel_cg,gpp250-2,250,250,"OPTIMAL",3.9265,3.9265,12,-81.86895469930964,-81.869,5.533314241018606e-7
nlpmodel_cg,gpp250-2,250,250,"OPTIMAL",4.1432,4.1432,12,-81.86895469930964,-81.869,5.533314241018606e-7
nlpmodel_cg,gpp250-2,250,250,"OPTIMAL",3.9385,3.9384,12,-81.86895469930964,-81.869,5.533314241018606e-7
nlpmodel_cg,gpp250-2,250,250,"OPTIMAL",4.1937,4.1937,12,-81.86895469930964,-81.869,5.533314241018606e-7
nlpmodel_cg,gpp250-2,250,250,"OPTIMAL",3.9597,3.9596,12,-81.86895469930964,-81.869,5.533314241018606e-7
nlpmodel_cg,gpp250-2,250,250,"OPTIMAL",4.1245,4.1245,12,-81.86895469930964,-81.869,5.533314241018606e-7
nlpmodel_cg,gpp250-2,250,250,"OPTIMAL",3.9774,3.9774,12,-81.86895469930964,-81.869,5.533314241018606e-7
nlpmodel_cg,gpp250-2,250,250,"OPTIMAL",4.1487,4.1486,12,-81.86895469930964,-81.869,5.533314241018606e-7
nlpmodel_cg,gpp250-2,250,250,"OPTIMAL",4.0304,4.0304,12,-81.86895469930964,-81.869,5.533314241018606e-7
nlpmodel_cg,gpp250-2,250,250,"OPTIMAL",4.1971,4.1971,12,-81.86895469930964,-81.869,5.533314241018606e-7
nlpmodel_cg,gpp250-2,250,250,"OPTIMAL",4.0129,4.0129,12,-81.86895469930964,-81.869,5.533314241018606e-7
nlpmodel_cg,gpp250-3,250,250,"OPTIMAL",5.4827,5.4827,12,-303.53931467641365,-303.5,0.00012953764880940086
nlpmodel_cg,gpp250-3,250,250,"OPTIMAL",5.2082,5.2082,12,-303.53931467693087,-303.5,0.00012953765051357965
nlpmodel_cg,gpp250-3,250,250,"OPTIMAL",5.3592,5.3591,12,-303.53931467693087,-303.5,0.00012953765051357965
nlpmodel_cg,gpp250-3,250,250,"OPTIMAL",5.2615,5.2614,12,-303.53931467693087,-303.5,0.00012953765051357965
nlpmodel_cg,gpp250-3,250,250,"OPTIMAL",5.4433,5.4432,12,-303.53931467693087,-303.5,0.00012953765051357965
nlpmodel_cg,gpp250-3,250,250,"OPTIMAL",5.2658,5.2657,12,-303.53931467693087,-303.5,0.00012953765051357965
nlpmodel_cg,gpp250-3,250,250,"OPTIMAL",5.3182,5.3182,12,-303.53931467693087,-303.5,0.00012953765051357965
nlpmodel_cg,gpp250-3,250,250,"OPTIMAL",5.136,5.136,12,-303.53931467693087,-303.5,0.00012953765051357965
nlpmodel_cg,gpp250-4,250,250,"OPTIMAL",4.6146,4.6145,12,-747.3282924824074,-747.3,3.7859604452612194e-5
nlpmodel_cg,gpp250-4,250,250,"OPTIMAL",4.4227,4.4226,12,-747.3282924855712,-747.3,3.785960868624127e-5
nlpmodel_cg,gpp250-4,250,250,"OPTIMAL",4.6588,4.6588,12,-747.3282924855712,-747.3,3.785960868624127e-5
nlpmodel_cg,gpp250-4,250,250,"OPTIMAL",4.4762,4.4761,12,-747.3282924855712,-747.3,3.785960868624127e-5
nlpmodel_cg,gpp250-4,250,250,"OPTIMAL",4.6706,4.6705,12,-747.3282924855712,-747.3,3.785960868624127e-5
nlpmodel_cg,gpp250-4,250,250,"OPTIMAL",4.4873,4.4873,12,-747.3282924855712,-747.3,3.785960868624127e-5
nlpmodel_cg,gpp250-4,250,250,"OPTIMAL",4.7292,4.7292,12,-747.3282924855712,-747.3,3.785960868624127e-5
nlpmodel_cg,gpp250-4,250,250,"OPTIMAL",4.5838,4.5837,12,-747.3282924855712,-747.3,3.785960868624127e-5
nlpmodel_cg,gpp250-4,250,250,"OPTIMAL",4.7335,4.7334,12,-747.3282924855712,-747.3,3.785960868624127e-5
nlpmodel_cg,mcp250-1,250,250,"OPTIMAL",1.2158,1.2157,12,317.2643645630639,317.2643,2.0349930299613602e-7
nlpmodel_cg,mcp250-1,250,250,"OPTIMAL",1.0907,1.0906,12,317.2643645630639,317.2643,2.0349930299613602e-7
nlpmodel_cg,mcp250-1,250,250,"OPTIMAL",1.2735,1.2735,12,317.2643645630639,317.2643,2.0349930299613602e-7
nlpmodel_cg,mcp250-1,250,250,"OPTIMAL",1.0802,1.0802,12,317.2643645630639,317.2643,2.0349930299613602e-7
nlpmodel_cg,mcp250-1,250,250,"OPTIMAL",1.0969,1.0969,12,317.2643645630639,317.2643,2.0349930299613602e-7
nlpmodel_cg,mcp250-1,250,250,"OPTIMAL",1.2457,1.2457,12,317.2643645630639,317.2643,2.0349930299613602e-7
nlpmodel_cg,mcp250-1,250,250,"OPTIMAL",1.0933,1.0933,12,317.2643645630639,317.2643,2.0349930299613602e-7
nlpmodel_cg,mcp250-1,250,250,"OPTIMAL",1.2157,1.2157,12,317.2643645630639,317.2643,2.0349930299613602e-7
nlpmodel_cg,mcp250-1,250,250,"OPTIMAL",1.1322,1.1322,12,317.2643645630639,317.2643,2.0349930299613602e-7
nlpmodel_cg,mcp250-1,250,250,"OPTIMAL",1.0763,1.0762,12,317.2643645630639,317.2643,2.0349930299613602e-7
nlpmodel_cg,mcp250-1,250,250,"OPTIMAL",1.2891,1.289,12,317.2643645630639,317.2643,2.0349930299613602e-7
nlpmodel_cg,mcp250-1,250,250,"OPTIMAL",1.0859,1.0859,12,317.2643645630639,317.2643,2.0349930299613602e-7
nlpmodel_cg,mcp250-1,250,250,"OPTIMAL",1.0913,1.0913,12,317.2643645630639,317.2643,2.0349930299613602e-7
nlpmodel_cg,mcp250-1,250,250,"OPTIMAL",1.2636,1.2636,12,317.2643645630639,317.2643,2.0349930299613602e-7
nlpmodel_cg,mcp250-1,250,250,"OPTIMAL",1.0903,1.0902,12,317.2643645630639,317.2643,2.0349930299613602e-7
nlpmodel_cg,mcp250-1,250,250,"OPTIMAL",1.1163,1.1162,12,317.2643645630639,317.2643,2.0349930299613602e-7
nlpmodel_cg,mcp250-1,250,250,"OPTIMAL",1.3544,1.3544,12,317.2643645630639,317.2643,2.0349930299613602e-7
nlpmodel_cg,mcp250-1,250,250,"OPTIMAL",1.1985,1.1984,12,317.2643645630639,317.2643,2.0349930299613602e-7
nlpmodel_cg,mcp250-1,250,250,"OPTIMAL",1.2223,1.2223,12,317.2643645630639,317.2643,2.0349930299613602e-7
nlpmodel_cg,mcp250-1,250,250,"OPTIMAL",1.3754,1.3753,12,317.2643645630639,317.2643,2.0349930299613602e-7
nlpmodel_cg,mcp250-1,250,250,"OPTIMAL",1.1698,1.1697,12,317.2643645630639,317.2643,2.0349930299613602e-7
nlpmodel_cg,mcp250-1,250,250,"OPTIMAL",1.3486,1.3485,12,317.2643645630639,317.2643,2.0349930299613602e-7
nlpmodel_cg,mcp250-1,250,250,"OPTIMAL",1.2174,1.2174,12,317.2643645630639,317.2643,2.0349930299613602e-7
nlpmodel_cg,mcp250-1,250,250,"OPTIMAL",1.178,1.178,12,317.2643645630639,317.2643,2.0349930299613602e-7
nlpmodel_cg,mcp250-1,250,250,"OPTIMAL",1.3537,1.3537,12,317.2643645630639,317.2643,2.0349930299613602e-7
nlpmodel_cg,mcp250-1,250,250,"OPTIMAL",1.1879,1.1878,12,317.2643645630639,317.2643,2.0349930299613602e-7
nlpmodel_cg,mcp250-1,250,250,"OPTIMAL",1.2923,1.2923,12,317.2643645630639,317.2643,2.0349930299613602e-7
nlpmodel_cg,mcp250-1,250,250,"OPTIMAL",1.3825,1.3825,12,317.2643645630639,317.2643,2.0349930299613602e-7
nlpmodel_cg,mcp250-1,250,250,"OPTIMAL",1.2326,1.2325,12,317.2643645630639,317.2643,2.0349930299613602e-7
nlpmodel_cg,mcp250-1,250,250,"OPTIMAL",1.1924,1.1924,12,317.2643645630639,317.2643,2.0349930299613602e-7
nlpmodel_cg,mcp250-1,250,250,"OPTIMAL",1.4053,1.4052,12,317.2643645630639,317.2643,2.0349930299613602e-7
nlpmodel_cg,mcp250-1,250,250,"OPTIMAL",1.1882,1.1882,12,317.2643645630639,317.2643,2.0349930299613602e-7
nlpmodel_cg,mcp250-2,250,250,"OPTIMAL",1.0168,1.0167,11,531.9300971678684,531.9301,5.324255197180453e-9
nlpmodel_cg,mcp250-2,250,250,"OPTIMAL",1.0757,1.0756,11,531.9300971678684,531.9301,5.324255197180453e-9
nlpmodel_cg,mcp250-2,250,250,"OPTIMAL",1.227,1.2269,11,531.9300971678684,531.9301,5.324255197180453e-9
nlpmodel_cg,mcp250-2,250,250,"OPTIMAL",0.97521,0.97516,11,531.9300971678684,531.9301,5.324255197180453e-9
nlpmodel_cg,mcp250-2,250,250,"OPTIMAL",1.0102,1.0101,11,531.9300971678684,531.9301,5.324255197180453e-9
nlpmodel_cg,mcp250-2,250,250,"OPTIMAL",1.2338,1.2337,11,531.9300971678684,531.9301,5.324255197180453e-9
nlpmodel_cg,mcp250-2,250,250,"OPTIMAL",1.0546,1.0546,11,531.9300971678684,531.9301,5.324255197180453e-9
nlpmodel_cg,mcp250-2,250,250,"OPTIMAL",1.045,1.0449,11,531.9300971678684,531.9301,5.324255197180453e-9
nlpmodel_cg,mcp250-2,250,250,"OPTIMAL",1.2222,1.2221,11,531.9300971678684,531.9301,5.324255197180453e-9
nlpmodel_cg,mcp250-2,250,250,"OPTIMAL",1.0469,1.0469,11,531.9300971678684,531.9301,5.324255197180453e-9
nlpmodel_cg,mcp250-2,250,250,"OPTIMAL",1.0213,1.0212,11,531.9300971678684,531.9301,5.324255197180453e-9
nlpmodel_cg,mcp250-2,250,250,"OPTIMAL",1.3226,1.3225,11,531.9300971678684,531.9301,5.324255197180453e-9
nlpmodel_cg,mcp250-2,250,250,"OPTIMAL",1.4393,1.4392,11,531.9300971678684,531.9301,5.324255197180453e-9
nlpmodel_cg,mcp250-2,250,250,"OPTIMAL",1.448,1.4479,11,531.9300971678684,531.9301,5.324255197180453e-9
nlpmodel_cg,mcp250-2,250,250,"OPTIMAL",1.6708,1.6707,11,531.9300971678684,531.9301,5.324255197180453e-9
nlpmodel_cg,mcp250-2,250,250,"OPTIMAL",1.1457,1.1456,11,531.9300971678684,531.9301,5.324255197180453e-9
nlpmodel_cg,mcp250-2,250,250,"OPTIMAL",1.0932,1.0931,11,531.9300971678684,531.9301,5.324255197180453e-9
nlpmodel_cg,mcp250-2,250,250,"OPTIMAL",1.2918,1.2918,11,531.9300971678684,531.9301,5.324255197180453e-9
nlpmodel_cg,mcp250-2,250,250,"OPTIMAL",0.98535,0.98529,11,531.9300971678684,531.9301,5.324255197180453e-9
nlpmodel_cg,mcp250-2,250,250,"OPTIMAL",1.014,1.014,11,531.9300971678684,531.9301,5.324255197180453e-9
nlpmodel_cg,mcp250-2,250,250,"OPTIMAL",1.1859,1.1859,11,531.9300971678684,531.9301,5.324255197180453e-9
nlpmodel_cg,mcp250-2,250,250,"OPTIMAL",1.0358,1.0357,11,531.9300971678684,531.9301,5.324255197180453e-9
nlpmodel_cg,mcp250-2,250,250,"OPTIMAL",1.0527,1.0527,11,531.9300971678684,531.9301,5.324255197180453e-9
nlpmodel_cg,mcp250-2,250,250,"OPTIMAL",1.2211,1.2211,11,531.9300971678684,531.9301,5.324255197180453e-9
nlpmodel_cg,mcp250-2,250,250,"OPTIMAL",1.0511,1.051,11,531.9300971678684,531.9301,5.324255197180453e-9
nlpmodel_cg,mcp250-2,250,250,"OPTIMAL",1.0389,1.0389,11,531.9300971678684,531.9301,5.324255197180453e-9
nlpmodel_cg,mcp250-2,250,250,"OPTIMAL",1.2063,1.2062,11,531.9300971678684,531.9301,5.324255197180453e-9
nlpmodel_cg,mcp250-2,250,250,"OPTIMAL",1.0542,1.0542,11,531.9300971678684,531.9301,5.324255197180453e-9
nlpmodel_cg,mcp250-2,250,250,"OPTIMAL",1.0249,1.0248,11,531.9300971678684,531.9301,5.324255197180453e-9
nlpmodel_cg,mcp250-2,250,250,"OPTIMAL",1.2115,1.2114,11,531.9300971678684,531.9301,5.324255197180453e-9
nlpmodel_cg,mcp250-2,250,250,"OPTIMAL",1.0042,1.0041,11,531.9300971678684,531.9301,5.324255197180453e-9
nlpmodel_cg,mcp250-2,250,250,"OPTIMAL",1.0022,1.0022,11,531.9300971678684,531.9301,5.324255197180453e-9
nlpmodel_cg,mcp250-3,250,250,"OPTIMAL",1.1089,1.1089,11,981.1725844631751,981.1726,1.5834955939199973e-8
nlpmodel_cg,mcp250-3,250,250,"OPTIMAL",1.2944,1.2943,11,981.1725844631751,981.1726,1.5834955939199973e-8
nlpmodel_cg,mcp250-3,250,250,"OPTIMAL",1.1875,1.1875,11,981.1725844631751,981.1726,1.5834955939199973e-8
nlpmodel_cg,mcp250-3,250,250,"OPTIMAL",1.1296,1.1296,11,981.1725844631751,981.1726,1.5834955939199973e-8
nlpmodel_cg,mcp250-3,250,250,"OPTIMAL",1.3045,1.3045,11,981.1725844631751,981.1726,1.5834955939199973e-8
nlpmodel_cg,mcp250-3,250,250,"OPTIMAL",1.147,1.147,11,981.1725844631751,981.1726,1.5834955939199973e-8
nlpmodel_cg,mcp250-3,250,250,"OPTIMAL",1.1299,1.1299,11,981.1725844631751,981.1726,1.5834955939199973e-8
nlpmodel_cg,mcp250-3,250,250,"OPTIMAL",1.3236,1.3236,11,981.1725844631751,981.1726,1.5834955939199973e-8
nlpmodel_cg,mcp250-3,250,250,"OPTIMAL",1.1428,1.1428,11,981.1725844631751,981.1726,1.5834955939199973e-8
nlpmodel_cg,mcp250-3,250,250,"OPTIMAL",1.1485,1.1484,11,981.1725844631751,981.1726,1.5834955939199973e-8
nlpmodel_cg,mcp250-3,250,250,"OPTIMAL",1.3872,1.3871,11,981.1725844631751,981.1726,1.5834955939199973e-8
nlpmodel_cg,mcp250-3,250,250,"OPTIMAL",1.1871,1.187,11,981.1725844631751,981.1726,1.5834955939199973e-8
nlpmodel_cg,mcp250-3,250,250,"OPTIMAL",1.2385,1.2384,11,981.1725844631751,981.1726,1.5834955939199973e-8
nlpmodel_cg,mcp250-3,250,250,"OPTIMAL",1.3445,1.3444,11,981.1725844631751,981.1726,1.5834955939199973e-8
nlpmodel_cg,mcp250-3,250,250,"OPTIMAL",1.1921,1.192,11,981.1725844631751,981.1726,1.5834955939199973e-8
nlpmodel_cg,mcp250-3,250,250,"OPTIMAL",1.3259,1.3259,11,981.1725844631751,981.1726,1.5834955939199973e-8
nlpmodel_cg,mcp250-3,250,250,"OPTIMAL",1.247,1.2469,11,981.1725844631751,981.1726,1.5834955939199973e-8
nlpmodel_cg,mcp250-3,250,250,"OPTIMAL",1.1852,1.1851,11,981.1725844631751,981.1726,1.5834955939199973e-8
nlpmodel_cg,mcp250-3,250,250,"OPTIMAL",1.3292,1.3291,11,981.1725844631751,981.1726,1.5834955939199973e-8
nlpmodel_cg,mcp250-3,250,250,"OPTIMAL",1.2129,1.2129,11,981.1725844631751,981.1726,1.5834955939199973e-8
nlpmodel_cg,mcp250-3,250,250,"OPTIMAL",1.1755,1.1754,11,981.1725844631751,981.1726,1.5834955939199973e-8
nlpmodel_cg,mcp250-3,250,250,"OPTIMAL",1.3646,1.3645,11,981.1725844631751,981.1726,1.5834955939199973e-8
nlpmodel_cg,mcp250-3,250,250,"OPTIMAL",1.2183,1.2182,11,981.1725844631751,981.1726,1.5834955939199973e-8
nlpmodel_cg,mcp250-3,250,250,"OPTIMAL",1.1845,1.1844,11,981.1725844631751,981.1726,1.5834955939199973e-8
nlpmodel_cg,mcp250-3,250,250,"OPTIMAL",1.3437,1.3436,11,981.1725844631751,981.1726,1.5834955939199973e-8
nlpmodel_cg,mcp250-3,250,250,"OPTIMAL",1.1897,1.1897,11,981.1725844631751,981.1726,1.5834955939199973e-8
nlpmodel_cg,mcp250-3,250,250,"OPTIMAL",1.1404,1.1404,11,981.1725844631751,981.1726,1.5834955939199973e-8
nlpmodel_cg,mcp250-3,250,250,"OPTIMAL",1.3238,1.3238,11,981.1725844631751,981.1726,1.5834955939199973e-8
nlpmodel_cg,mcp250-3,250,250,"OPTIMAL",1.1311,1.1311,11,981.1725844631751,981.1726,1.5834955939199973e-8
nlpmodel_cg,mcp250-3,250,250,"OPTIMAL",1.1281,1.128,11,981.1725844631751,981.1726,1.5834955939199973e-8
nlpmodel_cg,mcp250-3,250,250,"OPTIMAL",1.3079,1.3078,11,981.1725844631751,981.1726,1.5834955939199973e-8
nlpmodel_cg,mcp250-3,250,250,"OPTIMAL",1.1262,1.1262,11,981.1725844631751,981.1726,1.5834955939199973e-8
nlpmodel_cg,mcp250-4,250,250,"OPTIMAL",1.1961,1.196,11,1681.9601387969265,1681.96,8.252094367374472e-8
nlpmodel_cg,mcp250-4,250,250,"OPTIMAL",1.1758,1.1758,11,1681.9601387969265,1681.96,8.252094367374472e-8
nlpmodel_cg,mcp250-4,250,250,"OPTIMAL",1.3691,1.3691,11,1681.9601387969265,1681.96,8.252094367374472e-8
nlpmodel_cg,mcp250-4,250,250,"OPTIMAL",1.1779,1.1779,11,1681.9601387969265,1681.96,8.252094367374472e-8
nlpmodel_cg,mcp250-4,250,250,"OPTIMAL",1.1805,1.1804,11,1681.9601387969265,1681.96,8.252094367374472e-8
nlpmodel_cg,mcp250-4,250,250,"OPTIMAL",1.3624,1.3624,11,1681.9601387969265,1681.96,8.252094367374472e-8
nlpmodel_cg,mcp250-4,250,250,"OPTIMAL",1.1617,1.1616,11,1681.9601387969265,1681.96,8.252094367374472e-8
nlpmodel_cg,mcp250-4,250,250,"OPTIMAL",1.1706,1.1705,11,1681.9601387969265,1681.96,8.252094367374472e-8
nlpmodel_cg,mcp250-4,250,250,"OPTIMAL",1.362,1.3619,11,1681.9601387969265,1681.96,8.252094367374472e-8
nlpmodel_cg,mcp250-4,250,250,"OPTIMAL",1.1364,1.1364,11,1681.9601387969265,1681.96,8.252094367374472e-8
nlpmodel_cg,mcp250-4,250,250,"OPTIMAL",1.1191,1.1191,11,1681.9601387969265,1681.96,8.252094367374472e-8
nlpmodel_cg,mcp250-4,250,250,"OPTIMAL",1.3089,1.3088,11,1681.9601387969265,1681.96,8.252094367374472e-8
nlpmodel_cg,mcp250-4,250,250,"OPTIMAL",1.1847,1.1846,11,1681.9601387969265,1681.96,8.252094367374472e-8
nlpmodel_cg,mcp250-4,250,250,"OPTIMAL",1.1784,1.1784,11,1681.9601387969265,1681.96,8.252094367374472e-8
nlpmodel_cg,mcp250-4,250,250,"OPTIMAL",1.3571,1.357,11,1681.9601387969265,1681.96,8.252094367374472e-8
nlpmodel_cg,mcp250-4,250,250,"OPTIMAL",1.1664,1.1663,11,1681.9601387969265,1681.96,8.252094367374472e-8
nlpmodel_cg,mcp250-4,250,250,"OPTIMAL",1.2013,1.2013,11,1681.9601387969265,1681.96,8.252094367374472e-8
nlpmodel_cg,mcp250-4,250,250,"OPTIMAL",1.2927,1.2927,11,1681.9601387969265,1681.96,8.252094367374472e-8
nlpmodel_cg,mcp250-4,250,250,"OPTIMAL",1.1105,1.1104,11,1681.9601387969265,1681.96,8.252094367374472e-8
nlpmodel_cg,mcp250-4,250,250,"OPTIMAL",1.2637,1.2636,11,1681.9601387969265,1681.96,8.252094367374472e-8
nlpmodel_cg,mcp250-4,250,250,"OPTIMAL",1.1744,1.1743,11,1681.9601387969265,1681.96,8.252094367374472e-8
nlpmodel_cg,mcp250-4,250,250,"OPTIMAL",1.0973,1.0973,11,1681.9601387969265,1681.96,8.252094367374472e-8
nlpmodel_cg,mcp250-4,250,250,"OPTIMAL",1.2539,1.2538,11,1681.9601387969265,1681.96,8.252094367374472e-8
nlpmodel_cg,mcp250-4,250,250,"OPTIMAL",1.1818,1.1818,11,1681.9601387969265,1681.96,8.252094367374472e-8
nlpmodel_cg,mcp250-4,250,250,"OPTIMAL",1.1728,1.1728,11,1681.9601387969265,1681.96,8.252094367374472e-8
nlpmodel_cg,mcp250-4,250,250,"OPTIMAL",1.3513,1.3512,11,1681.9601387969265,1681.96,8.252094367374472e-8
nlpmodel_cg,mcp250-4,250,250,"OPTIMAL",1.2306,1.2305,11,1681.9601387969265,1681.96,8.252094367374472e-8
nlpmodel_cg,mcp250-4,250,250,"OPTIMAL",1.1637,1.1637,11,1681.9601387969265,1681.96,8.252094367374472e-8
nlpmodel_cg,mcp250-4,250,250,"OPTIMAL",1.349,1.3489,11,1681.9601387969265,1681.96,8.252094367374472e-8
nlpmodel_cg,mcp250-4,250,250,"OPTIMAL",1.1644,1.1643,11,1681.9601387969265,1681.96,8.252094367374472e-8
nlpmodel_cg,mcp250-4,250,250,"OPTIMAL",1.1848,1.1848,11,1681.9601387969265,1681.96,8.252094367374472e-8
nlpmodel_cg,mcp250-4,250,250,"OPTIMAL",1.3283,1.3283,11,1681.9601387969265,1681.96,8.252094367374472e-8
nlpmodel_cg,truss7,86,301,"OPTIMAL",0.073011,0.072956,26,-900.0013879440231,-900.001,4.3104843566372927e-7
nlpmodel_cg,truss7,86,301,"OPTIMAL",0.071776,0.071722,26,-900.0013879440231,-900.001,4.3104843566372927e-7
nlpmodel_cg,truss7,86,301,"OPTIMAL",0.052581,0.052537,26,-900.0013879440231,-900.001,4.3104843566372927e-7
nlpmodel_cg,truss7,86,301,"OPTIMAL",0.071192,0.071147,26,-900.0013879440231,-900.001,4.3104843566372927e-7
nlpmodel_cg,truss7,86,301,"OPTIMAL",0.086144,0.086097,26,-900.0013879440231,-900.001,4.3104843566372927e-7
nlpmodel_cg,truss7,86,301,"OPTIMAL",0.058381,0.058338,26,-900.0013879440231,-900.001,4.3104843566372927e-7
nlpmodel_cg,truss7,86,301,"OPTIMAL",0.081849,0.0818,26,-900.0013879440231,-900.001,4.3104843566372927e-7
nlpmodel_cg,truss7,86,301,"OPTIMAL",0.089059,0.089011,26,-900.0013879440231,-900.001,4.3104843566372927e-7
nlpmodel_cg,truss7,86,301,"OPTIMAL",0.066191,0.066141,26,-900.0013879440231,-900.001,4.3104843566372927e-7
nlpmodel_cg,truss7,86,301,"OPTIMAL",0.084181,0.084123,26,-900.0013879440231,-900.001,4.3104843566372927e-7
nlpmodel_cg,truss7,86,301,"OPTIMAL",0.061684,0.061588,26,-900.0013879440231,-900.001,4.3104843566372927e-7
nlpmodel_cg,truss7,86,301,"OPTIMAL",0.080797,0.080745,26,-900.0013879440231,-900.001,4.3104843566372927e-7
nlpmodel_cg,truss7,86,301,"OPTIMAL",0.064844,0.064793,26,-900.0013879440231,-900.001,4.3104843566372927e-7
nlpmodel_cg,truss7,86,301,"OPTIMAL",0.079388,0.079335,26,-900.0013879440231,-900.001,4.3104843566372927e-7
nlpmodel_cg,truss7,86,301,"OPTIMAL",0.074991,0.074946,26,-900.0013879440231,-900.001,4.3104843566372927e-7
nlpmodel_cg,truss7,86,301,"OPTIMAL",0.06131,0.061266,26,-900.0013879440231,-900.001,4.3104843566372927e-7
nlpmodel_cg,truss7,86,301,"OPTIMAL",0.067092,0.067042,26,-900.0013879440231,-900.001,4.3104843566372927e-7
nlpmodel_cg,truss7,86,301,"OPTIMAL",0.064496,0.064455,26,-900.0013879440231,-900.001,4.3104843566372927e-7
nlpmodel_cg,truss7,86,301,"OPTIMAL",0.080772,0.080728,26,-900.0013879440231,-900.001,4.3104843566372927e-7
nlpmodel_cg,truss7,86,301,"OPTIMAL",0.067949,0.067881,26,-900.0013879440231,-900.001,4.3104843566372927e-7
nlpmodel_cg,truss7,86,301,"OPTIMAL",0.059747,0.059671,26,-900.0013879440231,-900.001,4.3104843566372927e-7
nlpmodel_cg,truss7,86,301,"OPTIMAL",0.072553,0.072509,26,-900.0013879440231,-900.001,4.3104843566372927e-7
nlpmodel_cg,truss7,86,301,"OPTIMAL",0.066502,0.066457,26,-900.0013879440231,-900.001,4.3104843566372927e-7
nlpmodel_cg,truss7,86,301,"OPTIMAL",0.063334,0.063292,26,-900.0013879440231,-900.001,4.3104843566372927e-7
nlpmodel_cg,truss7,86,301,"OPTIMAL",0.067532,0.067488,26,-900.0013879440231,-900.001,4.3104843566372927e-7
nlpmodel_cg,truss7,86,301,"OPTIMAL",0.067314,0.067269,26,-900.0013879440231,-900.001,4.3104843566372927e-7
nlpmodel_cg,truss7,86,301,"OPTIMAL",0.06547,0.065425,26,-900.0013879440231,-900.001,4.3104843566372927e-7
nlpmodel_cg,truss7,86,301,"OPTIMAL",0.063565,0.063521,26,-900.0013879440231,-900.001,4.3104843566372927e-7
nlpmodel_cg,truss7,86,301,"OPTIMAL",0.058863,0.058814,26,-900.0013879440231,-900.001,4.3104843566372927e-7
nlpmodel_cg,truss7,86,301,"OPTIMAL",0.079846,0.079801,26,-900.0013879440231,-900.001,4.3104843566372927e-7
nlpmodel_cg,truss7,86,301,"OPTIMAL",0.072014,0.071944,26,-900.0013879440231,-900.001,4.3104843566372927e-7
nlpmodel_cg,truss7,86,301,"OPTIMAL",0.070836,0.070792,26,-900.0013879440231,-900.001,4.3104843566372927e-7
nlpmodel_cg,truss5,208,331,"TIMEOUT",60.0,NaN,-1,NaN,-132.6357,NaN
nlpmodel_cg,arch0,174,335,"OPTIMAL",1.0392,1.0391,22,0.5665173227695484,0.566517,3.2276954831100824e-7
nlpmodel_cg,arch0,174,335,"OPTIMAL",1.0494,1.0494,22,0.5665173227695484,0.566517,3.2276954831100824e-7
nlpmodel_cg,arch0,174,335,"OPTIMAL",1.1495,1.1494,22,0.5665173227695484,0.566517,3.2276954831100824e-7
nlpmodel_cg,arch0,174,335,"OPTIMAL",1.0638,1.0638,22,0.5665173227695484,0.566517,3.2276954831100824e-7
nlpmodel_cg,arch0,174,335,"OPTIMAL",1.0227,1.0227,22,0.5665173227695484,0.566517,3.2276954831100824e-7
nlpmodel_cg,arch0,174,335,"OPTIMAL",1.0343,1.0343,22,0.5665173227695484,0.566517,3.2276954831100824e-7
nlpmodel_cg,arch0,174,335,"OPTIMAL",1.0456,1.0455,22,0.5665173227695484,0.566517,3.2276954831100824e-7
nlpmodel_cg,arch0,174,335,"OPTIMAL",1.2129,1.2128,22,0.5665173227695484,0.566517,3.2276954831100824e-7
nlpmodel_cg,arch0,174,335,"OPTIMAL",1.067,1.067,22,0.5665173227695484,0.566517,3.2276954831100824e-7
nlpmodel_cg,arch0,174,335,"OPTIMAL",0.98349,0.98344,22,0.5665173227695484,0.566517,3.2276954831100824e-7
nlpmodel_cg,arch0,174,335,"OPTIMAL",1.0216,1.0216,22,0.5665173227695484,0.566517,3.2276954831100824e-7
nlpmodel_cg,arch0,174,335,"OPTIMAL",1.0093,1.0092,22,0.5665173227695484,0.566517,3.2276954831100824e-7
nlpmodel_cg,arch0,174,335,"OPTIMAL",1.0427,1.0426,22,0.5665173227695484,0.566517,3.2276954831100824e-7
nlpmodel_cg,arch0,174,335,"OPTIMAL",1.2285,1.2285,22,0.5665173227695484,0.566517,3.2276954831100824e-7
nlpmodel_cg,arch0,174,335,"OPTIMAL",1.0124,1.0123,22,0.5665173227695484,0.566517,3.2276954831100824e-7
nlpmodel_cg,arch0,174,335,"OPTIMAL",1.0632,1.0632,22,0.5665173227695484,0.566517,3.2276954831100824e-7
nlpmodel_cg,arch0,174,335,"OPTIMAL",1.0409,1.0408,22,0.5665173227695484,0.566517,3.2276954831100824e-7
nlpmodel_cg,arch0,174,335,"OPTIMAL",1.0175,1.0175,22,0.5665173227695484,0.566517,3.2276954831100824e-7
nlpmodel_cg,arch0,174,335,"OPTIMAL",1.1779,1.1779,22,0.5665173227695484,0.566517,3.2276954831100824e-7
nlpmodel_cg,arch0,174,335,"OPTIMAL",1.1178,1.1177,22,0.5665173227695484,0.566517,3.2276954831100824e-7
nlpmodel_cg,arch0,174,335,"OPTIMAL",1.1982,1.1981,22,0.5665173227695484,0.566517,3.2276954831100824e-7
nlpmodel_cg,arch0,174,335,"OPTIMAL",0.99163,0.99158,22,0.5665173227695484,0.566517,3.2276954831100824e-7
nlpmodel_cg,arch0,174,335,"OPTIMAL",1.0152,1.0152,22,0.5665173227695484,0.566517,3.2276954831100824e-7
nlpmodel_cg,arch0,174,335,"OPTIMAL",1.0065,1.0065,22,0.5665173227695484,0.566517,3.2276954831100824e-7
nlpmodel_cg,arch0,174,335,"OPTIMAL",1.217,1.2169,22,0.5665173227695484,0.566517,3.2276954831100824e-7
nlpmodel_cg,arch0,174,335,"OPTIMAL",1.0264,1.0263,22,0.5665173227695484,0.566517,3.2276954831100824e-7
nlpmodel_cg,arch0,174,335,"OPTIMAL",1.0255,1.0254,22,0.5665173227695484,0.566517,3.2276954831100824e-7
nlpmodel_cg,arch0,174,335,"OPTIMAL",1.0211,1.021,22,0.5665173227695484,0.566517,3.2276954831100824e-7
nlpmodel_cg,arch0,174,335,"OPTIMAL",1.0312,1.0312,22,0.5665173227695484,0.566517,3.2276954831100824e-7
nlpmodel_cg,arch0,174,335,"OPTIMAL",1.1853,1.1853,22,0.5665173227695484,0.566517,3.2276954831100824e-7
nlpmodel_cg,arch0,174,335,"OPTIMAL",1.6451,1.645,22,0.5665173227695484,0.566517,3.2276954831100824e-7
nlpmodel_cg,arch0,174,335,"OPTIMAL",1.0652,1.0652,22,0.5665173227695484,0.566517,3.2276954831100824e-7
nlpmodel_cg,arch2,174,335,"OPTIMAL",0.95275,0.9527,20,0.6715155696152368,0.671515,5.696152368672713e-7
nlpmodel_cg,arch2,174,335,"OPTIMAL",0.96018,0.96013,20,0.6715155696152368,0.671515,5.696152368672713e-7
nlpmodel_cg,arch2,174,335,"OPTIMAL",1.0991,1.099,20,0.6715155696152368,0.671515,5.696152368672713e-7
nlpmodel_cg,arch2,174,335,"OPTIMAL",0.92129,0.92124,20,0.6715155696152368,0.671515,5.696152368672713e-7
nlpmodel_cg,arch2,174,335,"OPTIMAL",0.94228,0.94223,20,0.6715155696152368,0.671515,5.696152368672713e-7
nlpmodel_cg,arch2,174,335,"OPTIMAL",0.93495,0.9349,20,0.6715155696152368,0.671515,5.696152368672713e-7
nlpmodel_cg,arch2,174,335,"OPTIMAL",0.93172,0.93167,20,0.6715155696152368,0.671515,5.696152368672713e-7
nlpmodel_cg,arch2,174,335,"OPTIMAL",0.95328,0.95323,20,0.6715155696152368,0.671515,5.696152368672713e-7
nlpmodel_cg,arch2,174,335,"OPTIMAL",1.0809,1.0809,20,0.6715155696152368,0.671515,5.696152368672713e-7
nlpmodel_cg,arch2,174,335,"OPTIMAL",0.98391,0.98387,20,0.6715155696152368,0.671515,5.696152368672713e-7
nlpmodel_cg,arch2,174,335,"OPTIMAL",1.0002,1.0002,20,0.6715155696152368,0.671515,5.696152368672713e-7
nlpmodel_cg,arch2,174,335,"OPTIMAL",0.95307,0.95303,20,0.6715155696152368,0.671515,5.696152368672713e-7
nlpmodel_cg,arch2,174,335,"OPTIMAL",0.95017,0.95011,20,0.6715155696152368,0.671515,5.696152368672713e-7
nlpmodel_cg,arch2,174,335,"OPTIMAL",1.1417,1.1417,20,0.6715155696152368,0.671515,5.696152368672713e-7
nlpmodel_cg,arch2,174,335,"OPTIMAL",0.94208,0.94203,20,0.6715155696152368,0.671515,5.696152368672713e-7
nlpmodel_cg,arch2,174,335,"OPTIMAL",0.92543,0.92538,20,0.6715155696152368,0.671515,5.696152368672713e-7
nlpmodel_cg,arch2,174,335,"OPTIMAL",0.94971,0.94966,20,0.6715155696152368,0.671515,5.696152368672713e-7
nlpmodel_cg,arch2,174,335,"OPTIMAL",0.96038,0.96033,20,0.6715155696152368,0.671515,5.696152368672713e-7
nlpmodel_cg,arch2,174,335,"OPTIMAL",0.97462,0.97456,20,0.6715155696152368,0.671515,5.696152368672713e-7
nlpmodel_cg,arch2,174,335,"OPTIMAL",1.1281,1.1281,20,0.6715155696152368,0.671515,5.696152368672713e-7
nlpmodel_cg,arch2,174,335,"OPTIMAL",0.95464,0.9546,20,0.6715155696152368,0.671515,5.696152368672713e-7
nlpmodel_cg,arch2,174,335,"OPTIMAL",0.96751,0.96747,20,0.6715155696152368,0.671515,5.696152368672713e-7
nlpmodel_cg,arch2,174,335,"OPTIMAL",0.95554,0.95549,20,0.6715155696152368,0.671515,5.696152368672713e-7
nlpmodel_cg,arch2,174,335,"OPTIMAL",0.90416,0.90412,20,0.6715155696152368,0.671515,5.696152368672713e-7
nlpmodel_cg,arch2,174,335,"OPTIMAL",0.92912,0.92907,20,0.6715155696152368,0.671515,5.696152368672713e-7
nlpmodel_cg,arch2,174,335,"OPTIMAL",1.1184,1.1183,20,0.6715155696152368,0.671515,5.696152368672713e-7
nlpmodel_cg,arch2,174,335,"OPTIMAL",0.93359,0.93355,20,0.6715155696152368,0.671515,5.696152368672713e-7
nlpmodel_cg,arch2,174,335,"OPTIMAL",0.94633,0.94628,20,0.6715155696152368,0.671515,5.696152368672713e-7
nlpmodel_cg,arch2,174,335,"OPTIMAL",0.9658,0.96575,20,0.6715155696152368,0.671515,5.696152368672713e-7
nlpmodel_cg,arch2,174,335,"OPTIMAL",0.96017,0.96013,20,0.6715155696152368,0.671515,5.696152368672713e-7
nlpmodel_cg,arch2,174,335,"OPTIMAL",0.96971,0.96967,20,0.6715155696152368,0.671515,5.696152368672713e-7
nlpmodel_cg,arch2,174,335,"OPTIMAL",1.1738,1.1737,20,0.6715155696152368,0.671515,5.696152368672713e-7
nlpmodel_cg,arch4,174,335,"OPTIMAL",0.84425,0.84421,20,0.9726276869077554,0.9726274,2.8690775533135593e-7
nlpmodel_cg,arch4,174,335,"OPTIMAL",0.81932,0.81928,20,0.9726276869077554,0.9726274,2.8690775533135593e-7
nlpmodel_cg,arch4,174,335,"OPTIMAL",0.78614,0.78609,20,0.9726276869077554,0.9726274,2.8690775533135593e-7
nlpmodel_cg,arch4,174,335,"OPTIMAL",1.1455,1.1454,20,0.9726276869077554,0.9726274,2.8690775533135593e-7
nlpmodel_cg,arch4,174,335,"OPTIMAL",0.82662,0.82656,20,0.9726276869077554,0.9726274,2.8690775533135593e-7
nlpmodel_cg,arch4,174,335,"OPTIMAL",0.80329,0.80324,20,0.9726276869077554,0.9726274,2.8690775533135593e-7
nlpmodel_cg,arch4,174,335,"OPTIMAL",0.8292,0.82915,20,0.9726276869077554,0.9726274,2.8690775533135593e-7
nlpmodel_cg,arch4,174,335,"OPTIMAL",0.84128,0.84123,20,0.9726276869077554,0.9726274,2.8690775533135593e-7
nlpmodel_cg,arch4,174,335,"OPTIMAL",0.83198,0.83193,20,0.9726276869077554,0.9726274,2.8690775533135593e-7
nlpmodel_cg,arch4,174,335,"OPTIMAL",0.98202,0.98197,20,0.9726276869077554,0.9726274,2.8690775533135593e-7
nlpmodel_cg,arch4,174,335,"OPTIMAL",0.83153,0.83149,20,0.9726276869077554,0.9726274,2.8690775533135593e-7
nlpmodel_cg,arch4,174,335,"OPTIMAL",0.8797,0.87965,20,0.9726276869077554,0.9726274,2.8690775533135593e-7
nlpmodel_cg,arch4,174,335,"OPTIMAL",0.8504,0.85035,20,0.9726276869077554,0.9726274,2.8690775533135593e-7
nlpmodel_cg,arch4,174,335,"OPTIMAL",0.85583,0.85578,20,0.9726276869077554,0.9726274,2.8690775533135593e-7
nlpmodel_cg,arch4,174,335,"OPTIMAL",0.88914,0.88909,20,0.9726276869077554,0.9726274,2.8690775533135593e-7
nlpmodel_cg,arch4,174,335,"OPTIMAL",1.3867,1.3866,20,0.9726276869077554,0.9726274,2.8690775533135593e-7
nlpmodel_cg,arch4,174,335,"OPTIMAL",0.87249,0.8724,20,0.9726276869077554,0.9726274,2.8690775533135593e-7
nlpmodel_cg,arch4,174,335,"OPTIMAL",0.8782,0.87815,20,0.9726276869077554,0.9726274,2.8690775533135593e-7
nlpmodel_cg,arch4,174,335,"OPTIMAL",0.82523,0.82518,20,0.9726276869077554,0.9726274,2.8690775533135593e-7
nlpmodel_cg,arch4,174,335,"OPTIMAL",0.8707,0.87066,20,0.9726276869077554,0.9726274,2.8690775533135593e-7
nlpmodel_cg,arch4,174,335,"OPTIMAL",0.86254,0.8625,20,0.9726276869077554,0.9726274,2.8690775533135593e-7
nlpmodel_cg,arch4,174,335,"OPTIMAL",0.94165,0.9416,20,0.9726276869077554,0.9726274,2.8690775533135593e-7
nlpmodel_cg,arch4,174,335,"OPTIMAL",0.76026,0.76021,20,0.9726276869077554,0.9726274,2.8690775533135593e-7
nlpmodel_cg,arch4,174,335,"OPTIMAL",0.75836,0.75832,20,0.9726276869077554,0.9726274,2.8690775533135593e-7
nlpmodel_cg,arch4,174,335,"OPTIMAL",0.83881,0.83876,20,0.9726276869077554,0.9726274,2.8690775533135593e-7
nlpmodel_cg,arch4,174,335,"OPTIMAL",0.8515,0.85146,20,0.9726276869077554,0.9726274,2.8690775533135593e-7
nlpmodel_cg,arch4,174,335,"OPTIMAL",0.82397,0.82393,20,0.9726276869077554,0.9726274,2.8690775533135593e-7
nlpmodel_cg,arch4,174,335,"OPTIMAL",0.93886,0.93881,20,0.9726276869077554,0.9726274,2.8690775533135593e-7
nlpmodel_cg,arch4,174,335,"OPTIMAL",0.80817,0.80813,20,0.9726276869077554,0.9726274,2.8690775533135593e-7
nlpmodel_cg,arch4,174,335,"OPTIMAL",0.88516,0.88511,20,0.9726276869077554,0.9726274,2.8690775533135593e-7
nlpmodel_cg,arch4,174,335,"OPTIMAL",0.912,0.91195,20,0.9726276869077554,0.9726274,2.8690775533135593e-7
nlpmodel_cg,arch4,174,335,"OPTIMAL",0.93645,0.93641,20,0.9726276869077554,0.9726274,2.8690775533135593e-7
nlpmodel_cg,arch8,174,335,"OPTIMAL",0.73371,0.73365,20,7.056980153714138,7.05698,2.1781858162925716e-8
nlpmodel_cg,arch8,174,335,"OPTIMAL",0.76741,0.76736,20,7.056980153714138,7.05698,2.1781858162925716e-8
nlpmodel_cg,arch8,174,335,"OPTIMAL",0.74469,0.74464,20,7.056980153714138,7.05698,2.1781858162925716e-8
nlpmodel_cg,arch8,174,335,"OPTIMAL",0.72878,0.72874,20,7.056980153714138,7.05698,2.1781858162925716e-8
nlpmodel_cg,arch8,174,335,"OPTIMAL",0.72757,0.72751,20,7.056980153714138,7.05698,2.1781858162925716e-8
nlpmodel_cg,arch8,174,335,"OPTIMAL",0.86555,0.86551,20,7.056980153714138,7.05698,2.1781858162925716e-8
nlpmodel_cg,arch8,174,335,"OPTIMAL",0.71074,0.71069,20,7.056980153714138,7.05698,2.1781858162925716e-8
nlpmodel_cg,arch8,174,335,"OPTIMAL",0.70883,0.70879,20,7.056980153714138,7.05698,2.1781858162925716e-8
nlpmodel_cg,arch8,174,335,"OPTIMAL",0.71221,0.71216,20,7.056980153714138,7.05698,2.1781858162925716e-8
nlpmodel_cg,arch8,174,335,"OPTIMAL",0.75046,0.75042,20,7.056980153714138,7.05698,2.1781858162925716e-8
nlpmodel_cg,arch8,174,335,"OPTIMAL",0.75754,0.7575,20,7.056980153714138,7.05698,2.1781858162925716e-8
nlpmodel_cg,arch8,174,335,"OPTIMAL",0.89901,0.89896,20,7.056980153714138,7.05698,2.1781858162925716e-8
nlpmodel_cg,arch8,174,335,"OPTIMAL",0.9659,0.96584,20,7.056980153714138,7.05698,2.1781858162925716e-8
nlpmodel_cg,arch8,174,335,"OPTIMAL",1.0253,1.0253,20,7.056980153714138,7.05698,2.1781858162925716e-8
nlpmodel_cg,arch8,174,335,"OPTIMAL",1.0023,1.0023,20,7.056980153714138,7.05698,2.1781858162925716e-8
nlpmodel_cg,arch8,174,335,"OPTIMAL",0.74698,0.74692,20,7.056980153714138,7.05698,2.1781858162925716e-8
nlpmodel_cg,arch8,174,335,"OPTIMAL",0.65377,0.65373,20,7.056980153714138,7.05698,2.1781858162925716e-8
nlpmodel_cg,arch8,174,335,"OPTIMAL",0.83217,0.83212,20,7.056980153714138,7.05698,2.1781858162925716e-8
nlpmodel_cg,arch8,174,335,"OPTIMAL",0.68901,0.68896,20,7.056980153714138,7.05698,2.1781858162925716e-8
nlpmodel_cg,arch8,174,335,"OPTIMAL",0.74786,0.74782,20,7.056980153714138,7.05698,2.1781858162925716e-8
nlpmodel_cg,arch8,174,335,"OPTIMAL",0.74272,0.74267,20,7.056980153714138,7.05698,2.1781858162925716e-8
nlpmodel_cg,arch8,174,335,"OPTIMAL",0.71915,0.71911,20,7.056980153714138,7.05698,2.1781858162925716e-8
nlpmodel_cg,arch8,174,335,"OPTIMAL",0.65023,0.65019,20,7.056980153714138,7.05698,2.1781858162925716e-8
nlpmodel_cg,arch8,174,335,"OPTIMAL",0.8741,0.87406,20,7.056980153714138,7.05698,2.1781858162925716e-8
nlpmodel_cg,arch8,174,335,"OPTIMAL",0.67496,0.67491,20,7.056980153714138,7.05698,2.1781858162925716e-8
nlpmodel_cg,arch8,174,335,"OPTIMAL",0.71061,0.71057,20,7.056980153714138,7.05698,2.1781858162925716e-8
nlpmodel_cg,arch8,174,335,"OPTIMAL",0.72523,0.72518,20,7.056980153714138,7.05698,2.1781858162925716e-8
nlpmodel_cg,arch8,174,335,"OPTIMAL",0.70205,0.702,20,7.056980153714138,7.05698,2.1781858162925716e-8
nlpmodel_cg,arch8,174,335,"OPTIMAL",0.69941,0.69937,20,7.056980153714138,7.05698,2.1781858162925716e-8
nlpmodel_cg,arch8,174,335,"OPTIMAL",0.92251,0.92246,20,7.056980153714138,7.05698,2.1781858162925716e-8
nlpmodel_cg,arch8,174,335,"OPTIMAL",0.70796,0.70791,20,7.056980153714138,7.05698,2.1781858162925716e-8
nlpmodel_cg,arch8,174,335,"OPTIMAL",0.76607,0.76602,20,7.056980153714138,7.05698,2.1781858162925716e-8
nlpmodel_cg,ss30,132,426,"OPTIMAL",2.5819,2.5819,20,20.239510963803916,20.2395,5.417032988115994e-7
nlpmodel_cg,ss30,132,426,"OPTIMAL",2.5574,2.5573,20,20.239510963803916,20.2395,5.417032988115994e-7
nlpmodel_cg,ss30,132,426,"OPTIMAL",2.5025,2.5024,20,20.239510963803916,20.2395,5.417032988115994e-7
nlpmodel_cg,ss30,132,426,"OPTIMAL",2.2305,2.2305,20,20.239510963803916,20.2395,5.417032988115994e-7
nlpmodel_cg,ss30,132,426,"OPTIMAL",2.386,2.3859,20,20.239510963803916,20.2395,5.417032988115994e-7
nlpmodel_cg,ss30,132,426,"OPTIMAL",2.3035,2.3034,20,20.239510963803916,20.2395,5.417032988115994e-7
nlpmodel_cg,ss30,132,426,"OPTIMAL",2.4569,2.4569,20,20.239510963803916,20.2395,5.417032988115994e-7
nlpmodel_cg,ss30,132,426,"OPTIMAL",2.4265,2.4265,20,20.239510963803916,20.2395,5.417032988115994e-7
nlpmodel_cg,ss30,132,426,"OPTIMAL",2.4419,2.4418,20,20.239510963803916,20.2395,5.417032988115994e-7
nlpmodel_cg,ss30,132,426,"OPTIMAL",2.3564,2.3564,20,20.239510963803916,20.2395,5.417032988115994e-7
nlpmodel_cg,ss30,132,426,"OPTIMAL",2.3974,2.3974,20,20.239510963803916,20.2395,5.417032988115994e-7
nlpmodel_cg,ss30,132,426,"OPTIMAL",2.3712,2.3711,20,20.239510963803916,20.2395,5.417032988115994e-7
nlpmodel_cg,ss30,132,426,"OPTIMAL",2.2801,2.2801,20,20.239510963803916,20.2395,5.417032988115994e-7
nlpmodel_cg,ss30,132,426,"OPTIMAL",2.2459,2.2458,20,20.239510963803916,20.2395,5.417032988115994e-7
nlpmodel_cg,ss30,132,426,"OPTIMAL",2.2377,2.2376,20,20.239510963803916,20.2395,5.417032988115994e-7
nlpmodel_cg,ss30,132,426,"OPTIMAL",2.1806,2.1806,20,20.239510963803916,20.2395,5.417032988115994e-7
nlpmodel_cg,ss30,132,426,"OPTIMAL",2.0709,2.0708,20,20.239510963803916,20.2395,5.417032988115994e-7
nlpmodel_cg,ss30,132,426,"OPTIMAL",2.2573,2.2572,20,20.239510963803916,20.2395,5.417032988115994e-7
nlpmodel_cg,ss30,132,426,"OPTIMAL",2.2651,2.2651,20,20.239510963803916,20.2395,5.417032988115994e-7
nlpmodel_cg,ss30,132,426,"OPTIMAL",2.2391,2.239,20,20.239510963803916,20.2395,5.417032988115994e-7
nlpmodel_cg,truss6,172,451,"TIMEOUT",60.0,NaN,-1,NaN,-901.001,NaN
nlpmodel_cg,gpp500-1,501,500,"TIMEOUT",60.0,NaN,-1,NaN,-25.3,NaN
nlpmodel_cg,gpp500-2,501,500,"TIMEOUT",60.0,NaN,-1,NaN,-156.06,NaN
nlpmodel_cg,gpp500-3,501,500,"TIMEOUT",60.0,NaN,-1,NaN,-513.02,NaN
nlpmodel_cg,gpp500-4,501,500,"TIMEOUT",60.0,NaN,-1,NaN,-1567.02,NaN
nlpmodel_cg,mcp500-1,500,500,"OPTIMAL",9.2861,9.286,14,598.1485261252058,598.1485,4.36767888740832e-8
nlpmodel_cg,mcp500-1,500,500,"OPTIMAL",9.2408,9.2408,14,598.1485261252058,598.1485,4.36767888740832e-8
nlpmodel_cg,mcp500-1,500,500,"OPTIMAL",9.1073,9.1072,14,598.1485261252058,598.1485,4.36767888740832e-8
nlpmodel_cg,mcp500-2,500,500,"OPTIMAL",11.107,11.106,13,1070.0567715165503,1070.057,2.1352455966916597e-7
nlpmodel_cg,mcp500-2,500,500,"OPTIMAL",11.31,11.31,13,1070.0567715165503,1070.057,2.1352455966916597e-7
nlpmodel_cg,mcp500-2,500,500,"OPTIMAL",11.172,11.171,13,1070.0567715165503,1070.057,2.1352455966916597e-7
nlpmodel_cg,mcp500-3,500,500,"OPTIMAL",9.9246,9.9246,12,1847.9700271987183,1847.97,1.4718160073698632e-8
nlpmodel_cg,mcp500-3,500,500,"OPTIMAL",9.8843,9.8842,12,1847.9700271987183,1847.97,1.4718160073698632e-8
nlpmodel_cg,mcp500-3,500,500,"OPTIMAL",9.7783,9.7782,12,1847.9700271987183,1847.97,1.4718160073698632e-8
nlpmodel_cg,mcp500-4,500,500,"OPTIMAL",9.4003,9.4002,12,3566.7380719069442,3566.738,2.0160422327924907e-8
nlpmodel_cg,mcp500-4,500,500,"OPTIMAL",9.23,9.23,12,3566.7380719069442,3566.738,2.0160422327924907e-8
nlpmodel_cg,mcp500-4,500,500,"OPTIMAL",9.4505,9.4504,12,3566.7380719069442,3566.738,2.0160422327924907e-8
nlpmodel_cg,truss8,496,628,"TIMEOUT",60.0,NaN,-1,NaN,-133.1146,NaN
nlpmodel_cg,maxG11,800,800,"TIMEOUT",60.0,NaN,-1,NaN,629.1648,NaN
nlpmodel_cg,equalG11,801,801,"TIMEOUT",60.0,NaN,-1,NaN,629.1553,NaN
nlpmodel_cg,thetaG11,2401,801,"OPTIMAL",26.196,26.196,14,400.0000890354295,400.0,2.225885737061617e-7
nlpmodel_cg,maxG51,1000,1000,"TIMEOUT",60.0,NaN,-1,NaN,4003.809,NaN
