label,problem,m,n,status,time_s,solve_time_s,iterations,objective,optimal,rel_gap
nlpmodel,hinf3,13,16,"DUAL_INFEASIBLE",0.0096359,0.009567,41,56.94703110430444,56.9,0.0008265571933997308
nlpmodel,hinf3,13,16,"DUAL_INFEASIBLE",0.0090968,0.0090549,41,56.94703110430444,56.9,0.0008265571933997308
nlpmodel,hinf3,13,16,"DUAL_INFEASIBLE",0.0077032,0.0076752,41,56.94703110430444,56.9,0.0008265571933997308
nlpmodel,hinf3,13,16,"DUAL_INFEASIBLE",0.0074521,0.0074251,41,56.94703110430444,56.9,0.0008265571933997308
nlpmodel,hinf3,13,16,"DUAL_INFEASIBLE",0.0074054,0.0073791,41,56.94703110430444,56.9,0.0008265571933997308
nlpmodel,hinf3,13,16,"DUAL_INFEASIBLE",0.0074176,0.0073941,41,56.94703110430444,56.9,0.0008265571933997308
nlpmodel,hinf3,13,16,"DUAL_INFEASIBLE",0.0074429,0.0074182,41,56.94703110430444,56.9,0.0008265571933997308
nlpmodel,hinf3,13,16,"DUAL_INFEASIBLE",0.0074991,0.0074749,41,56.94703110430444,56.9,0.0008265571933997308
nlpmodel,hinf3,13,16,"DUAL_INFEASIBLE",0.0074792,0.0074582,41,56.94703110430444,56.9,0.0008265571933997308
nlpmodel,hinf3,13,16,"DUAL_INFEASIBLE",0.0073375,0.0073149,41,56.94703110430444,56.9,0.0008265571933997308
nlpmodel,hinf3,13,16,"DUAL_INFEASIBLE",0.007455,0.0074308,41,56.94703110430444,56.9,0.0008265571933997308
nlpmodel,hinf3,13,16,"DUAL_INFEASIBLE",0.0074431,0.007417,41,56.94703110430444,56.9,0.0008265571933997308
nlpmodel,hinf3,13,16,"DUAL_INFEASIBLE",0.0074588,0.0074351,41,56.94703110430444,56.9,0.0008265571933997308
nlpmodel,hinf3,13,16,"DUAL_INFEASIBLE",0.0074833,0.0074589,41,56.94703110430444,56.9,0.0008265571933997308
nlpmodel,hinf3,13,16,"DUAL_INFEASIBLE",0.0091455,0.00912,41,56.94703110430444,56.9,0.0008265571933997308
nlpmodel,hinf3,13,16,"DUAL_INFEASIBLE",0.009557,0.0095291,41,56.94703110430444,56.9,0.0008265571933997308
nlpmodel,hinf3,13,16,"DUAL_INFEASIBLE",0.0097369,0.009696,41,56.94703110430444,56.9,0.0008265571933997308
nlpmodel,hinf3,13,16,"DUAL_INFEASIBLE",0.0096994,0.0096731,41,56.94703110430444,56.9,0.0008265571933997308
nlpmodel,hinf3,13,16,"DUAL_INFEASIBLE",0.0093838,0.009356,41,56.94703110430444,56.9,0.0008265571933997308
nlpmodel,hinf3,13,16,"DUAL_INFEASIBLE",0.0097341,0.009707,41,56.94703110430444,56.9,0.0008265571933997308
nlpmodel,hinf3,13,16,"DUAL_INFEASIBLE",0.0096058,0.0095789,41,56.94703110430444,56.9,0.0008265571933997308
nlpmodel,hinf3,13,16,"DUAL_INFEASIBLE",0.0096214,0.009594,41,56.94703110430444,56.9,0.0008265571933997308
nlpmodel,hinf3,13,16,"DUAL_INFEASIBLE",0.030462,0.030431,41,56.94703110430444,56.9,0.0008265571933997308
nlpmodel,hinf3,13,16,"DUAL_INFEASIBLE",0.0076734,0.007592,41,56.94703110430444,56.9,0.0008265571933997308
nlpmodel,hinf3,13,16,"DUAL_INFEASIBLE",0.007444,0.0074069,41,56.94703110430444,56.9,0.0008265571933997308
nlpmodel,hinf3,13,16,"DUAL_INFEASIBLE",0.0074418,0.007416,41,56.94703110430444,56.9,0.0008265571933997308
nlpmodel,hinf3,13,16,"DUAL_INFEASIBLE",0.0074643,0.0074379,41,56.94703110430444,56.9,0.0008265571933997308
nlpmodel,hinf3,13,16,"DUAL_INFEASIBLE",0.0074233,0.0073981,41,56.94703110430444,56.9,0.0008265571933997308
nlpmodel,hinf3,13,16,"DUAL_INFEASIBLE",0.0074736,0.0074489,41,56.94703110430444,56.9,0.0008265571933997308
nlpmodel,hinf3,13,16,"DUAL_INFEASIBLE",0.0075035,0.007479,41,56.94703110430444,56.9,0.0008265571933997308
nlpmodel,hinf3,13,16,"DUAL_INFEASIBLE",0.0074861,0.0074608,41,56.94703110430444,56.9,0.0008265571933997308
nlpmodel,hinf3,13,16,"DUAL_INFEASIBLE",0.0073908,0.0073671,41,56.94703110430444,56.9,0.0008265571933997308
nlpmodel,truss1,6,13,"OPTIMAL",0.0028626,0.0028138,11,-8.999996330786088,-8.999996,3.675402614605562e-8
nlpmodel,truss1,6,13,"OPTIMAL",0.0025753,0.0025501,11,-8.999996330786088,-8.999996,3.675402614605562e-8
nlpmodel,truss1,6,13,"OPTIMAL",0.0025764,0.002558,11,-8.999996330786088,-8.999996,3.675402614605562e-8
nlpmodel,truss1,6,13,"OPTIMAL",0.0025304,0.0025132,11,-8.999996330786088,-8.999996,3.675402614605562e-8
nlpmodel,truss1,6,13,"OPTIMAL",0.0025031,0.0024869,11,-8.999996330786088,-8.999996,3.675402614605562e-8
nlpmodel,truss1,6,13,"OPTIMAL",0.0025009,0.002485,11,-8.999996330786088,-8.999996,3.675402614605562e-8
nlpmodel,truss1,6,13,"OPTIMAL",0.0025726,0.002558,11,-8.999996330786088,-8.999996,3.675402614605562e-8
nlpmodel,truss1,6,13,"OPTIMAL",0.0024386,0.0024219,11,-8.999996330786088,-8.999996,3.675402614605562e-8
nlpmodel,truss1,6,13,"OPTIMAL",0.0025031,0.0024879,11,-8.999996330786088,-8.999996,3.675402614605562e-8
nlpmodel,truss1,6,13,"OPTIMAL",0.002522,0.002507,11,-8.999996330786088,-8.999996,3.675402614605562e-8
nlpmodel,truss1,6,13,"OPTIMAL",0.0026494,0.002635,11,-8.999996330786088,-8.999996,3.675402614605562e-8
nlpmodel,truss1,6,13,"OPTIMAL",0.0032661,0.0032501,11,-8.999996330786088,-8.999996,3.675402614605562e-8
nlpmodel,truss1,6,13,"OPTIMAL",0.0033343,0.003315,11,-8.999996330786088,-8.999996,3.675402614605562e-8
nlpmodel,truss1,6,13,"OPTIMAL",0.0032008,0.0031831,11,-8.999996330786088,-8.999996,3.675402614605562e-8
nlpmodel,truss1,6,13,"OPTIMAL",0.0033757,0.0033581,11,-8.999996330786088,-8.999996,3.675402614605562e-8
nlpmodel,truss1,6,13,"OPTIMAL",0.0033553,0.0033381,11,-8.999996330786088,-8.999996,3.675402614605562e-8
nlpmodel,truss1,6,13,"OPTIMAL",0.003194,0.003175,11,-8.999996330786088,-8.999996,3.675402614605562e-8
nlpmodel,truss1,6,13,"OPTIMAL",0.0031295,0.0031121,11,-8.999996330786088,-8.999996,3.675402614605562e-8
nlpmodel,truss1,6,13,"OPTIMAL",0.002782,0.0027661,11,-8.999996330786088,-8.999996,3.675402614605562e-8
nlpmodel,truss1,6,13,"OPTIMAL",0.0028174,0.0028019,11,-8.999996330786088,-8.999996,3.675402614605562e-8
nlpmodel,truss1,6,13,"OPTIMAL",0.0026738,0.00266,11,-8.999996330786088,-8.999996,3.675402614605562e-8
nlpmodel,truss1,6,13,"OPTIMAL",0.002576,0.002563,11,-8.999996330786088,-8.999996,3.675402614605562e-8
nlpmodel,truss1,6,13,"OPTIMAL",0.0024785,0.002466,11,-8.999996330786088,-8.999996,3.675402614605562e-8
nlpmodel,truss1,6,13,"OPTIMAL",0.0025924,0.002579,11,-8.999996330786088,-8.999996,3.675402614605562e-8
nlpmodel,truss1,6,13,"OPTIMAL",0.0024978,0.002485,11,-8.999996330786088,-8.999996,3.675402614605562e-8
nlpmodel,truss1,6,13,"OPTIMAL",0.0026137,0.0026009,11,-8.999996330786088,-8.999996,3.675402614605562e-8
nlpmodel,truss1,6,13,"OPTIMAL",0.0028172,0.002804,11,-8.999996330786088,-8.999996,3.675402614605562e-8
nlpmodel,truss1,6,13,"OPTIMAL",0.36617,0.36615,11,-8.999996330786088,-8.999996,3.675402614605562e-8
nlpmodel,truss1,6,13,"OPTIMAL",0.0020193,0.001965,11,-8.999996330786088,-8.999996,3.675402614605562e-8
nlpmodel,truss1,6,13,"OPTIMAL",0.0019826,0.0019641,11,-8.999996330786088,-8.999996,3.675402614605562e-8
nlpmodel,truss1,6,13,"OPTIMAL",0.0019421,0.001929,11,-8.999996330786088,-8.999996,3.675402614605562e-8
nlpmodel,truss1,6,13,"OPTIMAL",0.0019932,0.001981,11,-8.999996330786088,-8.999996,3.675402614605562e-8
nlpmodel,hinf1,13,14,"DUAL_INFEASIBLE",0.0046951,0.0045972,23,2.0326584879025704,2.0326,2.8774920087798274e-5
nlpmodel,hinf1,13,14,"DUAL_INFEASIBLE",0.0048745,0.0047791,23,2.0326584879025704,2.0326,2.8774920087798274e-5
nlpmodel,hinf1,13,14,"DUAL_INFEASIBLE",0.0038346,0.0038018,23,2.0326584879025704,2.0326,2.8774920087798274e-5
nlpmodel,hinf1,13,14,"DUAL_INFEASIBLE",0.0038435,0.0038211,23,2.0326584879025704,2.0326,2.8774920087798274e-5
nlpmodel,hinf1,13,14,"DUAL_INFEASIBLE",0.003788,0.003767,23,2.0326584879025704,2.0326,2.8774920087798274e-5
nlpmodel,hinf1,13,14,"DUAL_INFEASIBLE",0.0037912,0.0037699,23,2.0326584879025704,2.0326,2.8774920087798274e-5
nlpmodel,hinf1,13,14,"DUAL_INFEASIBLE",0.0037955,0.0037761,23,2.0326584879025704,2.0326,2.8774920087798274e-5
nlpmodel,hinf1,13,14,"DUAL_INFEASIBLE",0.0037475,0.0037279,23,2.0326584879025704,2.0326,2.8774920087798274e-5
nlpmodel,hinf1,13,14,"DUAL_INFEASIBLE",0.0037552,0.003737,23,2.0326584879025704,2.0326,2.8774920087798274e-5
nlpmodel,hinf1,13,14,"DUAL_INFEASIBLE",0.0037524,0.0037341,23,2.0326584879025704,2.0326,2.8774920087798274e-5
nlpmodel,hinf1,13,14,"DUAL_INFEASIBLE",0.0038208,0.0038028,23,2.0326584879025704,2.0326,2.8774920087798274e-5
nlpmodel,hinf1,13,14,"DUAL_INFEASIBLE",0.0037687,0.0037491,23,2.0326584879025704,2.0326,2.8774920087798274e-5
nlpmodel,hinf1,13,14,"DUAL_INFEASIBLE",0.0037375,0.0037191,23,2.0326584879025704,2.0326,2.8774920087798274e-5
nlpmodel,hinf1,13,14,"DUAL_INFEASIBLE",0.0037491,0.0037308,23,2.0326584879025704,2.0326,2.8774920087798274e-5
nlpmodel,hinf1,13,14,"DUAL_INFEASIBLE",0.0037692,0.0037501,23,2.0326584879025704,2.0326,2.8774920087798274e-5
nlpmodel,hinf1,13,14,"DUAL_INFEASIBLE",0.0037488,0.0037298,23,2.0326584879025704,2.0326,2.8774920087798274e-5
nlpmodel,hinf1,13,14,"DUAL_INFEASIBLE",0.003693,0.003674,23,2.0326584879025704,2.0326,2.8774920087798274e-5
nlpmodel,hinf1,13,14,"DUAL_INFEASIBLE",0.0037665,0.0037491,23,2.0326584879025704,2.0326,2.8774920087798274e-5
nlpmodel,hinf1,13,14,"DUAL_INFEASIBLE",0.0037074,0.0036879,23,2.0326584879025704,2.0326,2.8774920087798274e-5
nlpmodel,hinf1,13,14,"DUAL_INFEASIBLE",0.0038127,0.003794,23,2.0326584879025704,2.0326,2.8774920087798274e-5
nlpmodel,hinf1,13,14,"DUAL_INFEASIBLE",0.0037596,0.0037401,23,2.0326584879025704,2.0326,2.8774920087798274e-5
nlpmodel,hinf1,13,14,"DUAL_INFEASIBLE",0.0037746,0.003756,23,2.0326584879025704,2.0326,2.8774920087798274e-5
nlpmodel,hinf1,13,14,"DUAL_INFEASIBLE",0.0037907,0.0037701,23,2.0326584879025704,2.0326,2.8774920087798274e-5
nlpmodel,hinf1,13,14,"DUAL_INFEASIBLE",0.0037943,0.0037739,23,2.0326584879025704,2.0326,2.8774920087798274e-5
nlpmodel,hinf1,13,14,"DUAL_INFEASIBLE",0.0037802,0.0037611,23,2.0326584879025704,2.0326,2.8774920087798274e-5
nlpmodel,hinf1,13,14,"DUAL_INFEASIBLE",0.0037429,0.0037251,23,2.0326584879025704,2.0326,2.8774920087798274e-5
nlpmodel,hinf1,13,14,"DUAL_INFEASIBLE",0.0037349,0.0037169,23,2.0326584879025704,2.0326,2.8774920087798274e-5
nlpmodel,hinf1,13,14,"DUAL_INFEASIBLE",0.0037272,0.0037081,23,2.0326584879025704,2.0326,2.8774920087798274e-5
nlpmodel,hinf1,13,14,"DUAL_INFEASIBLE",0.0037558,0.0037382,23,2.0326584879025704,2.0326,2.8774920087798274e-5
nlpmodel,hinf1,13,14,"DUAL_INFEASIBLE",0.0043004,0.0042839,23,2.0326584879025704,2.0326,2.8774920087798274e-5
nlpmodel,hinf1,13,14,"DUAL_INFEASIBLE",0.0048411,0.0048192,23,2.0326584879025704,2.0326,2.8774920087798274e-5
nlpmodel,hinf1,13,14,"DUAL_INFEASIBLE",0.0049883,0.0049639,23,2.0326584879025704,2.0326,2.8774920087798274e-5
nlpmodel,control1,21,15,"OPTIMAL",0.0067581,0.0067229,24,17.78462792021052,17.78463,1.1694308391095291e-7
nlpmodel,control1,21,15,"OPTIMAL",0.0065126,0.0064781,24,17.78462792021052,17.78463,1.1694308391095291e-7
nlpmodel,control1,21,15,"OPTIMAL",0.0044767,0.0044522,24,17.78462792021052,17.78463,1.1694308391095291e-7
nlpmodel,control1,21,15,"OPTIMAL",0.0033217,0.003305,24,17.78462792021052,17.78463,1.1694308391095291e-7
nlpmodel,control1,21,15,"OPTIMAL",0.0026647,0.0026531,24,17.78462792021052,17.78463,1.1694308391095291e-7
nlpmodel,control1,21,15,"OPTIMAL",0.0028131,0.0028012,24,17.78462792021052,17.78463,1.1694308391095291e-7
nlpmodel,control1,21,15,"OPTIMAL",0.00274,0.002728,24,17.78462792021052,17.78463,1.1694308391095291e-7
nlpmodel,control1,21,15,"OPTIMAL",0.0028366,0.002825,24,17.78462792021052,17.78463,1.1694308391095291e-7
nlpmodel,control1,21,15,"OPTIMAL",0.0030511,0.0030401,24,17.78462792021052,17.78463,1.1694308391095291e-7
nlpmodel,control1,21,15,"OPTIMAL",0.002926,0.002914,24,17.78462792021052,17.78463,1.1694308391095291e-7
nlpmodel,control1,21,15,"OPTIMAL",0.0028758,0.0028641,24,17.78462792021052,17.78463,1.1694308391095291e-7
nlpmodel,control1,21,15,"OPTIMAL",0.0030112,0.0029998,24,17.78462792021052,17.78463,1.1694308391095291e-7
nlpmodel,control1,21,15,"OPTIMAL",0.0028829,0.002871,24,17.78462792021052,17.78463,1.1694308391095291e-7
nlpmodel,control1,21,15,"OPTIMAL",0.0028594,0.0028481,24,17.78462792021052,17.78463,1.1694308391095291e-7
nlpmodel,control1,21,15,"OPTIMAL",0.023738,0.023723,24,17.78462792021052,17.78463,1.1694308391095291e-7
nlpmodel,control1,21,15,"OPTIMAL",0.0023046,0.0022678,24,17.78462792021052,17.78463,1.1694308391095291e-7
nlpmodel,control1,21,15,"OPTIMAL",0.0022294,0.0022159,24,17.78462792021052,17.78463,1.1694308391095291e-7
nlpmodel,control1,21,15,"OPTIMAL",0.0022381,0.0022271,24,17.78462792021052,17.78463,1.1694308391095291e-7
nlpmodel,control1,21,15,"OPTIMAL",0.0022241,0.002214,24,17.78462792021052,17.78463,1.1694308391095291e-7
nlpmodel,control1,21,15,"OPTIMAL",0.002238,0.0022271,24,17.78462792021052,17.78463,1.1694308391095291e-7
nlpmodel,control1,21,15,"OPTIMAL",0.0022259,0.0022149,24,17.78462792021052,17.78463,1.1694308391095291e-7
nlpmodel,control1,21,15,"OPTIMAL",0.0022308,0.0022199,24,17.78462792021052,17.78463,1.1694308391095291e-7
nlpmodel,control1,21,15,"OPTIMAL",0.002225,0.0022149,24,17.78462792021052,17.78463,1.1694308391095291e-7
nlpmodel,control1,21,15,"OPTIMAL",0.0022483,0.0022371,24,17.78462792021052,17.78463,1.1694308391095291e-7
nlpmodel,control1,21,15,"OPTIMAL",0.0022214,0.0022111,24,17.78462792021052,17.78463,1.1694308391095291e-7
nlpmodel,control1,21,15,"OPTIMAL",0.0022069,0.002197,24,17.78462792021052,17.78463,1.1694308391095291e-7
nlpmodel,control1,21,15,"OPTIMAL",0.0022186,0.002208,24,17.78462792021052,17.78463,1.1694308391095291e-7
nlpmodel,control1,21,15,"OPTIMAL",0.0022203,0.0022101,24,17.78462792021052,17.78463,1.1694308391095291e-7
nlpmodel,control1,21,15,"OPTIMAL",0.0022074,0.0021968,24,17.78462792021052,17.78463,1.1694308391095291e-7
nlpmodel,control1,21,15,"OPTIMAL",0.0021954,0.0021851,24,17.78462792021052,17.78463,1.1694308391095291e-7
nlpmodel,control1,21,15,"OPTIMAL",0.0022082,0.002197,24,17.78462792021052,17.78463,1.1694308391095291e-7
nlpmodel,control1,21,15,"OPTIMAL",0.0022036,0.0021939,24,17.78462792021052,17.78463,1.1694308391095291e-7
nlpmodel,hinf2,13,16,"DUAL_INFEASIBLE",0.0068492,0.0067921,31,10.967242316783308,10.967,2.2095083733675302e-5
nlpmodel,hinf2,13,16,"DUAL_INFEASIBLE",0.0052057,0.005167,31,10.967242316783308,10.967,2.2095083733675302e-5
nlpmodel,hinf2,13,16,"DUAL_INFEASIBLE",0.0039912,0.0039721,31,10.967242316783308,10.967,2.2095083733675302e-5
nlpmodel,hinf2,13,16,"DUAL_INFEASIBLE",0.003206,0.0031931,31,10.967242316783308,10.967,2.2095083733675302e-5
nlpmodel,hinf2,13,16,"DUAL_INFEASIBLE",0.013645,0.013631,31,10.967242316783308,10.967,2.2095083733675302e-5
nlpmodel,hinf2,13,16,"DUAL_INFEASIBLE",0.0026422,0.002615,31,10.967242316783308,10.967,2.2095083733675302e-5
nlpmodel,hinf2,13,16,"DUAL_INFEASIBLE",0.0025919,0.0025799,31,10.967242316783308,10.967,2.2095083733675302e-5
nlpmodel,hinf2,13,16,"DUAL_INFEASIBLE",0.0025891,0.0025768,31,10.967242316783308,10.967,2.2095083733675302e-5
nlpmodel,hinf2,13,16,"DUAL_INFEASIBLE",0.0025924,0.0025821,31,10.967242316783308,10.967,2.2095083733675302e-5
nlpmodel,hinf2,13,16,"DUAL_INFEASIBLE",0.002741,0.0027299,31,10.967242316783308,10.967,2.2095083733675302e-5
nlpmodel,hinf2,13,16,"DUAL_INFEASIBLE",0.0025748,0.002563,31,10.967242316783308,10.967,2.2095083733675302e-5
nlpmodel,hinf2,13,16,"DUAL_INFEASIBLE",0.0025814,0.0025709,31,10.967242316783308,10.967,2.2095083733675302e-5
nlpmodel,hinf2,13,16,"DUAL_INFEASIBLE",0.0025614,0.0025508,31,10.967242316783308,10.967,2.2095083733675302e-5
nlpmodel,hinf2,13,16,"DUAL_INFEASIBLE",0.0025709,0.0025611,31,10.967242316783308,10.967,2.2095083733675302e-5
nlpmodel,hinf2,13,16,"DUAL_INFEASIBLE",0.0025648,0.0025542,31,10.967242316783308,10.967,2.2095083733675302e-5
nlpmodel,hinf2,13,16,"DUAL_INFEASIBLE",0.002581,0.0025711,31,10.967242316783308,10.967,2.2095083733675302e-5
nlpmodel,hinf2,13,16,"DUAL_INFEASIBLE",0.0025786,0.002568,31,10.967242316783308,10.967,2.2095083733675302e-5
nlpmodel,hinf2,13,16,"DUAL_INFEASIBLE",0.0025752,0.002564,31,10.967242316783308,10.967,2.2095083733675302e-5
nlpmodel,hinf2,13,16,"DUAL_INFEASIBLE",0.0026125,0.0026021,31,10.967242316783308,10.967,2.2095083733675302e-5
nlpmodel,hinf2,13,16,"DUAL_INFEASIBLE",0.0026009,0.0025911,31,10.967242316783308,10.967,2.2095083733675302e-5
nlpmodel,hinf2,13,16,"DUAL_INFEASIBLE",0.0026174,0.0026081,31,10.967242316783308,10.967,2.2095083733675302e-5
nlpmodel,hinf2,13,16,"DUAL_INFEASIBLE",0.0026028,0.002593,31,10.967242316783308,10.967,2.2095083733675302e-5
nlpmodel,hinf2,13,16,"DUAL_INFEASIBLE",0.0026058,0.0025949,31,10.967242316783308,10.967,2.2095083733675302e-5
nlpmodel,hinf2,13,16,"DUAL_INFEASIBLE",0.0030408,0.003031,31,10.967242316783308,10.967,2.2095083733675302e-5
nlpmodel,hinf2,13,16,"DUAL_INFEASIBLE",0.0033108,0.003299,31,10.967242316783308,10.967,2.2095083733675302e-5
nlpmodel,hinf2,13,16,"DUAL_INFEASIBLE",0.0086557,0.0086439,31,10.967242316783308,10.967,2.2095083733675302e-5
nlpmodel,hinf2,13,16,"DUAL_INFEASIBLE",0.0025861,0.002568,31,10.967242316783308,10.967,2.2095083733675302e-5
nlpmodel,hinf2,13,16,"DUAL_INFEASIBLE",0.0025832,0.0025711,31,10.967242316783308,10.967,2.2095083733675302e-5
nlpmodel,hinf2,13,16,"DUAL_INFEASIBLE",0.0025888,0.002578,31,10.967242316783308,10.967,2.2095083733675302e-5
nlpmodel,hinf2,13,16,"DUAL_INFEASIBLE",0.0025896,0.002579,31,10.967242316783308,10.967,2.2095083733675302e-5
nlpmodel,hinf2,13,16,"DUAL_INFEASIBLE",0.0026118,0.0026009,31,10.967242316783308,10.967,2.2095083733675302e-5
nlpmodel,hinf2,13,16,"DUAL_INFEASIBLE",0.0026651,0.0026541,31,10.967242316783308,10.967,2.2095083733675302e-5
nlpmodel,hinf3,13,16,"DUAL_INFEASIBLE",0.0089922,0.008935,41,56.94703110430444,56.9,0.0008265571933997308
nlpmodel,hinf3,13,16,"DUAL_INFEASIBLE",0.0062712,0.0062261,41,56.94703110430444,56.9,0.0008265571933997308
nlpmodel,hinf3,13,16,"DUAL_INFEASIBLE",0.0039054,0.0038872,41,56.94703110430444,56.9,0.0008265571933997308
nlpmodel,hinf3,13,16,"DUAL_INFEASIBLE",0.0032987,0.0032868,41,56.94703110430444,56.9,0.0008265571933997308
nlpmodel,hinf3,13,16,"DUAL_INFEASIBLE",0.0033775,0.0033648,41,56.94703110430444,56.9,0.0008265571933997308
nlpmodel,hinf3,13,16,"DUAL_INFEASIBLE",0.0034252,0.0034132,41,56.94703110430444,56.9,0.0008265571933997308
nlpmodel,hinf3,13,16,"DUAL_INFEASIBLE",0.0091562,0.0091429,41,56.94703110430444,56.9,0.0008265571933997308
nlpmodel,hinf3,13,16,"DUAL_INFEASIBLE",0.0034007,0.003381,41,56.94703110430444,56.9,0.0008265571933997308
nlpmodel,hinf3,13,16,"DUAL_INFEASIBLE",0.0034628,0.0034509,41,56.94703110430444,56.9,0.0008265571933997308
nlpmodel,hinf3,13,16,"DUAL_INFEASIBLE",0.0034522,0.0034411,41,56.94703110430444,56.9,0.0008265571933997308
nlpmodel,hinf3,13,16,"DUAL_INFEASIBLE",0.0034395,0.003428,41,56.94703110430444,56.9,0.0008265571933997308
nlpmodel,hinf3,13,16,"DUAL_INFEASIBLE",0.0034235,0.003412,41,56.94703110430444,56.9,0.0008265571933997308
nlpmodel,hinf3,13,16,"DUAL_INFEASIBLE",0.0034082,0.0033941,41,56.94703110430444,56.9,0.0008265571933997308
nlpmodel,hinf3,13,16,"DUAL_INFEASIBLE",0.0034157,0.0034039,41,56.94703110430444,56.9,0.0008265571933997308
nlpmodel,hinf3,13,16,"DUAL_INFEASIBLE",0.003415,0.0034039,41,56.94703110430444,56.9,0.0008265571933997308
nlpmodel,hinf3,13,16,"DUAL_INFEASIBLE",0.0034498,0.003438,41,56.94703110430444,56.9,0.0008265571933997308
nlpmodel,hinf3,13,16,"DUAL_INFEASIBLE",0.0034347,0.003423,41,56.94703110430444,56.9,0.0008265571933997308
nlpmodel,hinf3,13,16,"DUAL_INFEASIBLE",0.0079444,0.0079322,41,56.94703110430444,56.9,0.0008265571933997308
nlpmodel,hinf3,13,16,"DUAL_INFEASIBLE",0.0034238,0.0034039,41,56.94703110430444,56.9,0.0008265571933997308
nlpmodel,hinf3,13,16,"DUAL_INFEASIBLE",0.0034505,0.003438,41,56.94703110430444,56.9,0.0008265571933997308
nlpmodel,hinf3,13,16,"DUAL_INFEASIBLE",0.0034578,0.0034461,41,56.94703110430444,56.9,0.0008265571933997308
nlpmodel,hinf3,13,16,"DUAL_INFEASIBLE",0.0034409,0.0034289,41,56.94703110430444,56.9,0.0008265571933997308
nlpmodel,hinf3,13,16,"DUAL_INFEASIBLE",0.0034372,0.0034261,41,56.94703110430444,56.9,0.0008265571933997308
nlpmodel,hinf3,13,16,"DUAL_INFEASIBLE",0.0034576,0.0034459,41,56.94703110430444,56.9,0.0008265571933997308
nlpmodel,hinf3,13,16,"DUAL_INFEASIBLE",0.0034438,0.0034308,41,56.94703110430444,56.9,0.0008265571933997308
nlpmodel,hinf3,13,16,"DUAL_INFEASIBLE",0.003426,0.0034151,41,56.94703110430444,56.9,0.0008265571933997308
nlpmodel,hinf3,13,16,"DUAL_INFEASIBLE",0.003445,0.003433,41,56.94703110430444,56.9,0.0008265571933997308
nlpmodel,hinf3,13,16,"DUAL_INFEASIBLE",0.0075532,0.0075409,41,56.94703110430444,56.9,0.0008265571933997308
nlpmodel,hinf3,13,16,"DUAL_INFEASIBLE",0.003462,0.0034339,41,56.94703110430444,56.9,0.0008265571933997308
nlpmodel,hinf3,13,16,"DUAL_INFEASIBLE",0.003442,0.0034289,41,56.94703110430444,56.9,0.0008265571933997308
nlpmodel,hinf3,13,16,"DUAL_INFEASIBLE",0.0034383,0.0034261,41,56.94703110430444,56.9,0.0008265571933997308
nlpmodel,hinf3,13,16,"DUAL_INFEASIBLE",0.0034206,0.003408,41,56.94703110430444,56.9,0.0008265571933997308
nlpmodel,hinf4,13,16,"DUAL_INFEASIBLE",0.0066484,0.006598,29,274.76455796016467,274.764,2.0306887534608753e-6
nlpmodel,hinf4,13,16,"DUAL_INFEASIBLE",0.0062085,0.006175,29,274.76455796016467,274.764,2.0306887534608753e-6
nlpmodel,hinf4,13,16,"DUAL_INFEASIBLE",0.004241,0.0042188,29,274.76455796016467,274.764,2.0306887534608753e-6
nlpmodel,hinf4,13,16,"DUAL_INFEASIBLE",0.0029278,0.0029111,29,274.76455796016467,274.764,2.0306887534608753e-6
nlpmodel,hinf4,13,16,"DUAL_INFEASIBLE",0.0023705,0.0023589,29,274.76455796016467,274.764,2.0306887534608753e-6
nlpmodel,hinf4,13,16,"DUAL_INFEASIBLE",0.0069636,0.006953,29,274.76455796016467,274.764,2.0306887534608753e-6
nlpmodel,hinf4,13,16,"DUAL_INFEASIBLE",0.0024384,0.002418,29,274.76455796016467,274.764,2.0306887534608753e-6
nlpmodel,hinf4,13,16,"DUAL_INFEASIBLE",0.0024337,0.0024221,29,274.76455796016467,274.764,2.0306887534608753e-6
nlpmodel,hinf4,13,16,"DUAL_INFEASIBLE",0.0024254,0.0024152,29,274.76455796016467,274.764,2.0306887534608753e-6
nlpmodel,hinf4,13,16,"DUAL_INFEASIBLE",0.0024336,0.002423,29,274.76455796016467,274.764,2.0306887534608753e-6
nlpmodel,hinf4,13,16,"DUAL_INFEASIBLE",0.0024238,0.002414,29,274.76455796016467,274.764,2.0306887534608753e-6
nlpmodel,hinf4,13,16,"DUAL_INFEASIBLE",0.0024526,0.002429,29,274.76455796016467,274.764,2.0306887534608753e-6
nlpmodel,hinf4,13,16,"DUAL_INFEASIBLE",0.0024135,0.002403,29,274.76455796016467,274.764,2.0306887534608753e-6
nlpmodel,hinf4,13,16,"DUAL_INFEASIBLE",0.0024187,0.002409,29,274.76455796016467,274.764,2.0306887534608753e-6
nlpmodel,hinf4,13,16,"DUAL_INFEASIBLE",0.0024198,0.0024099,29,274.76455796016467,274.764,2.0306887534608753e-6
nlpmodel,hinf4,13,16,"DUAL_INFEASIBLE",0.0024416,0.0024312,29,274.76455796016467,274.764,2.0306887534608753e-6
nlpmodel,hinf4,13,16,"DUAL_INFEASIBLE",0.0024167,0.0024071,29,274.76455796016467,274.764,2.0306887534608753e-6
nlpmodel,hinf4,13,16,"DUAL_INFEASIBLE",0.0024249,0.0024152,29,274.76455796016467,274.764,2.0306887534608753e-6
nlpmodel,hinf4,13,16,"DUAL_INFEASIBLE",0.0068588,0.0068462,29,274.76455796016467,274.764,2.0306887534608753e-6
nlpmodel,hinf4,13,16,"DUAL_INFEASIBLE",0.0024913,0.0024691,29,274.76455796016467,274.764,2.0306887534608753e-6
nlpmodel,hinf4,13,16,"DUAL_INFEASIBLE",0.0024265,0.002414,29,274.76455796016467,274.764,2.0306887534608753e-6
nlpmodel,hinf4,13,16,"DUAL_INFEASIBLE",0.0024375,0.0024261,29,274.76455796016467,274.764,2.0306887534608753e-6
nlpmodel,hinf4,13,16,"DUAL_INFEASIBLE",0.0024388,0.0024281,29,274.76455796016467,274.764,2.0306887534608753e-6
nlpmodel,hinf4,13,16,"DUAL_INFEASIBLE",0.0024304,0.0024199,29,274.76455796016467,274.764,2.0306887534608753e-6
nlpmodel,hinf4,13,16,"DUAL_INFEASIBLE",0.0024262,0.0024159,29,274.76455796016467,274.764,2.0306887534608753e-6
nlpmodel,hinf4,13,16,"DUAL_INFEASIBLE",0.0024278,0.0024168,29,274.76455796016467,274.764,2.0306887534608753e-6
nlpmodel,hinf4,13,16,"DUAL_INFEASIBLE",0.0024316,0.0024199,29,274.76455796016467,274.764,2.0306887534608753e-6
nlpmodel,hinf4,13,16,"DUAL_INFEASIBLE",0.0024189,0.002408,29,274.76455796016467,274.764,2.0306887534608753e-6
nlpmodel,hinf4,13,16,"DUAL_INFEASIBLE",0.0024478,0.0024369,29,274.76455796016467,274.764,2.0306887534608753e-6
nlpmodel,hinf4,13,16,"DUAL_INFEASIBLE",0.0024634,0.0024531,29,274.76455796016467,274.764,2.0306887534608753e-6
nlpmodel,hinf4,13,16,"DUAL_INFEASIBLE",0.0024775,0.0024669,29,274.76455796016467,274.764,2.0306887534608753e-6
nlpmodel,hinf4,13,16,"DUAL_INFEASIBLE",0.0067931,0.006783,29,274.76455796016467,274.764,2.0306887534608753e-6
nlpmodel,hinf5,13,16,"DUAL_INFEASIBLE",0.0067871,0.006732,28,362.7879816032034,363.0,0.0005840727184479964
nlpmodel,hinf5,13,16,"DUAL_INFEASIBLE",0.0058831,0.005851,28,362.7879816032034,363.0,0.0005840727184479964
nlpmodel,hinf5,13,16,"DUAL_INFEASIBLE",0.0040398,0.004019,28,362.7879816032034,363.0,0.0005840727184479964
nlpmodel,hinf5,13,16,"DUAL_INFEASIBLE",0.0028649,0.0028489,28,362.7879816032034,363.0,0.0005840727184479964
nlpmodel,hinf5,13,16,"DUAL_INFEASIBLE",0.002377,0.0023651,28,362.7879816032034,363.0,0.0005840727184479964
nlpmodel,hinf5,13,16,"DUAL_INFEASIBLE",0.0024608,0.002449,28,362.7879816032034,363.0,0.0005840727184479964
nlpmodel,hinf5,13,16,"DUAL_INFEASIBLE",0.0024912,0.0024791,28,362.7879816032034,363.0,0.0005840727184479964
nlpmodel,hinf5,13,16,"DUAL_INFEASIBLE",0.0024795,0.0024691,28,362.7879816032034,363.0,0.0005840727184479964
nlpmodel,hinf5,13,16,"DUAL_INFEASIBLE",0.0024699,0.002459,28,362.7879816032034,363.0,0.0005840727184479964
nlpmodel,hinf5,13,16,"DUAL_INFEASIBLE",0.0024835,0.0024729,28,362.7879816032034,363.0,0.0005840727184479964
nlpmodel,hinf5,13,16,"DUAL_INFEASIBLE",0.0024625,0.0024519,28,362.7879816032034,363.0,0.0005840727184479964
nlpmodel,hinf5,13,16,"DUAL_INFEASIBLE",0.0069644,0.006953,28,362.7879816032034,363.0,0.0005840727184479964
nlpmodel,hinf5,13,16,"DUAL_INFEASIBLE",0.0024761,0.0024569,28,362.7879816032034,363.0,0.0005840727184479964
nlpmodel,hinf5,13,16,"DUAL_INFEASIBLE",0.0024732,0.0024619,28,362.7879816032034,363.0,0.0005840727184479964
nlpmodel,hinf5,13,16,"DUAL_INFEASIBLE",0.0024639,0.0024531,28,362.7879816032034,363.0,0.0005840727184479964
nlpmodel,hinf5,13,16,"DUAL_INFEASIBLE",0.0024752,0.0024638,28,362.7879816032034,363.0,0.0005840727184479964
nlpmodel,hinf5,13,16,"DUAL_INFEASIBLE",0.0024463,0.0024359,28,362.7879816032034,363.0,0.0005840727184479964
nlpmodel,hinf5,13,16,"DUAL_INFEASIBLE",0.0024504,0.00244,28,362.7879816032034,363.0,0.0005840727184479964
nlpmodel,hinf5,13,16,"DUAL_INFEASIBLE",0.0024346,0.002424,28,362.7879816032034,363.0,0.0005840727184479964
nlpmodel,hinf5,13,16,"DUAL_INFEASIBLE",0.0024537,0.0024431,28,362.7879816032034,363.0,0.0005840727184479964
nlpmodel,hinf5,13,16,"DUAL_INFEASIBLE",0.002444,0.002434,28,362.7879816032034,363.0,0.0005840727184479964
nlpmodel,hinf5,13,16,"DUAL_INFEASIBLE",0.0025205,0.0025091,28,362.7879816032034,363.0,0.0005840727184479964
nlpmodel,hinf5,13,16,"DUAL_INFEASIBLE",0.0024801,0.00247,28,362.7879816032034,363.0,0.0005840727184479964
nlpmodel,hinf5,13,16,"DUAL_INFEASIBLE",0.0068967,0.006886,28,362.7879816032034,363.0,0.0005840727184479964
nlpmodel,hinf5,13,16,"DUAL_INFEASIBLE",0.0024746,0.0024559,28,362.7879816032034,363.0,0.0005840727184479964
nlpmodel,hinf5,13,16,"DUAL_INFEASIBLE",0.0024886,0.0024772,28,362.7879816032034,363.0,0.0005840727184479964
nlpmodel,hinf5,13,16,"DUAL_INFEASIBLE",0.0024784,0.0024672,28,362.7879816032034,363.0,0.0005840727184479964
nlpmodel,hinf5,13,16,"DUAL_INFEASIBLE",0.0025127,0.002501,28,362.7879816032034,363.0,0.0005840727184479964
nlpmodel,hinf5,13,16,"DUAL_INFEASIBLE",0.0024653,0.002454,28,362.7879816032034,363.0,0.0005840727184479964
nlpmodel,hinf5,13,16,"DUAL_INFEASIBLE",0.0024654,0.002455,28,362.7879816032034,363.0,0.0005840727184479964
nlpmodel,hinf5,13,16,"DUAL_INFEASIBLE",0.0024955,0.0024848,28,362.7879816032034,363.0,0.0005840727184479964
nlpmodel,hinf5,13,16,"DUAL_INFEASIBLE",0.0024766,0.002466,28,362.7879816032034,363.0,0.0005840727184479964
nlpmodel,hinf6,13,16,"DUAL_INFEASIBLE",0.0071393,0.0070891,31,448.94406602646774,449.0,0.00012457455129679816
nlpmodel,hinf6,13,16,"DUAL_INFEASIBLE",0.0058404,0.0058079,31,448.94406602646774,449.0,0.00012457455129679816
nlpmodel,hinf6,13,16,"DUAL_INFEASIBLE",0.0088299,0.0088069,31,448.94406602646774,449.0,0.00012457455129679816
nlpmodel,hinf6,13,16,"DUAL_INFEASIBLE",0.002516,0.002496,31,448.94406602646774,449.0,0.00012457455129679816
nlpmodel,hinf6,13,16,"DUAL_INFEASIBLE",0.0025673,0.0025561,31,448.94406602646774,449.0,0.00012457455129679816
nlpmodel,hinf6,13,16,"DUAL_INFEASIBLE",0.0025998,0.002588,31,448.94406602646774,449.0,0.00012457455129679816
nlpmodel,hinf6,13,16,"DUAL_INFEASIBLE",0.0026114,0.0026009,31,448.94406602646774,449.0,0.00012457455129679816
nlpmodel,hinf6,13,16,"DUAL_INFEASIBLE",0.0026048,0.002594,31,448.94406602646774,449.0,0.00012457455129679816
nlpmodel,hinf6,13,16,"DUAL_INFEASIBLE",0.0026015,0.0025902,31,448.94406602646774,449.0,0.00012457455129679816
nlpmodel,hinf6,13,16,"DUAL_INFEASIBLE",0.0025638,0.002553,31,448.94406602646774,449.0,0.00012457455129679816
nlpmodel,hinf6,13,16,"DUAL_INFEASIBLE",0.0025651,0.0025551,31,448.94406602646774,449.0,0.00012457455129679816
nlpmodel,hinf6,13,16,"DUAL_INFEASIBLE",0.0025601,0.0025501,31,448.94406602646774,449.0,0.00012457455129679816
nlpmodel,hinf6,13,16,"DUAL_INFEASIBLE",0.0025868,0.0025771,31,448.94406602646774,449.0,0.00012457455129679816
nlpmodel,hinf6,13,16,"DUAL_INFEASIBLE",0.0025945,0.002584,31,448.94406602646774,449.0,0.00012457455129679816
nlpmodel,hinf6,13,16,"DUAL_INFEASIBLE",0.0072179,0.0072069,31,448.94406602646774,449.0,0.00012457455129679816
nlpmodel,hinf6,13,16,"DUAL_INFEASIBLE",0.0025825,0.002563,31,448.94406602646774,449.0,0.00012457455129679816
nlpmodel,hinf6,13,16,"DUAL_INFEASIBLE",0.0025889,0.0025771,31,448.94406602646774,449.0,0.00012457455129679816
nlpmodel,hinf6,13,16,"DUAL_INFEASIBLE",0.0026249,0.0026131,31,448.94406602646774,449.0,0.00012457455129679816
nlpmodel,hinf6,13,16,"DUAL_INFEASIBLE",0.0026472,0.002636,31,448.94406602646774,449.0,0.00012457455129679816
nlpmodel,hinf6,13,16,"DUAL_INFEASIBLE",0.0026212,0.00261,31,448.94406602646774,449.0,0.00012457455129679816
nlpmodel,hinf6,13,16,"DUAL_INFEASIBLE",0.00263,0.002619,31,448.94406602646774,449.0,0.00012457455129679816
nlpmodel,hinf6,13,16,"DUAL_INFEASIBLE",0.0026329,0.0026221,31,448.94406602646774,449.0,0.00012457455129679816
nlpmodel,hinf6,13,16,"DUAL_INFEASIBLE",0.0026512,0.0026412,31,448.94406602646774,449.0,0.00012457455129679816
nlpmodel,hinf6,13,16,"DUAL_INFEASIBLE",0.0026406,0.00263,31,448.94406602646774,449.0,0.00012457455129679816
nlpmodel,hinf6,13,16,"DUAL_INFEASIBLE",0.0026567,0.002646,31,448.94406602646774,449.0,0.00012457455129679816
nlpmodel,hinf6,13,16,"DUAL_INFEASIBLE",0.0026758,0.002665,31,448.94406602646774,449.0,0.00012457455129679816
nlpmodel,hinf6,13,16,"DUAL_INFEASIBLE",0.002662,0.0026522,31,448.94406602646774,449.0,0.00012457455129679816
nlpmodel,hinf6,13,16,"DUAL_INFEASIBLE",0.0069711,0.0069602,31,448.94406602646774,449.0,0.00012457455129679816
nlpmodel,hinf6,13,16,"DUAL_INFEASIBLE",0.0026208,0.0025959,31,448.94406602646774,449.0,0.00012457455129679816
nlpmodel,hinf6,13,16,"DUAL_INFEASIBLE",0.0026349,0.0026228,31,448.94406602646774,449.0,0.00012457455129679816
nlpmodel,hinf6,13,16,"DUAL_INFEASIBLE",0.0026327,0.0026209,31,448.94406602646774,449.0,0.00012457455129679816
nlpmodel,hinf6,13,16,"DUAL_INFEASIBLE",0.002655,0.0026431,31,448.94406602646774,449.0,0.00012457455129679816
nlpmodel,hinf7,13,16,"DUAL_INFEASIBLE",0.0055884,0.005542,24,390.8162741234528,391.0,0.0004698871522946657
nlpmodel,hinf7,13,16,"DUAL_INFEASIBLE",0.005376,0.0053449,24,390.8162741234528,391.0,0.0004698871522946657
nlpmodel,hinf7,13,16,"DUAL_INFEASIBLE",0.0040853,0.004061,24,390.8162741234528,391.0,0.0004698871522946657
nlpmodel,hinf7,13,16,"DUAL_INFEASIBLE",0.0028695,0.0028529,24,390.8162741234528,391.0,0.0004698871522946657
nlpmodel,hinf7,13,16,"DUAL_INFEASIBLE",0.0022625,0.00225,24,390.8162741234528,391.0,0.0004698871522946657
nlpmodel,hinf7,13,16,"DUAL_INFEASIBLE",0.0019506,0.001941,24,390.8162741234528,391.0,0.0004698871522946657
nlpmodel,hinf7,13,16,"DUAL_INFEASIBLE",0.0019898,0.001981,24,390.8162741234528,391.0,0.0004698871522946657
nlpmodel,hinf7,13,16,"DUAL_INFEASIBLE",0.0020088,0.0019989,24,390.8162741234528,391.0,0.0004698871522946657
nlpmodel,hinf7,13,16,"DUAL_INFEASIBLE",0.0067135,0.0067029,24,390.8162741234528,391.0,0.0004698871522946657
nlpmodel,hinf7,13,16,"DUAL_INFEASIBLE",0.0022184,0.0021958,24,390.8162741234528,391.0,0.0004698871522946657
nlpmodel,hinf7,13,16,"DUAL_INFEASIBLE",0.0019949,0.0019829,24,390.8162741234528,391.0,0.0004698871522946657
nlpmodel,hinf7,13,16,"DUAL_INFEASIBLE",0.0020288,0.0020182,24,390.8162741234528,391.0,0.0004698871522946657
nlpmodel,hinf7,13,16,"DUAL_INFEASIBLE",0.0020156,0.0020051,24,390.8162741234528,391.0,0.0004698871522946657
nlpmodel,hinf7,13,16,"DUAL_INFEASIBLE",0.0020169,0.002007,24,390.8162741234528,391.0,0.0004698871522946657
nlpmodel,hinf7,13,16,"DUAL_INFEASIBLE",0.0020108,0.0020008,24,390.8162741234528,391.0,0.0004698871522946657
nlpmodel,hinf7,13,16,"DUAL_INFEASIBLE",0.0020152,0.0020061,24,390.8162741234528,391.0,0.0004698871522946657
nlpmodel,hinf7,13,16,"DUAL_INFEASIBLE",0.0020222,0.002013,24,390.8162741234528,391.0,0.0004698871522946657
nlpmodel,hinf7,13,16,"DUAL_INFEASIBLE",0.0020292,0.0020189,24,390.8162741234528,391.0,0.0004698871522946657
nlpmodel,hinf7,13,16,"DUAL_INFEASIBLE",0.0020295,0.0020201,24,390.8162741234528,391.0,0.0004698871522946657
nlpmodel,hinf7,13,16,"DUAL_INFEASIBLE",0.0020503,0.0020411,24,390.8162741234528,391.0,0.0004698871522946657
nlpmodel,hinf7,13,16,"DUAL_INFEASIBLE",0.0020383,0.0020289,24,390.8162741234528,391.0,0.0004698871522946657
nlpmodel,hinf7,13,16,"DUAL_INFEASIBLE",0.0020561,0.0020459,24,390.8162741234528,391.0,0.0004698871522946657
nlpmodel,hinf7,13,16,"DUAL_INFEASIBLE",0.0020535,0.002044,24,390.8162741234528,391.0,0.0004698871522946657
nlpmodel,hinf7,13,16,"DUAL_INFEASIBLE",0.0020429,0.002033,24,390.8162741234528,391.0,0.0004698871522946657
nlpmodel,hinf7,13,16,"DUAL_INFEASIBLE",0.0020492,0.0020399,24,390.8162741234528,391.0,0.0004698871522946657
nlpmodel,hinf7,13,16,"DUAL_INFEASIBLE",0.006465,0.006454,24,390.8162741234528,391.0,0.0004698871522946657
nlpmodel,hinf7,13,16,"DUAL_INFEASIBLE",0.0020153,0.0019951,24,390.8162741234528,391.0,0.0004698871522946657
nlpmodel,hinf7,13,16,"DUAL_INFEASIBLE",0.0020472,0.0020349,24,390.8162741234528,391.0,0.0004698871522946657
nlpmodel,hinf7,13,16,"DUAL_INFEASIBLE",0.0020309,0.0020199,24,390.8162741234528,391.0,0.0004698871522946657
nlpmodel,hinf7,13,16,"DUAL_INFEASIBLE",0.0020495,0.002039,24,390.8162741234528,391.0,0.0004698871522946657
nlpmodel,hinf7,13,16,"DUAL_INFEASIBLE",0.0020734,0.0020628,24,390.8162741234528,391.0,0.0004698871522946657
nlpmodel,hinf7,13,16,"DUAL_INFEASIBLE",0.0020594,0.002049,24,390.8162741234528,391.0,0.0004698871522946657
nlpmodel,hinf8,13,16,"DUAL_INFEASIBLE",0.0055005,0.0054588,24,116.18940451654255,116.0,0.001632797556401314
nlpmodel,hinf8,13,16,"DUAL_INFEASIBLE",0.0054062,0.005374,24,116.18940451654255,116.0,0.001632797556401314
nlpmodel,hinf8,13,16,"DUAL_INFEASIBLE",0.0041392,0.0041111,24,116.18940451654255,116.0,0.001632797556401314
nlpmodel,hinf8,13,16,"DUAL_INFEASIBLE",0.002633,0.002615,24,116.18940451654255,116.0,0.001632797556401314
nlpmodel,hinf8,13,16,"DUAL_INFEASIBLE",0.0020936,0.0020809,24,116.18940451654255,116.0,0.001632797556401314
nlpmodel,hinf8,13,16,"DUAL_INFEASIBLE",0.0019196,0.00191,24,116.18940451654255,116.0,0.001632797556401314
nlpmodel,hinf8,13,16,"DUAL_INFEASIBLE",0.001992,0.0019832,24,116.18940451654255,116.0,0.001632797556401314
nlpmodel,hinf8,13,16,"DUAL_INFEASIBLE",0.0020469,0.002037,24,116.18940451654255,116.0,0.001632797556401314
nlpmodel,hinf8,13,16,"DUAL_INFEASIBLE",0.006749,0.0067382,24,116.18940451654255,116.0,0.001632797556401314
nlpmodel,hinf8,13,16,"DUAL_INFEASIBLE",0.0020139,0.0019948,24,116.18940451654255,116.0,0.001632797556401314
nlpmodel,hinf8,13,16,"DUAL_INFEASIBLE",0.0020049,0.0019929,24,116.18940451654255,116.0,0.001632797556401314
nlpmodel,hinf8,13,16,"DUAL_INFEASIBLE",0.0020185,0.002008,24,116.18940451654255,116.0,0.001632797556401314
nlpmodel,hinf8,13,16,"DUAL_INFEASIBLE",0.0020194,0.0020089,24,116.18940451654255,116.0,0.001632797556401314
nlpmodel,hinf8,13,16,"DUAL_INFEASIBLE",0.0020173,0.002007,24,116.18940451654255,116.0,0.001632797556401314
nlpmodel,hinf8,13,16,"DUAL_INFEASIBLE",0.0019996,0.0019901,24,116.18940451654255,116.0,0.001632797556401314
nlpmodel,hinf8,13,16,"DUAL_INFEASIBLE",0.0020095,0.0020001,24,116.18940451654255,116.0,0.001632797556401314
nlpmodel,hinf8,13,16,"DUAL_INFEASIBLE",0.0020141,0.0020051,24,116.18940451654255,116.0,0.001632797556401314
nlpmodel,hinf8,13,16,"DUAL_INFEASIBLE",0.0020314,0.0020211,24,116.18940451654255,116.0,0.001632797556401314
nlpmodel,hinf8,13,16,"DUAL_INFEASIBLE",0.0020407,0.0020308,24,116.18940451654255,116.0,0.001632797556401314
nlpmodel,hinf8,13,16,"DUAL_INFEASIBLE",0.0020456,0.0020361,24,116.18940451654255,116.0,0.001632797556401314
nlpmodel,hinf8,13,16,"DUAL_INFEASIBLE",0.0020312,0.002022,24,116.18940451654255,116.0,0.001632797556401314
nlpmodel,hinf8,13,16,"DUAL_INFEASIBLE",0.0020464,0.0020368,24,116.18940451654255,116.0,0.001632797556401314
nlpmodel,hinf8,13,16,"DUAL_INFEASIBLE",0.0020444,0.0020349,24,116.18940451654255,116.0,0.001632797556401314
nlpmodel,hinf8,13,16,"DUAL_INFEASIBLE",0.002038,0.002028,24,116.18940451654255,116.0,0.001632797556401314
nlpmodel,hinf8,13,16,"DUAL_INFEASIBLE",0.0066814,0.0066719,24,116.18940451654255,116.0,0.001632797556401314
nlpmodel,hinf8,13,16,"DUAL_INFEASIBLE",0.002035,0.0020149,24,116.18940451654255,116.0,0.001632797556401314
nlpmodel,hinf8,13,16,"DUAL_INFEASIBLE",0.0020075,0.001997,24,116.18940451654255,116.0,0.001632797556401314
nlpmodel,hinf8,13,16,"DUAL_INFEASIBLE",0.0020532,0.0020418,24,116.18940451654255,116.0,0.001632797556401314
nlpmodel,hinf8,13,16,"DUAL_INFEASIBLE",0.0020516,0.0020411,24,116.18940451654255,116.0,0.001632797556401314
nlpmodel,hinf8,13,16,"DUAL_INFEASIBLE",0.0020649,0.0020549,24,116.18940451654255,116.0,0.001632797556401314
nlpmodel,hinf8,13,16,"DUAL_INFEASIBLE",0.0020459,0.0020361,24,116.18940451654255,116.0,0.001632797556401314
nlpmodel,hinf8,13,16,"DUAL_INFEASIBLE",0.0020366,0.002027,24,116.18940451654255,116.0,0.001632797556401314
nlpmodel,hinf9,13,16,"DUAL_INFEASIBLE",0.009893,0.0098419,57,236.2492582650306,236.25,3.139618918135177e-6
nlpmodel,hinf9,13,16,"DUAL_INFEASIBLE",0.0053371,0.0053139,57,236.2492582650306,236.25,3.139618918135177e-6
nlpmodel,hinf9,13,16,"DUAL_INFEASIBLE",0.0096286,0.009614,57,236.2492582650306,236.25,3.139618918135177e-6
nlpmodel,hinf9,13,16,"DUAL_INFEASIBLE",0.0051751,0.005151,57,236.2492582650306,236.25,3.139618918135177e-6
nlpmodel,hinf9,13,16,"DUAL_INFEASIBLE",0.005166,0.005152,57,236.2492582650306,236.25,3.139618918135177e-6
nlpmodel,hinf9,13,16,"DUAL_INFEASIBLE",0.005181,0.005167,57,236.2492582650306,236.25,3.139618918135177e-6
nlpmodel,hinf9,13,16,"DUAL_INFEASIBLE",0.0052164,0.005204,57,236.2492582650306,236.25,3.139618918135177e-6
nlpmodel,hinf9,13,16,"DUAL_INFEASIBLE",0.0094203,0.009407,57,236.2492582650306,236.25,3.139618918135177e-6
nlpmodel,hinf9,13,16,"DUAL_INFEASIBLE",0.0052196,0.0051968,57,236.2492582650306,236.25,3.139618918135177e-6
nlpmodel,hinf9,13,16,"DUAL_INFEASIBLE",0.0052285,0.005213,57,236.2492582650306,236.25,3.139618918135177e-6
nlpmodel,hinf9,13,16,"DUAL_INFEASIBLE",0.0052531,0.0052412,57,236.2492582650306,236.25,3.139618918135177e-6
nlpmodel,hinf9,13,16,"DUAL_INFEASIBLE",0.0052709,0.0052581,57,236.2492582650306,236.25,3.139618918135177e-6
nlpmodel,hinf9,13,16,"DUAL_INFEASIBLE",0.0052634,0.00525,57,236.2492582650306,236.25,3.139618918135177e-6
nlpmodel,hinf9,13,16,"DUAL_INFEASIBLE",0.0093144,0.0093,57,236.2492582650306,236.25,3.139618918135177e-6
nlpmodel,hinf9,13,16,"DUAL_INFEASIBLE",0.0052941,0.0052578,57,236.2492582650306,236.25,3.139618918135177e-6
nlpmodel,hinf9,13,16,"DUAL_INFEASIBLE",0.0052739,0.0052509,57,236.2492582650306,236.25,3.139618918135177e-6
nlpmodel,hinf9,13,16,"DUAL_INFEASIBLE",0.005286,0.00527,57,236.2492582650306,236.25,3.139618918135177e-6
nlpmodel,hinf9,13,16,"DUAL_INFEASIBLE",0.0052916,0.0052772,57,236.2492582650306,236.25,3.139618918135177e-6
nlpmodel,hinf9,13,16,"DUAL_INFEASIBLE",0.0092451,0.0092301,57,236.2492582650306,236.25,3.139618918135177e-6
nlpmodel,hinf9,13,16,"DUAL_INFEASIBLE",0.0054094,0.0053859,57,236.2492582650306,236.25,3.139618918135177e-6
nlpmodel,hinf9,13,16,"DUAL_INFEASIBLE",0.0052702,0.0052538,57,236.2492582650306,236.25,3.139618918135177e-6
nlpmodel,hinf9,13,16,"DUAL_INFEASIBLE",0.005313,0.0052991,57,236.2492582650306,236.25,3.139618918135177e-6
nlpmodel,hinf9,13,16,"DUAL_INFEASIBLE",0.0052679,0.005254,57,236.2492582650306,236.25,3.139618918135177e-6
nlpmodel,hinf9,13,16,"DUAL_INFEASIBLE",0.0053281,0.0053101,57,236.2492582650306,236.25,3.139618918135177e-6
nlpmodel,hinf9,13,16,"DUAL_INFEASIBLE",0.0094233,0.0094092,57,236.2492582650306,236.25,3.139618918135177e-6
nlpmodel,hinf9,13,16,"DUAL_INFEASIBLE",0.0052589,0.005235,57,236.2492582650306,236.25,3.139618918135177e-6
nlpmodel,hinf9,13,16,"DUAL_INFEASIBLE",0.0053268,0.0053129,57,236.2492582650306,236.25,3.139618918135177e-6
nlpmodel,hinf9,13,16,"DUAL_INFEASIBLE",0.0053216,0.005306,57,236.2492582650306,236.25,3.139618918135177e-6
nlpmodel,hinf9,13,16,"DUAL_INFEASIBLE",0.0053201,0.005306,57,236.2492582650306,236.25,3.139618918135177e-6
nlpmodel,hinf9,13,16,"DUAL_INFEASIBLE",0.005313,0.0053,57,236.2492582650306,236.25,3.139618918135177e-6
nlpmodel,hinf9,13,16,"DUAL_INFEASIBLE",0.0093369,0.0093241,57,236.2492582650306,236.25,3.139618918135177e-6
nlpmodel,hinf9,13,16,"DUAL_INFEASIBLE",0.0052986,0.005275,57,236.2492582650306,236.25,3.139618918135177e-6
nlpmodel,hinf10,21,18,"DUAL_INFEASIBLE",0.0030472,0.0030241,30,108.86630967919456,109.0,0.0012265167046370852
nlpmodel,hinf10,21,18,"DUAL_INFEASIBLE",0.0031417,0.003124,30,108.86630967919456,109.0,0.0012265167046370852
nlpmodel,hinf10,21,18,"DUAL_INFEASIBLE",0.003118,0.0031052,30,108.86630967919456,109.0,0.0012265167046370852
nlpmodel,hinf10,21,18,"DUAL_INFEASIBLE",0.0030797,0.003067,30,108.86630967919456,109.0,0.0012265167046370852
nlpmodel,hinf10,21,18,"DUAL_INFEASIBLE",0.0030698,0.003057,30,108.86630967919456,109.0,0.0012265167046370852
nlpmodel,hinf10,21,18,"DUAL_INFEASIBLE",0.0030728,0.0030611,30,108.86630967919456,109.0,0.0012265167046370852
nlpmodel,hinf10,21,18,"DUAL_INFEASIBLE",0.0085341,0.008522,30,108.86630967919456,109.0,0.0012265167046370852
nlpmodel,hinf10,21,18,"DUAL_INFEASIBLE",0.0030881,0.003063,30,108.86630967919456,109.0,0.0012265167046370852
nlpmodel,hinf10,21,18,"DUAL_INFEASIBLE",0.0030321,0.00302,30,108.86630967919456,109.0,0.0012265167046370852
nlpmodel,hinf10,21,18,"DUAL_INFEASIBLE",0.0030363,0.0030241,30,108.86630967919456,109.0,0.0012265167046370852
nlpmodel,hinf10,21,18,"DUAL_INFEASIBLE",0.0030613,0.0030489,30,108.86630967919456,109.0,0.0012265167046370852
nlpmodel,hinf10,21,18,"DUAL_INFEASIBLE",0.0030586,0.003047,30,108.86630967919456,109.0,0.0012265167046370852
nlpmodel,hinf10,21,18,"DUAL_INFEASIBLE",0.0030761,0.0030651,30,108.86630967919456,109.0,0.0012265167046370852
nlpmodel,hinf10,21,18,"DUAL_INFEASIBLE",0.0030994,0.003087,30,108.86630967919456,109.0,0.0012265167046370852
nlpmodel,hinf10,21,18,"DUAL_INFEASIBLE",0.0030888,0.003077,30,108.86630967919456,109.0,0.0012265167046370852
nlpmodel,hinf10,21,18,"DUAL_INFEASIBLE",0.0072961,0.007283,30,108.86630967919456,109.0,0.0012265167046370852
nlpmodel,hinf10,21,18,"DUAL_INFEASIBLE",0.0030576,0.0030341,30,108.86630967919456,109.0,0.0012265167046370852
nlpmodel,hinf10,21,18,"DUAL_INFEASIBLE",0.0030843,0.003072,30,108.86630967919456,109.0,0.0012265167046370852
nlpmodel,hinf10,21,18,"DUAL_INFEASIBLE",0.0030677,0.003056,30,108.86630967919456,109.0,0.0012265167046370852
nlpmodel,hinf10,21,18,"DUAL_INFEASIBLE",0.0030864,0.0030739,30,108.86630967919456,109.0,0.0012265167046370852
nlpmodel,hinf10,21,18,"DUAL_INFEASIBLE",0.0030999,0.003088,30,108.86630967919456,109.0,0.0012265167046370852
nlpmodel,hinf10,21,18,"DUAL_INFEASIBLE",0.003097,0.0030849,30,108.86630967919456,109.0,0.0012265167046370852
nlpmodel,hinf10,21,18,"DUAL_INFEASIBLE",0.003113,0.0031009,30,108.86630967919456,109.0,0.0012265167046370852
nlpmodel,hinf10,21,18,"DUAL_INFEASIBLE",0.0031009,0.003089,30,108.86630967919456,109.0,0.0012265167046370852
nlpmodel,hinf10,21,18,"DUAL_INFEASIBLE",0.0073213,0.007308,30,108.86630967919456,109.0,0.0012265167046370852
nlpmodel,hinf10,21,18,"DUAL_INFEASIBLE",0.0031033,0.003073,30,108.86630967919456,109.0,0.0012265167046370852
nlpmodel,hinf10,21,18,"DUAL_INFEASIBLE",0.0030798,0.003067,30,108.86630967919456,109.0,0.0012265167046370852
nlpmodel,hinf10,21,18,"DUAL_INFEASIBLE",0.0030819,0.0030689,30,108.86630967919456,109.0,0.0012265167046370852
nlpmodel,hinf10,21,18,"DUAL_INFEASIBLE",0.003119,0.0031071,30,108.86630967919456,109.0,0.0012265167046370852
nlpmodel,hinf10,21,18,"DUAL_INFEASIBLE",0.0031166,0.0031049,30,108.86630967919456,109.0,0.0012265167046370852
nlpmodel,hinf10,21,18,"DUAL_INFEASIBLE",0.003095,0.003083,30,108.86630967919456,109.0,0.0012265167046370852
nlpmodel,hinf10,21,18,"DUAL_INFEASIBLE",0.0031334,0.0031211,30,108.86630967919456,109.0,0.0012265167046370852
nlpmodel,truss4,12,19,"OPTIMAL",0.0034959,0.003449,11,-9.00999603277655,-9.009996,3.6377986461803545e-9
nlpmodel,truss4,12,19,"OPTIMAL",0.003283,0.0032589,11,-9.00999603277655,-9.009996,3.6377986461803545e-9
nlpmodel,truss4,12,19,"OPTIMAL",0.0033207,0.003284,11,-9.00999603277655,-9.009996,3.6377986461803545e-9
nlpmodel,truss4,12,19,"OPTIMAL",0.0028381,0.0028179,11,-9.00999603277655,-9.009996,3.6377986461803545e-9
nlpmodel,truss4,12,19,"OPTIMAL",0.0023461,0.002331,11,-9.00999603277655,-9.009996,3.6377986461803545e-9
nlpmodel,truss4,12,19,"OPTIMAL",0.0019427,0.0019288,11,-9.00999603277655,-9.009996,3.6377986461803545e-9
nlpmodel,truss4,12,19,"OPTIMAL",0.0016381,0.0016279,11,-9.00999603277655,-9.009996,3.6377986461803545e-9
nlpmodel,truss4,12,19,"OPTIMAL",0.001432,0.0014241,11,-9.00999603277655,-9.009996,3.6377986461803545e-9
nlpmodel,truss4,12,19,"OPTIMAL",0.0013441,0.0013371,11,-9.00999603277655,-9.009996,3.6377986461803545e-9
nlpmodel,truss4,12,19,"OPTIMAL",0.0011728,0.0011671,11,-9.00999603277655,-9.009996,3.6377986461803545e-9
nlpmodel,truss4,12,19,"OPTIMAL",0.0011423,0.001137,11,-9.00999603277655,-9.009996,3.6377986461803545e-9
nlpmodel,truss4,12,19,"OPTIMAL",0.0011618,0.0011559,11,-9.00999603277655,-9.009996,3.6377986461803545e-9
nlpmodel,truss4,12,19,"OPTIMAL",0.0011908,0.001184,11,-9.00999603277655,-9.009996,3.6377986461803545e-9
nlpmodel,truss4,12,19,"OPTIMAL",0.0011889,0.001183,11,-9.00999603277655,-9.009996,3.6377986461803545e-9
nlpmodel,truss4,12,19,"OPTIMAL",0.0011859,0.001179,11,-9.00999603277655,-9.009996,3.6377986461803545e-9
nlpmodel,truss4,12,19,"OPTIMAL",0.0011932,0.0011871,11,-9.00999603277655,-9.009996,3.6377986461803545e-9
nlpmodel,truss4,12,19,"OPTIMAL",0.0011877,0.0011821,11,-9.00999603277655,-9.009996,3.6377986461803545e-9
nlpmodel,truss4,12,19,"OPTIMAL",0.001194,0.001188,11,-9.00999603277655,-9.009996,3.6377986461803545e-9
nlpmodel,truss4,12,19,"OPTIMAL",0.001198,0.0011921,11,-9.00999603277655,-9.009996,3.6377986461803545e-9
nlpmodel,truss4,12,19,"OPTIMAL",0.0011982,0.001193,11,-9.00999603277655,-9.009996,3.6377986461803545e-9
nlpmodel,truss4,12,19,"OPTIMAL",0.0011872,0.0011821,11,-9.00999603277655,-9.009996,3.6377986461803545e-9
nlpmodel,truss4,12,19,"OPTIMAL",0.0084668,0.0084589,11,-9.00999603277655,-9.009996,3.6377986461803545e-9
nlpmodel,truss4,12,19,"OPTIMAL",0.0012085,0.0011868,11,-9.00999603277655,-9.009996,3.6377986461803545e-9
nlpmodel,truss4,12,19,"OPTIMAL",0.001183,0.0011752,11,-9.00999603277655,-9.009996,3.6377986461803545e-9
nlpmodel,truss4,12,19,"OPTIMAL",0.0011788,0.0011721,11,-9.00999603277655,-9.009996,3.6377986461803545e-9
nlpmodel,truss4,12,19,"OPTIMAL",0.0011748,0.001168,11,-9.00999603277655,-9.009996,3.6377986461803545e-9
nlpmodel,truss4,12,19,"OPTIMAL",0.0011866,0.0011799,11,-9.00999603277655,-9.009996,3.6377986461803545e-9
nlpmodel,truss4,12,19,"OPTIMAL",0.0011697,0.0011609,11,-9.00999603277655,-9.009996,3.6377986461803545e-9
nlpmodel,truss4,12,19,"OPTIMAL",0.0011722,0.0011659,11,-9.00999603277655,-9.009996,3.6377986461803545e-9
nlpmodel,truss4,12,19,"OPTIMAL",0.0011694,0.001163,11,-9.00999603277655,-9.009996,3.6377986461803545e-9
nlpmodel,truss4,12,19,"OPTIMAL",0.0011712,0.0011652,11,-9.00999603277655,-9.009996,3.6377986461803545e-9
nlpmodel,truss4,12,19,"OPTIMAL",0.0011775,0.0011711,11,-9.00999603277655,-9.009996,3.6377986461803545e-9
nlpmodel,hinf11,31,22,"DUAL_INFEASIBLE",0.0082268,0.0081789,32,65.9204513093886,65.9,0.0003103385339695105
nlpmodel,hinf11,31,22,"DUAL_INFEASIBLE",0.0045852,0.0045619,32,65.9204513093886,65.9,0.0003103385339695105
nlpmodel,hinf11,31,22,"DUAL_INFEASIBLE",0.0045903,0.0045719,32,65.9204513093886,65.9,0.0003103385339695105
nlpmodel,hinf11,31,22,"DUAL_INFEASIBLE",0.0045625,0.004549,32,65.9204513093886,65.9,0.0003103385339695105
nlpmodel,hinf11,31,22,"DUAL_INFEASIBLE",0.010023,0.01001,32,65.9204513093886,65.9,0.0003103385339695105
nlpmodel,hinf11,31,22,"DUAL_INFEASIBLE",0.004717,0.0046902,32,65.9204513093886,65.9,0.0003103385339695105
nlpmodel,hinf11,31,22,"DUAL_INFEASIBLE",0.0045833,0.0045679,32,65.9204513093886,65.9,0.0003103385339695105
nlpmodel,hinf11,31,22,"DUAL_INFEASIBLE",0.0044744,0.004462,32,65.9204513093886,65.9,0.0003103385339695105
nlpmodel,hinf11,31,22,"DUAL_INFEASIBLE",0.0045208,0.0045068,32,65.9204513093886,65.9,0.0003103385339695105
nlpmodel,hinf11,31,22,"DUAL_INFEASIBLE",0.0085253,0.008512,32,65.9204513093886,65.9,0.0003103385339695105
nlpmodel,hinf11,31,22,"DUAL_INFEASIBLE",0.0045859,0.0045609,32,65.9204513093886,65.9,0.0003103385339695105
nlpmodel,hinf11,31,22,"DUAL_INFEASIBLE",0.0045208,0.004508,32,65.9204513093886,65.9,0.0003103385339695105
nlpmodel,hinf11,31,22,"DUAL_INFEASIBLE",0.004578,0.004566,32,65.9204513093886,65.9,0.0003103385339695105
nlpmodel,hinf11,31,22,"DUAL_INFEASIBLE",0.0044632,0.004451,32,65.9204513093886,65.9,0.0003103385339695105
nlpmodel,hinf11,31,22,"DUAL_INFEASIBLE",0.0044525,0.0044401,32,65.9204513093886,65.9,0.0003103385339695105
nlpmodel,hinf11,31,22,"DUAL_INFEASIBLE",0.0079998,0.007987,32,65.9204513093886,65.9,0.0003103385339695105
nlpmodel,hinf11,31,22,"DUAL_INFEASIBLE",0.0044993,0.004477,32,65.9204513093886,65.9,0.0003103385339695105
nlpmodel,hinf11,31,22,"DUAL_INFEASIBLE",0.0044934,0.0044758,32,65.9204513093886,65.9,0.0003103385339695105
nlpmodel,hinf11,31,22,"DUAL_INFEASIBLE",0.0044844,0.0044711,32,65.9204513093886,65.9,0.0003103385339695105
nlpmodel,hinf11,31,22,"DUAL_INFEASIBLE",0.0044663,0.0044539,32,65.9204513093886,65.9,0.0003103385339695105
nlpmodel,hinf11,31,22,"DUAL_INFEASIBLE",0.0079492,0.007936,32,65.9204513093886,65.9,0.0003103385339695105
nlpmodel,hinf11,31,22,"DUAL_INFEASIBLE",0.0045694,0.004544,32,65.9204513093886,65.9,0.0003103385339695105
nlpmodel,hinf11,31,22,"DUAL_INFEASIBLE",0.0044703,0.004457,32,65.9204513093886,65.9,0.0003103385339695105
nlpmodel,hinf11,31,22,"DUAL_INFEASIBLE",0.0044657,0.0044532,32,65.9204513093886,65.9,0.0003103385339695105
nlpmodel,hinf11,31,22,"DUAL_INFEASIBLE",0.0044791,0.004467,32,65.9204513093886,65.9,0.0003103385339695105
nlpmodel,hinf11,31,22,"DUAL_INFEASIBLE",0.0044974,0.0044849,32,65.9204513093886,65.9,0.0003103385339695105
nlpmodel,hinf11,31,22,"DUAL_INFEASIBLE",0.0082351,0.0082221,32,65.9204513093886,65.9,0.0003103385339695105
nlpmodel,hinf11,31,22,"DUAL_INFEASIBLE",0.0045355,0.004508,32,65.9204513093886,65.9,0.0003103385339695105
nlpmodel,hinf11,31,22,"DUAL_INFEASIBLE",0.0044581,0.004441,32,65.9204513093886,65.9,0.0003103385339695105
nlpmodel,hinf11,31,22,"DUAL_INFEASIBLE",0.0044733,0.0044611,32,65.9204513093886,65.9,0.0003103385339695105
nlpmodel,hinf11,31,22,"DUAL_INFEASIBLE",0.0044635,0.004452,32,65.9204513093886,65.9,0.0003103385339695105
nlpmodel,hinf11,31,22,"DUAL_INFEASIBLE",0.0082374,0.008224,32,65.9204513093886,65.9,0.0003103385339695105
nlpmodel,hinf12,43,24,"ITERATION_LIMIT",0.023981,0.023939,101,1.6963303125518472e-8,0.2,0.1999999830366969
nlpmodel,hinf12,43,24,"ITERATION_LIMIT",0.023442,0.0234,101,1.6963303125518472e-8,0.2,0.1999999830366969
nlpmodel,hinf12,43,24,"ITERATION_LIMIT",0.01983,0.01979,101,1.6963303125518472e-8,0.2,0.1999999830366969
nlpmodel,hinf12,43,24,"ITERATION_LIMIT",0.023668,0.023633,101,1.6963303125518472e-8,0.2,0.1999999830366969
nlpmodel,hinf12,43,24,"ITERATION_LIMIT",0.023434,0.023395,101,1.6963303125518472e-8,0.2,0.1999999830366969
nlpmodel,hinf12,43,24,"ITERATION_LIMIT",0.023392,0.023351,101,1.6963303125518472e-8,0.2,0.1999999830366969
nlpmodel,hinf12,43,24,"ITERATION_LIMIT",0.020132,0.020093,101,1.6963303125518472e-8,0.2,0.1999999830366969
nlpmodel,hinf12,43,24,"ITERATION_LIMIT",0.023554,0.023514,101,1.6963303125518472e-8,0.2,0.1999999830366969
nlpmodel,hinf12,43,24,"ITERATION_LIMIT",0.023652,0.023607,101,1.6963303125518472e-8,0.2,0.1999999830366969
nlpmodel,hinf12,43,24,"ITERATION_LIMIT",0.023387,0.023346,101,1.6963303125518472e-8,0.2,0.1999999830366969
nlpmodel,hinf12,43,24,"ITERATION_LIMIT",0.020032,0.019992,101,1.6963303125518472e-8,0.2,0.1999999830366969
nlpmodel,hinf12,43,24,"ITERATION_LIMIT",0.023165,0.023135,101,1.6963303125518472e-8,0.2,0.1999999830366969
nlpmodel,hinf12,43,24,"ITERATION_LIMIT",0.023251,0.023216,101,1.6963303125518472e-8,0.2,0.1999999830366969
nlpmodel,hinf12,43,24,"ITERATION_LIMIT",0.019904,0.019867,101,1.6963303125518472e-8,0.2,0.1999999830366969
nlpmodel,hinf12,43,24,"ITERATION_LIMIT",0.023551,0.02352,101,1.6963303125518472e-8,0.2,0.1999999830366969
nlpmodel,hinf12,43,24,"ITERATION_LIMIT",0.023548,0.023503,101,1.6963303125518472e-8,0.2,0.1999999830366969
nlpmodel,hinf12,43,24,"ITERATION_LIMIT",0.023597,0.023556,101,1.6963303125518472e-8,0.2,0.1999999830366969
nlpmodel,hinf12,43,24,"ITERATION_LIMIT",0.020135,0.020096,101,1.6963303125518472e-8,0.2,0.1999999830366969
nlpmodel,hinf12,43,24,"ITERATION_LIMIT",0.02363,0.023595,101,1.6963303125518472e-8,0.2,0.1999999830366969
nlpmodel,hinf12,43,24,"ITERATION_LIMIT",0.023392,0.023351,101,1.6963303125518472e-8,0.2,0.1999999830366969
nlpmodel,hinf12,43,24,"ITERATION_LIMIT",0.01994,0.019902,101,1.6963303125518472e-8,0.2,0.1999999830366969
nlpmodel,hinf12,43,24,"ITERATION_LIMIT",0.023279,0.023251,101,1.6963303125518472e-8,0.2,0.1999999830366969
nlpmodel,hinf12,43,24,"ITERATION_LIMIT",0.023359,0.023323,101,1.6963303125518472e-8,0.2,0.1999999830366969
nlpmodel,hinf12,43,24,"ITERATION_LIMIT",0.023318,0.023276,101,1.6963303125518472e-8,0.2,0.1999999830366969
nlpmodel,hinf12,43,24,"ITERATION_LIMIT",0.019976,0.019938,101,1.6963303125518472e-8,0.2,0.1999999830366969
nlpmodel,hinf12,43,24,"ITERATION_LIMIT",0.046712,0.046683,101,1.6963303125518472e-8,0.2,0.1999999830366969
nlpmodel,hinf12,43,24,"ITERATION_LIMIT",0.04848,0.048426,101,1.6963303125518472e-8,0.2,0.1999999830366969
nlpmodel,hinf12,43,24,"ITERATION_LIMIT",0.048972,0.048876,101,1.6963303125518472e-8,0.2,0.1999999830366969
nlpmodel,hinf12,43,24,"ITERATION_LIMIT",0.042327,0.042271,101,1.6963303125518472e-8,0.2,0.1999999830366969
nlpmodel,hinf12,43,24,"ITERATION_LIMIT",0.048357,0.048303,101,1.6963303125518472e-8,0.2,0.1999999830366969
nlpmodel,hinf12,43,24,"ITERATION_LIMIT",0.049274,0.049185,101,1.6963303125518472e-8,0.2,0.1999999830366969
nlpmodel,hinf12,43,24,"ITERATION_LIMIT",0.04214,0.042081,101,1.6963303125518472e-8,0.2,0.1999999830366969
nlpmodel,qap5,136,26,"OPTIMAL",0.023215,0.023121,10,-435.9999985242812,-436.0,3.384676188659863e-9
nlpmodel,qap5,136,26,"OPTIMAL",0.023569,0.023492,10,-435.9999985242812,-436.0,3.384676188659863e-9
nlpmodel,qap5,136,26,"OPTIMAL",0.023255,0.023183,10,-435.9999985242812,-436.0,3.384676188659863e-9
nlpmodel,qap5,136,26,"OPTIMAL",0.023054,0.023011,10,-435.9999985242812,-436.0,3.384676188659863e-9
nlpmodel,qap5,136,26,"OPTIMAL",0.022896,0.022862,10,-435.9999985242812,-436.0,3.384676188659863e-9
nlpmodel,qap5,136,26,"OPTIMAL",0.023564,0.023532,10,-435.9999985242812,-436.0,3.384676188659863e-9
nlpmodel,qap5,136,26,"OPTIMAL",0.050697,0.05066,10,-435.9999985242812,-436.0,3.384676188659863e-9
nlpmodel,qap5,136,26,"OPTIMAL",0.023364,0.023274,10,-435.9999985242812,-436.0,3.384676188659863e-9
nlpmodel,qap5,136,26,"OPTIMAL",0.023276,0.023243,10,-435.9999985242812,-436.0,3.384676188659863e-9
nlpmodel,qap5,136,26,"OPTIMAL",0.023223,0.023189,10,-435.9999985242812,-436.0,3.384676188659863e-9
nlpmodel,qap5,136,26,"OPTIMAL",0.023137,0.023104,10,-435.9999985242812,-436.0,3.384676188659863e-9
nlpmodel,qap5,136,26,"OPTIMAL",0.033493,0.03346,10,-435.9999985242812,-436.0,3.384676188659863e-9
nlpmodel,qap5,136,26,"OPTIMAL",0.023265,0.023192,10,-435.9999985242812,-436.0,3.384676188659863e-9
nlpmodel,qap5,136,26,"OPTIMAL",0.023514,0.023479,10,-435.9999985242812,-436.0,3.384676188659863e-9
nlpmodel,qap5,136,26,"OPTIMAL",0.023226,0.023191,10,-435.9999985242812,-436.0,3.384676188659863e-9
nlpmodel,qap5,136,26,"OPTIMAL",0.023056,0.023026,10,-435.9999985242812,-436.0,3.384676188659863e-9
nlpmodel,qap5,136,26,"OPTIMAL",0.027518,0.027483,10,-435.9999985242812,-436.0,3.384676188659863e-9
nlpmodel,qap5,136,26,"OPTIMAL",0.022962,0.022921,10,-435.9999985242812,-436.0,3.384676188659863e-9
nlpmodel,qap5,136,26,"OPTIMAL",0.02311,0.023067,10,-435.9999985242812,-436.0,3.384676188659863e-9
nlpmodel,qap5,136,26,"OPTIMAL",0.023217,0.023184,10,-435.9999985242812,-436.0,3.384676188659863e-9
nlpmodel,qap5,136,26,"OPTIMAL",0.026712,0.026673,10,-435.9999985242812,-436.0,3.384676188659863e-9
nlpmodel,qap5,136,26,"OPTIMAL",0.022924,0.02289,10,-435.9999985242812,-436.0,3.384676188659863e-9
nlpmodel,qap5,136,26,"OPTIMAL",0.0232,0.023164,10,-435.9999985242812,-436.0,3.384676188659863e-9
nlpmodel,qap5,136,26,"OPTIMAL",0.0266,0.026569,10,-435.9999985242812,-436.0,3.384676188659863e-9
nlpmodel,qap5,136,26,"OPTIMAL",0.023787,0.023746,10,-435.9999985242812,-436.0,3.384676188659863e-9
nlpmodel,qap5,136,26,"OPTIMAL",0.023164,0.023128,10,-435.9999985242812,-436.0,3.384676188659863e-9
nlpmodel,qap5,136,26,"OPTIMAL",0.023113,0.02308,10,-435.9999985242812,-436.0,3.384676188659863e-9
nlpmodel,qap5,136,26,"OPTIMAL",0.027311,0.027274,10,-435.9999985242812,-436.0,3.384676188659863e-9
nlpmodel,qap5,136,26,"OPTIMAL",0.023075,0.023027,10,-435.9999985242812,-436.0,3.384676188659863e-9
nlpmodel,qap5,136,26,"OPTIMAL",0.023004,0.02297,10,-435.9999985242812,-436.0,3.384676188659863e-9
nlpmodel,qap5,136,26,"OPTIMAL",0.026598,0.026569,10,-435.9999985242812,-436.0,3.384676188659863e-9
nlpmodel,qap5,136,26,"OPTIMAL",0.023153,0.023104,10,-435.9999985242812,-436.0,3.384676188659863e-9
nlpmodel,control2,66,30,"OPTIMAL",0.011861,0.011826,25,8.30000070753663,8.3,8.524537712932795e-8
nlpmodel,control2,66,30,"OPTIMAL",0.011838,0.011821,25,8.30000070753663,8.3,8.524537712932795e-8
nlpmodel,control2,66,30,"OPTIMAL",0.015145,0.01513,25,8.30000070753663,8.3,8.524537712932795e-8
nlpmodel,control2,66,30,"OPTIMAL",0.011848,0.011823,25,8.30000070753663,8.3,8.524537712932795e-8
nlpmodel,control2,66,30,"OPTIMAL",0.015016,0.014994,25,8.30000070753663,8.3,8.524537712932795e-8
nlpmodel,control2,66,30,"OPTIMAL",0.011856,0.011833,25,8.30000070753663,8.3,8.524537712932795e-8
nlpmodel,control2,66,30,"OPTIMAL",0.011768,0.01175,25,8.30000070753663,8.3,8.524537712932795e-8
nlpmodel,control2,66,30,"OPTIMAL",0.014932,0.014917,25,8.30000070753663,8.3,8.524537712932795e-8
nlpmodel,control2,66,30,"OPTIMAL",0.011751,0.011723,25,8.30000070753663,8.3,8.524537712932795e-8
nlpmodel,control2,66,30,"OPTIMAL",0.014885,0.014864,25,8.30000070753663,8.3,8.524537712932795e-8
nlpmodel,control2,66,30,"OPTIMAL",0.011876,0.011844,25,8.30000070753663,8.3,8.524537712932795e-8
nlpmodel,control2,66,30,"OPTIMAL",0.015572,0.015545,25,8.30000070753663,8.3,8.524537712932795e-8
nlpmodel,control2,66,30,"OPTIMAL",0.03107,0.031031,25,8.30000070753663,8.3,8.524537712932795e-8
nlpmodel,control2,66,30,"OPTIMAL",0.025219,0.025149,25,8.30000070753663,8.3,8.524537712932795e-8
nlpmodel,control2,66,30,"OPTIMAL",0.03146,0.031406,25,8.30000070753663,8.3,8.524537712932795e-8
nlpmodel,control2,66,30,"OPTIMAL",0.025392,0.025346,25,8.30000070753663,8.3,8.524537712932795e-8
nlpmodel,control2,66,30,"OPTIMAL",0.031324,0.031272,25,8.30000070753663,8.3,8.524537712932795e-8
nlpmodel,control2,66,30,"OPTIMAL",0.025174,0.025129,25,8.30000070753663,8.3,8.524537712932795e-8
nlpmodel,control2,66,30,"OPTIMAL",0.025318,0.025262,25,8.30000070753663,8.3,8.524537712932795e-8
nlpmodel,control2,66,30,"OPTIMAL",0.031643,0.031591,25,8.30000070753663,8.3,8.524537712932795e-8
nlpmodel,control2,66,30,"OPTIMAL",0.025331,0.025284,25,8.30000070753663,8.3,8.524537712932795e-8
nlpmodel,control2,66,30,"OPTIMAL",0.03135,0.031302,25,8.30000070753663,8.3,8.524537712932795e-8
nlpmodel,control2,66,30,"OPTIMAL",0.025182,0.02512,25,8.30000070753663,8.3,8.524537712932795e-8
nlpmodel,control2,66,30,"OPTIMAL",0.025282,0.025234,25,8.30000070753663,8.3,8.524537712932795e-8
nlpmodel,control2,66,30,"OPTIMAL",0.031372,0.031337,25,8.30000070753663,8.3,8.524537712932795e-8
nlpmodel,control2,66,30,"OPTIMAL",0.025453,0.025407,25,8.30000070753663,8.3,8.524537712932795e-8
nlpmodel,control2,66,30,"OPTIMAL",0.031591,0.031535,25,8.30000070753663,8.3,8.524537712932795e-8
nlpmodel,control2,66,30,"OPTIMAL",0.025209,0.025158,25,8.30000070753663,8.3,8.524537712932795e-8
nlpmodel,control2,66,30,"OPTIMAL",0.025059,0.025023,25,8.30000070753663,8.3,8.524537712932795e-8
nlpmodel,control2,66,30,"OPTIMAL",0.031715,0.031672,25,8.30000070753663,8.3,8.524537712932795e-8
nlpmodel,control2,66,30,"OPTIMAL",0.02521,0.025145,25,8.30000070753663,8.3,8.524537712932795e-8
nlpmodel,control2,66,30,"OPTIMAL",0.031744,0.031703,25,8.30000070753663,8.3,8.524537712932795e-8
nlpmodel,hinf13,57,30,"DUAL_INFEASIBLE",0.0089648,0.0089271,24,45.11775862706568,46.0,0.0191791602811808
nlpmodel,hinf13,57,30,"DUAL_INFEASIBLE",0.007997,0.0079739,24,45.11775862706568,46.0,0.0191791602811808
nlpmodel,hinf13,57,30,"DUAL_INFEASIBLE",0.011725,0.011706,24,45.11775862706568,46.0,0.0191791602811808
nlpmodel,hinf13,57,30,"DUAL_INFEASIBLE",0.0077537,0.0077291,24,45.11775862706568,46.0,0.0191791602811808
nlpmodel,hinf13,57,30,"DUAL_INFEASIBLE",0.0078288,0.0078111,24,45.11775862706568,46.0,0.0191791602811808
nlpmodel,hinf13,57,30,"DUAL_INFEASIBLE",0.0078791,0.0078659,24,45.11775862706568,46.0,0.0191791602811808
nlpmodel,hinf13,57,30,"DUAL_INFEASIBLE",0.010979,0.010966,24,45.11775862706568,46.0,0.0191791602811808
nlpmodel,hinf13,57,30,"DUAL_INFEASIBLE",0.0078901,0.007865,24,45.11775862706568,46.0,0.0191791602811808
nlpmodel,hinf13,57,30,"DUAL_INFEASIBLE",0.0079015,0.0078831,24,45.11775862706568,46.0,0.0191791602811808
nlpmodel,hinf13,57,30,"DUAL_INFEASIBLE",0.008042,0.008029,24,45.11775862706568,46.0,0.0191791602811808
nlpmodel,hinf13,57,30,"DUAL_INFEASIBLE",0.011092,0.011078,24,45.11775862706568,46.0,0.0191791602811808
nlpmodel,hinf13,57,30,"DUAL_INFEASIBLE",0.007993,0.0079741,24,45.11775862706568,46.0,0.0191791602811808
nlpmodel,hinf13,57,30,"DUAL_INFEASIBLE",0.0079024,0.0078859,24,45.11775862706568,46.0,0.0191791602811808
nlpmodel,hinf13,57,30,"DUAL_INFEASIBLE",0.0079507,0.007937,24,45.11775862706568,46.0,0.0191791602811808
nlpmodel,hinf13,57,30,"DUAL_INFEASIBLE",0.010973,0.010959,24,45.11775862706568,46.0,0.0191791602811808
nlpmodel,hinf13,57,30,"DUAL_INFEASIBLE",0.0080999,0.0080769,24,45.11775862706568,46.0,0.0191791602811808
nlpmodel,hinf13,57,30,"DUAL_INFEASIBLE",0.0078936,0.0078759,24,45.11775862706568,46.0,0.0191791602811808
nlpmodel,hinf13,57,30,"DUAL_INFEASIBLE",0.0079461,0.0079331,24,45.11775862706568,46.0,0.0191791602811808
nlpmodel,hinf13,57,30,"DUAL_INFEASIBLE",0.011198,0.011183,24,45.11775862706568,46.0,0.0191791602811808
nlpmodel,hinf13,57,30,"DUAL_INFEASIBLE",0.0079718,0.0079482,24,45.11775862706568,46.0,0.0191791602811808
nlpmodel,hinf13,57,30,"DUAL_INFEASIBLE",0.0079743,0.007957,24,45.11775862706568,46.0,0.0191791602811808
nlpmodel,hinf13,57,30,"DUAL_INFEASIBLE",0.0080236,0.008008,24,45.11775862706568,46.0,0.0191791602811808
nlpmodel,hinf13,57,30,"DUAL_INFEASIBLE",0.011044,0.011029,24,45.11775862706568,46.0,0.0191791602811808
nlpmodel,hinf13,57,30,"DUAL_INFEASIBLE",0.0079739,0.007952,24,45.11775862706568,46.0,0.0191791602811808
nlpmodel,hinf13,57,30,"DUAL_INFEASIBLE",0.0079374,0.0079229,24,45.11775862706568,46.0,0.0191791602811808
nlpmodel,hinf13,57,30,"DUAL_INFEASIBLE",0.0079464,0.0079331,24,45.11775862706568,46.0,0.0191791602811808
nlpmodel,hinf13,57,30,"DUAL_INFEASIBLE",0.011013,0.011,24,45.11775862706568,46.0,0.0191791602811808
nlpmodel,hinf13,57,30,"DUAL_INFEASIBLE",0.0079052,0.007884,24,45.11775862706568,46.0,0.0191791602811808
nlpmodel,hinf13,57,30,"DUAL_INFEASIBLE",0.0079685,0.0079508,24,45.11775862706568,46.0,0.0191791602811808
nlpmodel,hinf13,57,30,"DUAL_INFEASIBLE",0.011449,0.011433,24,45.11775862706568,46.0,0.0191791602811808
nlpmodel,hinf13,57,30,"DUAL_INFEASIBLE",0.0079737,0.0079539,24,45.11775862706568,46.0,0.0191791602811808
nlpmodel,hinf13,57,30,"DUAL_INFEASIBLE",0.0078887,0.0078731,24,45.11775862706568,46.0,0.0191791602811808
nlpmodel,infd1,10,30,"DUAL_INFEASIBLE",0.014599,0.014559,31,-1.42825127878907e58,NaN,NaN
nlpmodel,infd1,10,30,"DUAL_INFEASIBLE",0.014293,0.014256,31,-1.42825127878907e58,NaN,NaN
nlpmodel,infd1,10,30,"DUAL_INFEASIBLE",0.012379,0.012353,31,-1.42825127878907e58,NaN,NaN
nlpmodel,infd1,10,30,"DUAL_INFEASIBLE",0.014419,0.014394,31,-1.42825127878907e58,NaN,NaN
nlpmodel,infd1,10,30,"DUAL_INFEASIBLE",0.014234,0.014205,31,-1.42825127878907e58,NaN,NaN
nlpmodel,infd1,10,30,"DUAL_INFEASIBLE",0.0141,0.014074,31,-1.42825127878907e58,NaN,NaN
nlpmodel,infd1,10,30,"DUAL_INFEASIBLE",0.014083,0.014055,31,-1.42825127878907e58,NaN,NaN
nlpmodel,infd1,10,30,"DUAL_INFEASIBLE",0.014061,0.014034,31,-1.42825127878907e58,NaN,NaN
nlpmodel,infd1,10,30,"DUAL_INFEASIBLE",0.01225,0.012223,31,-1.42825127878907e58,NaN,NaN
nlpmodel,infd1,10,30,"DUAL_INFEASIBLE",0.014215,0.014189,31,-1.42825127878907e58,NaN,NaN
nlpmodel,infd1,10,30,"DUAL_INFEASIBLE",0.014303,0.014264,31,-1.42825127878907e58,NaN,NaN
nlpmodel,infd1,10,30,"DUAL_INFEASIBLE",0.01415,0.01412,31,-1.42825127878907e58,NaN,NaN
nlpmodel,infd1,10,30,"DUAL_INFEASIBLE",0.013975,0.013946,31,-1.42825127878907e58,NaN,NaN
nlpmodel,infd1,10,30,"DUAL_INFEASIBLE",0.013932,0.013904,31,-1.42825127878907e58,NaN,NaN
nlpmodel,infd1,10,30,"DUAL_INFEASIBLE",0.012344,0.012324,31,-1.42825127878907e58,NaN,NaN
nlpmodel,infd1,10,30,"DUAL_INFEASIBLE",0.014145,0.014125,31,-1.42825127878907e58,NaN,NaN
nlpmodel,infd1,10,30,"DUAL_INFEASIBLE",0.014018,0.013981,31,-1.42825127878907e58,NaN,NaN
nlpmodel,infd1,10,30,"DUAL_INFEASIBLE",0.014013,0.01399,31,-1.42825127878907e58,NaN,NaN
nlpmodel,infd1,10,30,"DUAL_INFEASIBLE",0.014161,0.014128,31,-1.42825127878907e58,NaN,NaN
nlpmodel,infd1,10,30,"DUAL_INFEASIBLE",0.012283,0.012257,31,-1.42825127878907e58,NaN,NaN
nlpmodel,infd1,10,30,"DUAL_INFEASIBLE",0.014026,0.014009,31,-1.42825127878907e58,NaN,NaN
nlpmodel,infd1,10,30,"DUAL_INFEASIBLE",0.013965,0.013943,31,-1.42825127878907e58,NaN,NaN
nlpmodel,infd1,10,30,"DUAL_INFEASIBLE",0.014232,0.014203,31,-1.42825127878907e58,NaN,NaN
nlpmodel,infd1,10,30,"DUAL_INFEASIBLE",0.014268,0.014238,31,-1.42825127878907e58,NaN,NaN
nlpmodel,infd1,10,30,"DUAL_INFEASIBLE",0.014024,0.013998,31,-1.42825127878907e58,NaN,NaN
nlpmodel,infd1,10,30,"DUAL_INFEASIBLE",0.01224,0.012214,31,-1.42825127878907e58,NaN,NaN
nlpmodel,infd1,10,30,"DUAL_INFEASIBLE",0.014201,0.014179,31,-1.42825127878907e58,NaN,NaN
nlpmodel,infd1,10,30,"DUAL_INFEASIBLE",0.014118,0.014091,31,-1.42825127878907e58,NaN,NaN
nlpmodel,infd1,10,30,"DUAL_INFEASIBLE",0.014211,0.014182,31,-1.42825127878907e58,NaN,NaN
nlpmodel,infd1,10,30,"DUAL_INFEASIBLE",0.014723,0.014688,31,-1.42825127878907e58,NaN,NaN
nlpmodel,infd1,10,30,"DUAL_INFEASIBLE",0.014077,0.014042,31,-1.42825127878907e58,NaN,NaN
nlpmodel,infd1,10,30,"DUAL_INFEASIBLE",0.012263,0.012237,31,-1.42825127878907e58,NaN,NaN
nlpmodel,infd2,10,30,"DUAL_INFEASIBLE",0.011576,0.011554,24,-1.262124512908403e57,NaN,NaN
nlpmodel,infd2,10,30,"DUAL_INFEASIBLE",0.0094652,0.009443,24,-1.262124512908403e57,NaN,NaN
nlpmodel,infd2,10,30,"DUAL_INFEASIBLE",0.011353,0.011336,24,-1.262124512908403e57,NaN,NaN
nlpmodel,infd2,10,30,"DUAL_INFEASIBLE",0.011334,0.011313,24,-1.262124512908403e57,NaN,NaN
nlpmodel,infd2,10,30,"DUAL_INFEASIBLE",0.0094328,0.0094109,24,-1.262124512908403e57,NaN,NaN
nlpmodel,infd2,10,30,"DUAL_INFEASIBLE",0.011267,0.011249,24,-1.262124512908403e57,NaN,NaN
nlpmodel,infd2,10,30,"DUAL_INFEASIBLE",0.011307,0.011286,24,-1.262124512908403e57,NaN,NaN
nlpmodel,infd2,10,30,"DUAL_INFEASIBLE",0.009414,0.0093951,24,-1.262124512908403e57,NaN,NaN
nlpmodel,infd2,10,30,"DUAL_INFEASIBLE",0.011223,0.011207,24,-1.262124512908403e57,NaN,NaN
nlpmodel,infd2,10,30,"DUAL_INFEASIBLE",0.01114,0.011118,24,-1.262124512908403e57,NaN,NaN
nlpmodel,infd2,10,30,"DUAL_INFEASIBLE",0.0094338,0.009414,24,-1.262124512908403e57,NaN,NaN
nlpmodel,infd2,10,30,"DUAL_INFEASIBLE",0.011544,0.011527,24,-1.262124512908403e57,NaN,NaN
nlpmodel,infd2,10,30,"DUAL_INFEASIBLE",0.01122,0.0112,24,-1.262124512908403e57,NaN,NaN
nlpmodel,infd2,10,30,"DUAL_INFEASIBLE",0.0094447,0.0094249,24,-1.262124512908403e57,NaN,NaN
nlpmodel,infd2,10,30,"DUAL_INFEASIBLE",0.011244,0.011227,24,-1.262124512908403e57,NaN,NaN
nlpmodel,infd2,10,30,"DUAL_INFEASIBLE",0.0093417,0.0093229,24,-1.262124512908403e57,NaN,NaN
nlpmodel,infd2,10,30,"DUAL_INFEASIBLE",0.01122,0.011204,24,-1.262124512908403e57,NaN,NaN
nlpmodel,infd2,10,30,"DUAL_INFEASIBLE",0.011465,0.011441,24,-1.262124512908403e57,NaN,NaN
nlpmodel,infd2,10,30,"DUAL_INFEASIBLE",0.0094402,0.0094151,24,-1.262124512908403e57,NaN,NaN
nlpmodel,infd2,10,30,"DUAL_INFEASIBLE",0.011266,0.011249,24,-1.262124512908403e57,NaN,NaN
nlpmodel,infd2,10,30,"DUAL_INFEASIBLE",0.01168,0.011658,24,-1.262124512908403e57,NaN,NaN
nlpmodel,infd2,10,30,"DUAL_INFEASIBLE",0.0094323,0.0094101,24,-1.262124512908403e57,NaN,NaN
nlpmodel,infd2,10,30,"DUAL_INFEASIBLE",0.011247,0.01123,24,-1.262124512908403e57,NaN,NaN
nlpmodel,infd2,10,30,"DUAL_INFEASIBLE",0.011314,0.011291,24,-1.262124512908403e57,NaN,NaN
nlpmodel,infd2,10,30,"DUAL_INFEASIBLE",0.0094172,0.0093961,24,-1.262124512908403e57,NaN,NaN
nlpmodel,infd2,10,30,"DUAL_INFEASIBLE",0.011197,0.011181,24,-1.262124512908403e57,NaN,NaN
nlpmodel,infd2,10,30,"DUAL_INFEASIBLE",0.011092,0.011072,24,-1.262124512908403e57,NaN,NaN
nlpmodel,infd2,10,30,"DUAL_INFEASIBLE",0.0094152,0.0093949,24,-1.262124512908403e57,NaN,NaN
nlpmodel,infd2,10,30,"DUAL_INFEASIBLE",0.011178,0.011162,24,-1.262124512908403e57,NaN,NaN
nlpmodel,infd2,10,30,"DUAL_INFEASIBLE",0.0093454,0.009326,24,-1.262124512908403e57,NaN,NaN
nlpmodel,infd2,10,30,"DUAL_INFEASIBLE",0.011285,0.011267,24,-1.262124512908403e57,NaN,NaN
nlpmodel,infd2,10,30,"DUAL_INFEASIBLE",0.011195,0.011173,24,-1.262124512908403e57,NaN,NaN
nlpmodel,infp1,10,30,"INFEASIBLE",0.012461,0.012433,23,5.1803466034826275,NaN,NaN
nlpmodel,infp1,10,30,"INFEASIBLE",0.011286,0.011254,23,5.1803466034826275,NaN,NaN
nlpmodel,infp1,10,30,"INFEASIBLE",0.0091678,0.0091391,23,5.1803466034826275,NaN,NaN
nlpmodel,infp1,10,30,"INFEASIBLE",0.011177,0.011154,23,5.1803466034826275,NaN,NaN
nlpmodel,infp1,10,30,"INFEASIBLE",0.010898,0.010872,23,5.1803466034826275,NaN,NaN
nlpmodel,infp1,10,30,"INFEASIBLE",0.0091363,0.009114,23,5.1803466034826275,NaN,NaN
nlpmodel,infp1,10,30,"INFEASIBLE",0.011036,0.01102,23,5.1803466034826275,NaN,NaN
nlpmodel,infp1,10,30,"INFEASIBLE",0.0090483,0.0090301,23,5.1803466034826275,NaN,NaN
nlpmodel,infp1,10,30,"INFEASIBLE",0.010873,0.010858,23,5.1803466034826275,NaN,NaN
nlpmodel,infp1,10,30,"INFEASIBLE",0.01083,0.010809,23,5.1803466034826275,NaN,NaN
nlpmodel,infp1,10,30,"INFEASIBLE",0.0090667,0.0090461,23,5.1803466034826275,NaN,NaN
nlpmodel,infp1,10,30,"INFEASIBLE",0.010958,0.010941,23,5.1803466034826275,NaN,NaN
nlpmodel,infp1,10,30,"INFEASIBLE",0.0090348,0.0090151,23,5.1803466034826275,NaN,NaN
nlpmodel,infp1,10,30,"INFEASIBLE",0.010964,0.010948,23,5.1803466034826275,NaN,NaN
nlpmodel,infp1,10,30,"INFEASIBLE",0.011122,0.011095,23,5.1803466034826275,NaN,NaN
nlpmodel,infp1,10,30,"INFEASIBLE",0.0091097,0.0090849,23,5.1803466034826275,NaN,NaN
nlpmodel,infp1,10,30,"INFEASIBLE",0.011095,0.011076,23,5.1803466034826275,NaN,NaN
nlpmodel,infp1,10,30,"INFEASIBLE",0.011043,0.011013,23,5.1803466034826275,NaN,NaN
nlpmodel,infp1,10,30,"INFEASIBLE",0.0090977,0.0090709,23,5.1803466034826275,NaN,NaN
nlpmodel,infp1,10,30,"INFEASIBLE",0.010934,0.010918,23,5.1803466034826275,NaN,NaN
nlpmodel,infp1,10,30,"INFEASIBLE",0.0091097,0.0090899,23,5.1803466034826275,NaN,NaN
nlpmodel,infp1,10,30,"INFEASIBLE",0.010992,0.010971,23,5.1803466034826275,NaN,NaN
nlpmodel,infp1,10,30,"INFEASIBLE",0.010868,0.010849,23,5.1803466034826275,NaN,NaN
nlpmodel,infp1,10,30,"INFEASIBLE",0.0090648,0.0090461,23,5.1803466034826275,NaN,NaN
nlpmodel,infp1,10,30,"INFEASIBLE",0.01106,0.011045,23,5.1803466034826275,NaN,NaN
nlpmodel,infp1,10,30,"INFEASIBLE",0.009063,0.0090399,23,5.1803466034826275,NaN,NaN
nlpmodel,infp1,10,30,"INFEASIBLE",0.010897,0.010878,23,5.1803466034826275,NaN,NaN
nlpmodel,infp1,10,30,"INFEASIBLE",0.010986,0.010964,23,5.1803466034826275,NaN,NaN
nlpmodel,infp1,10,30,"INFEASIBLE",0.009109,0.0090871,23,5.1803466034826275,NaN,NaN
nlpmodel,infp1,10,30,"INFEASIBLE",0.010958,0.010939,23,5.1803466034826275,NaN,NaN
nlpmodel,infp1,10,30,"INFEASIBLE",0.010913,0.010893,23,5.1803466034826275,NaN,NaN
nlpmodel,infp1,10,30,"INFEASIBLE",0.0090995,0.009079,23,5.1803466034826275,NaN,NaN
nlpmodel,infp2,10,30,"INFEASIBLE",0.009146,0.0091081,23,4.545810967471759,NaN,NaN
nlpmodel,infp2,10,30,"INFEASIBLE",0.011547,0.01152,23,4.545810967471759,NaN,NaN
nlpmodel,infp2,10,30,"INFEASIBLE",0.011241,0.01121,23,4.545810967471759,NaN,NaN
nlpmodel,infp2,10,30,"INFEASIBLE",0.0092363,0.0092089,23,4.545810967471759,NaN,NaN
nlpmodel,infp2,10,30,"INFEASIBLE",0.011072,0.011054,23,4.545810967471759,NaN,NaN
nlpmodel,infp2,10,30,"INFEASIBLE",0.0091239,0.009104,23,4.545810967471759,NaN,NaN
nlpmodel,infp2,10,30,"INFEASIBLE",0.010977,0.010962,23,4.545810967471759,NaN,NaN
nlpmodel,infp2,10,30,"INFEASIBLE",0.010789,0.01077,23,4.545810967471759,NaN,NaN
nlpmodel,infp2,10,30,"INFEASIBLE",0.0091107,0.009093,23,4.545810967471759,NaN,NaN
nlpmodel,infp2,10,30,"INFEASIBLE",0.011001,0.010986,23,4.545810967471759,NaN,NaN
nlpmodel,infp2,10,30,"INFEASIBLE",0.0090737,0.009052,23,4.545810967471759,NaN,NaN
nlpmodel,infp2,10,30,"INFEASIBLE",0.010923,0.010904,23,4.545810967471759,NaN,NaN
nlpmodel,infp2,10,30,"INFEASIBLE",0.010911,0.010889,23,4.545810967471759,NaN,NaN
nlpmodel,infp2,10,30,"INFEASIBLE",0.0091412,0.0091209,23,4.545810967471759,NaN,NaN
nlpmodel,infp2,10,30,"INFEASIBLE",0.010986,0.010971,23,4.545810967471759,NaN,NaN
nlpmodel,infp2,10,30,"INFEASIBLE",0.009026,0.009006,23,4.545810967471759,NaN,NaN
nlpmodel,infp2,10,30,"INFEASIBLE",0.010895,0.010877,23,4.545810967471759,NaN,NaN
nlpmodel,infp2,10,30,"INFEASIBLE",0.010925,0.010906,23,4.545810967471759,NaN,NaN
nlpmodel,infp2,10,30,"INFEASIBLE",0.0090681,0.009048,23,4.545810967471759,NaN,NaN
nlpmodel,infp2,10,30,"INFEASIBLE",0.010953,0.010937,23,4.545810967471759,NaN,NaN
nlpmodel,infp2,10,30,"INFEASIBLE",0.010868,0.010848,23,4.545810967471759,NaN,NaN
nlpmodel,infp2,10,30,"INFEASIBLE",0.0090843,0.0090652,23,4.545810967471759,NaN,NaN
nlpmodel,infp2,10,30,"INFEASIBLE",0.010856,0.01084,23,4.545810967471759,NaN,NaN
nlpmodel,infp2,10,30,"INFEASIBLE",0.0090827,0.009064,23,4.545810967471759,NaN,NaN
nlpmodel,infp2,10,30,"INFEASIBLE",0.010939,0.010921,23,4.545810967471759,NaN,NaN
nlpmodel,infp2,10,30,"INFEASIBLE",0.01128,0.01126,23,4.545810967471759,NaN,NaN
nlpmodel,infp2,10,30,"INFEASIBLE",0.0090618,0.0090411,23,4.545810967471759,NaN,NaN
nlpmodel,infp2,10,30,"INFEASIBLE",0.010898,0.010881,23,4.545810967471759,NaN,NaN
nlpmodel,infp2,10,30,"INFEASIBLE",0.0090065,0.0089879,23,4.545810967471759,NaN,NaN
nlpmodel,infp2,10,30,"INFEASIBLE",0.010983,0.010966,23,4.545810967471759,NaN,NaN
nlpmodel,infp2,10,30,"INFEASIBLE",0.010913,0.010893,23,4.545810967471759,NaN,NaN
nlpmodel,infp2,10,30,"INFEASIBLE",0.0090474,0.009027,23,4.545810967471759,NaN,NaN
nlpmodel,truss3,27,31,"OPTIMAL",0.0055394,0.005496,11,-9.109994520233693,-9.109996,1.6243325548226433e-7
nlpmodel,truss3,27,31,"OPTIMAL",0.0054498,0.005419,11,-9.109994520233693,-9.109996,1.6243325548226433e-7
nlpmodel,truss3,27,31,"OPTIMAL",0.0040923,0.0040681,11,-9.109994520233693,-9.109996,1.6243325548226433e-7
nlpmodel,truss3,27,31,"OPTIMAL",0.0029258,0.0029111,11,-9.109994520233693,-9.109996,1.6243325548226433e-7
nlpmodel,truss3,27,31,"OPTIMAL",0.00641,0.006397,11,-9.109994520233693,-9.109996,1.6243325548226433e-7
nlpmodel,truss3,27,31,"OPTIMAL",0.0019383,0.0019181,11,-9.109994520233693,-9.109996,1.6243325548226433e-7
nlpmodel,truss3,27,31,"OPTIMAL",0.0019902,0.0019801,11,-9.109994520233693,-9.109996,1.6243325548226433e-7
nlpmodel,truss3,27,31,"OPTIMAL",0.0019967,0.001987,11,-9.109994520233693,-9.109996,1.6243325548226433e-7
nlpmodel,truss3,27,31,"OPTIMAL",0.0019915,0.001982,11,-9.109994520233693,-9.109996,1.6243325548226433e-7
nlpmodel,truss3,27,31,"OPTIMAL",0.0019839,0.0019748,11,-9.109994520233693,-9.109996,1.6243325548226433e-7
nlpmodel,truss3,27,31,"OPTIMAL",0.0019837,0.0019739,11,-9.109994520233693,-9.109996,1.6243325548226433e-7
nlpmodel,truss3,27,31,"OPTIMAL",0.0019754,0.001966,11,-9.109994520233693,-9.109996,1.6243325548226433e-7
nlpmodel,truss3,27,31,"OPTIMAL",0.0019852,0.001977,11,-9.109994520233693,-9.109996,1.6243325548226433e-7
nlpmodel,truss3,27,31,"OPTIMAL",0.0019989,0.0019901,11,-9.109994520233693,-9.109996,1.6243325548226433e-7
nlpmodel,truss3,27,31,"OPTIMAL",0.0020036,0.0019951,11,-9.109994520233693,-9.109996,1.6243325548226433e-7
nlpmodel,truss3,27,31,"OPTIMAL",0.0020051,0.001996,11,-9.109994520233693,-9.109996,1.6243325548226433e-7
nlpmodel,truss3,27,31,"OPTIMAL",0.0019807,0.001972,11,-9.109994520233693,-9.109996,1.6243325548226433e-7
nlpmodel,truss3,27,31,"OPTIMAL",0.0019986,0.0019901,11,-9.109994520233693,-9.109996,1.6243325548226433e-7
nlpmodel,truss3,27,31,"OPTIMAL",0.0019934,0.0019851,11,-9.109994520233693,-9.109996,1.6243325548226433e-7
nlpmodel,truss3,27,31,"OPTIMAL",0.0020263,0.002018,11,-9.109994520233693,-9.109996,1.6243325548226433e-7
nlpmodel,truss3,27,31,"OPTIMAL",0.0020078,0.0019991,11,-9.109994520233693,-9.109996,1.6243325548226433e-7
nlpmodel,truss3,27,31,"OPTIMAL",0.0066639,0.006655,11,-9.109994520233693,-9.109996,1.6243325548226433e-7
nlpmodel,truss3,27,31,"OPTIMAL",0.0019997,0.0019801,11,-9.109994520233693,-9.109996,1.6243325548226433e-7
nlpmodel,truss3,27,31,"OPTIMAL",0.0019887,0.0019791,11,-9.109994520233693,-9.109996,1.6243325548226433e-7
nlpmodel,truss3,27,31,"OPTIMAL",0.0020036,0.0019932,11,-9.109994520233693,-9.109996,1.6243325548226433e-7
nlpmodel,truss3,27,31,"OPTIMAL",0.0019952,0.001986,11,-9.109994520233693,-9.109996,1.6243325548226433e-7
nlpmodel,truss3,27,31,"OPTIMAL",0.0020014,0.001992,11,-9.109994520233693,-9.109996,1.6243325548226433e-7
nlpmodel,truss3,27,31,"OPTIMAL",0.0020819,0.0020719,11,-9.109994520233693,-9.109996,1.6243325548226433e-7
nlpmodel,truss3,27,31,"OPTIMAL",0.0020303,0.0020211,11,-9.109994520233693,-9.109996,1.6243325548226433e-7
nlpmodel,truss3,27,31,"OPTIMAL",0.0020267,0.002018,11,-9.109994520233693,-9.109996,1.6243325548226433e-7
nlpmodel,truss3,27,31,"OPTIMAL",0.0020083,0.0019991,11,-9.109994520233693,-9.109996,1.6243325548226433e-7
nlpmodel,truss3,27,31,"OPTIMAL",0.0020155,0.0020061,11,-9.109994520233693,-9.109996,1.6243325548226433e-7
nlpmodel,hinf14,73,34,"DUAL_INFEASIBLE",0.015586,0.015553,21,12.997397098261644,13.0,0.00020022321064280173
nlpmodel,hinf14,73,34,"DUAL_INFEASIBLE",0.010022,0.0099881,21,12.997397098261644,13.0,0.00020022321064280173
nlpmodel,hinf14,73,34,"DUAL_INFEASIBLE",0.010038,0.010019,21,12.997397098261644,13.0,0.00020022321064280173
nlpmodel,hinf14,73,34,"DUAL_INFEASIBLE",0.010068,0.010054,21,12.997397098261644,13.0,0.00020022321064280173
nlpmodel,hinf14,73,34,"DUAL_INFEASIBLE",0.013723,0.013708,21,12.997397098261644,13.0,0.00020022321064280173
nlpmodel,hinf14,73,34,"DUAL_INFEASIBLE",0.010079,0.010049,21,12.997397098261644,13.0,0.00020022321064280173
nlpmodel,hinf14,73,34,"DUAL_INFEASIBLE",0.010014,0.009994,21,12.997397098261644,13.0,0.00020022321064280173
nlpmodel,hinf14,73,34,"DUAL_INFEASIBLE",0.013725,0.013708,21,12.997397098261644,13.0,0.00020022321064280173
nlpmodel,hinf14,73,34,"DUAL_INFEASIBLE",0.010025,0.0099969,21,12.997397098261644,13.0,0.00020022321064280173
nlpmodel,hinf14,73,34,"DUAL_INFEASIBLE",0.010075,0.010052,21,12.997397098261644,13.0,0.00020022321064280173
nlpmodel,hinf14,73,34,"DUAL_INFEASIBLE",0.013743,0.013725,21,12.997397098261644,13.0,0.00020022321064280173
nlpmodel,hinf14,73,34,"DUAL_INFEASIBLE",0.01006,0.010032,21,12.997397098261644,13.0,0.00020022321064280173
nlpmodel,hinf14,73,34,"DUAL_INFEASIBLE",0.01007,0.01005,21,12.997397098261644,13.0,0.00020022321064280173
nlpmodel,hinf14,73,34,"DUAL_INFEASIBLE",0.013691,0.013671,21,12.997397098261644,13.0,0.00020022321064280173
nlpmodel,hinf14,73,34,"DUAL_INFEASIBLE",0.010066,0.010038,21,12.997397098261644,13.0,0.00020022321064280173
nlpmodel,hinf14,73,34,"DUAL_INFEASIBLE",0.0099382,0.0099211,21,12.997397098261644,13.0,0.00020022321064280173
nlpmodel,hinf14,73,34,"DUAL_INFEASIBLE",0.0099745,0.0099611,21,12.997397098261644,13.0,0.00020022321064280173
nlpmodel,hinf14,73,34,"DUAL_INFEASIBLE",0.013362,0.013347,21,12.997397098261644,13.0,0.00020022321064280173
nlpmodel,hinf14,73,34,"DUAL_INFEASIBLE",0.0099797,0.0099499,21,12.997397098261644,13.0,0.00020022321064280173
nlpmodel,hinf14,73,34,"DUAL_INFEASIBLE",0.010007,0.0099859,21,12.997397098261644,13.0,0.00020022321064280173
nlpmodel,hinf14,73,34,"DUAL_INFEASIBLE",0.013358,0.013343,21,12.997397098261644,13.0,0.00020022321064280173
nlpmodel,hinf14,73,34,"DUAL_INFEASIBLE",0.010055,0.010025,21,12.997397098261644,13.0,0.00020022321064280173
nlpmodel,hinf14,73,34,"DUAL_INFEASIBLE",0.010019,0.009995,21,12.997397098261644,13.0,0.00020022321064280173
nlpmodel,hinf14,73,34,"DUAL_INFEASIBLE",0.013625,0.013606,21,12.997397098261644,13.0,0.00020022321064280173
nlpmodel,hinf14,73,34,"DUAL_INFEASIBLE",0.010051,0.010025,21,12.997397098261644,13.0,0.00020022321064280173
nlpmodel,hinf14,73,34,"DUAL_INFEASIBLE",0.0099892,0.009975,21,12.997397098261644,13.0,0.00020022321064280173
nlpmodel,hinf14,73,34,"DUAL_INFEASIBLE",0.013375,0.01336,21,12.997397098261644,13.0,0.00020022321064280173
nlpmodel,hinf14,73,34,"DUAL_INFEASIBLE",0.010015,0.0099869,21,12.997397098261644,13.0,0.00020022321064280173
nlpmodel,hinf14,73,34,"DUAL_INFEASIBLE",0.010014,0.0099969,21,12.997397098261644,13.0,0.00020022321064280173
nlpmodel,hinf14,73,34,"DUAL_INFEASIBLE",0.013331,0.013316,21,12.997397098261644,13.0,0.00020022321064280173
nlpmodel,hinf14,73,34,"DUAL_INFEASIBLE",0.0099992,0.009979,21,12.997397098261644,13.0,0.00020022321064280173
nlpmodel,hinf14,73,34,"DUAL_INFEASIBLE",0.0099601,0.0099459,21,12.997397098261644,13.0,0.00020022321064280173
nlpmodel,hinf15,91,37,"DUAL_INFEASIBLE",0.018991,0.018949,27,24.44196825982644,25.0,0.022321269606942452
nlpmodel,hinf15,91,37,"DUAL_INFEASIBLE",0.022677,0.022646,27,24.44196825982644,25.0,0.022321269606942452
nlpmodel,hinf15,91,37,"DUAL_INFEASIBLE",0.019089,0.019052,27,24.44196825982644,25.0,0.022321269606942452
nlpmodel,hinf15,91,37,"DUAL_INFEASIBLE",0.022304,0.022276,27,24.44196825982644,25.0,0.022321269606942452
nlpmodel,hinf15,91,37,"DUAL_INFEASIBLE",0.018922,0.018892,27,24.44196825982644,25.0,0.022321269606942452
nlpmodel,hinf15,91,37,"DUAL_INFEASIBLE",0.022701,0.022678,27,24.44196825982644,25.0,0.022321269606942452
nlpmodel,hinf15,91,37,"DUAL_INFEASIBLE",0.019033,0.019,27,24.44196825982644,25.0,0.022321269606942452
nlpmodel,hinf15,91,37,"DUAL_INFEASIBLE",0.022509,0.022481,27,24.44196825982644,25.0,0.022321269606942452
nlpmodel,hinf15,91,37,"DUAL_INFEASIBLE",0.019079,0.019049,27,24.44196825982644,25.0,0.022321269606942452
nlpmodel,hinf15,91,37,"DUAL_INFEASIBLE",0.022194,0.022167,27,24.44196825982644,25.0,0.022321269606942452
nlpmodel,hinf15,91,37,"DUAL_INFEASIBLE",0.019104,0.019071,27,24.44196825982644,25.0,0.022321269606942452
nlpmodel,hinf15,91,37,"DUAL_INFEASIBLE",0.022209,0.022188,27,24.44196825982644,25.0,0.022321269606942452
nlpmodel,hinf15,91,37,"DUAL_INFEASIBLE",0.019144,0.019112,27,24.44196825982644,25.0,0.022321269606942452
nlpmodel,hinf15,91,37,"DUAL_INFEASIBLE",0.022225,0.022198,27,24.44196825982644,25.0,0.022321269606942452
nlpmodel,hinf15,91,37,"DUAL_INFEASIBLE",0.019011,0.01898,27,24.44196825982644,25.0,0.022321269606942452
nlpmodel,hinf15,91,37,"DUAL_INFEASIBLE",0.022413,0.022386,27,24.44196825982644,25.0,0.022321269606942452
nlpmodel,hinf15,91,37,"DUAL_INFEASIBLE",0.019082,0.019044,27,24.44196825982644,25.0,0.022321269606942452
nlpmodel,hinf15,91,37,"DUAL_INFEASIBLE",0.022163,0.022142,27,24.44196825982644,25.0,0.022321269606942452
nlpmodel,hinf15,91,37,"DUAL_INFEASIBLE",0.032698,0.032665,27,24.44196825982644,25.0,0.022321269606942452
nlpmodel,hinf15,91,37,"DUAL_INFEASIBLE",0.046694,0.04664,27,24.44196825982644,25.0,0.022321269606942452
nlpmodel,hinf15,91,37,"DUAL_INFEASIBLE",0.040352,0.040301,27,24.44196825982644,25.0,0.022321269606942452
nlpmodel,hinf15,91,37,"DUAL_INFEASIBLE",0.046338,0.046289,27,24.44196825982644,25.0,0.022321269606942452
nlpmodel,hinf15,91,37,"DUAL_INFEASIBLE",0.040537,0.040478,27,24.44196825982644,25.0,0.022321269606942452
nlpmodel,hinf15,91,37,"DUAL_INFEASIBLE",0.046715,0.046638,27,24.44196825982644,25.0,0.022321269606942452
nlpmodel,hinf15,91,37,"DUAL_INFEASIBLE",0.040221,0.040136,27,24.44196825982644,25.0,0.022321269606942452
nlpmodel,hinf15,91,37,"DUAL_INFEASIBLE",0.046138,0.046092,27,24.44196825982644,25.0,0.022321269606942452
nlpmodel,hinf15,91,37,"DUAL_INFEASIBLE",0.040269,0.040214,27,24.44196825982644,25.0,0.022321269606942452
nlpmodel,hinf15,91,37,"DUAL_INFEASIBLE",0.049772,0.049698,27,24.44196825982644,25.0,0.022321269606942452
nlpmodel,hinf15,91,37,"DUAL_INFEASIBLE",0.04038,0.0403,27,24.44196825982644,25.0,0.022321269606942452
nlpmodel,hinf15,91,37,"DUAL_INFEASIBLE",0.046259,0.046205,27,24.44196825982644,25.0,0.022321269606942452
nlpmodel,hinf15,91,37,"DUAL_INFEASIBLE",0.046538,0.046459,27,24.44196825982644,25.0,0.022321269606942452
nlpmodel,hinf15,91,37,"DUAL_INFEASIBLE",0.040219,0.040173,27,24.44196825982644,25.0,0.022321269606942452
nlpmodel,qap6,229,37,"DUAL_INFEASIBLE",0.061905,0.061859,17,3047.5716243422085,-381.44,8.989648763481041
nlpmodel,qap6,229,37,"DUAL_INFEASIBLE",0.061946,0.061874,17,3047.5716243422085,-381.44,8.989648763481041
nlpmodel,qap6,229,37,"DUAL_INFEASIBLE",0.064407,0.064351,17,3047.5716243422085,-381.44,8.989648763481041
nlpmodel,qap6,229,37,"DUAL_INFEASIBLE",0.062172,0.062129,17,3047.5716243422085,-381.44,8.989648763481041
nlpmodel,qap6,229,37,"DUAL_INFEASIBLE",0.06191,0.061869,17,3047.5716243422085,-381.44,8.989648763481041
nlpmodel,qap6,229,37,"DUAL_INFEASIBLE",0.064331,0.064287,17,3047.5716243422085,-381.44,8.989648763481041
nlpmodel,qap6,229,37,"DUAL_INFEASIBLE",0.061948,0.061907,17,3047.5716243422085,-381.44,8.989648763481041
nlpmodel,qap6,229,37,"DUAL_INFEASIBLE",0.14943,0.14938,17,3047.5716243422085,-381.44,8.989648763481041
nlpmodel,qap6,229,37,"DUAL_INFEASIBLE",0.44471,0.44464,17,3047.5716243422085,-381.44,8.989648763481041
nlpmodel,qap6,229,37,"DUAL_INFEASIBLE",0.13622,0.13612,17,3047.5716243422085,-381.44,8.989648763481041
nlpmodel,qap6,229,37,"DUAL_INFEASIBLE",0.13635,0.13629,17,3047.5716243422085,-381.44,8.989648763481041
nlpmodel,qap6,229,37,"DUAL_INFEASIBLE",0.13482,0.13472,17,3047.5716243422085,-381.44,8.989648763481041
nlpmodel,qap6,229,37,"DUAL_INFEASIBLE",0.13877,0.13868,17,3047.5716243422085,-381.44,8.989648763481041
nlpmodel,qap6,229,37,"DUAL_INFEASIBLE",0.14613,0.14606,17,3047.5716243422085,-381.44,8.989648763481041
nlpmodel,qap6,229,37,"DUAL_INFEASIBLE",0.14511,0.14502,17,3047.5716243422085,-381.44,8.989648763481041
nlpmodel,qap6,229,37,"DUAL_INFEASIBLE",0.14558,0.14552,17,3047.5716243422085,-381.44,8.989648763481041
nlpmodel,qap6,229,37,"DUAL_INFEASIBLE",0.14858,0.14848,17,3047.5716243422085,-381.44,8.989648763481041
nlpmodel,qap6,229,37,"DUAL_INFEASIBLE",0.12538,0.12529,17,3047.5716243422085,-381.44,8.989648763481041
nlpmodel,qap6,229,37,"DUAL_INFEASIBLE",0.12522,0.12512,17,3047.5716243422085,-381.44,8.989648763481041
nlpmodel,qap6,229,37,"DUAL_INFEASIBLE",0.12594,0.12588,17,3047.5716243422085,-381.44,8.989648763481041
nlpmodel,qap6,229,37,"DUAL_INFEASIBLE",0.12555,0.12549,17,3047.5716243422085,-381.44,8.989648763481041
nlpmodel,qap6,229,37,"DUAL_INFEASIBLE",0.1392,0.13911,17,3047.5716243422085,-381.44,8.989648763481041
nlpmodel,qap6,229,37,"DUAL_INFEASIBLE",0.12604,0.12597,17,3047.5716243422085,-381.44,8.989648763481041
nlpmodel,qap6,229,37,"DUAL_INFEASIBLE",0.12536,0.12526,17,3047.5716243422085,-381.44,8.989648763481041
nlpmodel,qap6,229,37,"DUAL_INFEASIBLE",0.13297,0.13288,17,3047.5716243422085,-381.44,8.989648763481041
nlpmodel,qap6,229,37,"DUAL_INFEASIBLE",0.12555,0.12549,17,3047.5716243422085,-381.44,8.989648763481041
nlpmodel,qap6,229,37,"DUAL_INFEASIBLE",0.12862,0.12852,17,3047.5716243422085,-381.44,8.989648763481041
nlpmodel,qap6,229,37,"DUAL_INFEASIBLE",0.13492,0.13482,17,3047.5716243422085,-381.44,8.989648763481041
nlpmodel,qap6,229,37,"DUAL_INFEASIBLE",0.12528,0.12518,17,3047.5716243422085,-381.44,8.989648763481041
nlpmodel,qap6,229,37,"DUAL_INFEASIBLE",0.13019,0.13013,17,3047.5716243422085,-381.44,8.989648763481041
nlpmodel,qap6,229,37,"DUAL_INFEASIBLE",0.12558,0.12551,17,3047.5716243422085,-381.44,8.989648763481041
nlpmodel,qap6,229,37,"DUAL_INFEASIBLE",0.13044,0.13034,17,3047.5716243422085,-381.44,8.989648763481041
nlpmodel,control3,136,45,"OPTIMAL",0.046769,0.046727,25,13.633269472650992,13.63327,3.868103596047895e-8
nlpmodel,control3,136,45,"OPTIMAL",0.046013,0.045972,25,13.633269472650992,13.63327,3.868103596047895e-8
nlpmodel,control3,136,45,"OPTIMAL",0.047297,0.047254,25,13.633269472650992,13.63327,3.868103596047895e-8
nlpmodel,control3,136,45,"OPTIMAL",0.046729,0.046682,25,13.633269472650992,13.63327,3.868103596047895e-8
nlpmodel,control3,136,45,"OPTIMAL",0.046742,0.046701,25,13.633269472650992,13.63327,3.868103596047895e-8
nlpmodel,control3,136,45,"OPTIMAL",0.046827,0.046783,25,13.633269472650992,13.63327,3.868103596047895e-8
nlpmodel,control3,136,45,"OPTIMAL",0.047068,0.047025,25,13.633269472650992,13.63327,3.868103596047895e-8
nlpmodel,control3,136,45,"OPTIMAL",0.047762,0.047717,25,13.633269472650992,13.63327,3.868103596047895e-8
nlpmodel,control3,136,45,"OPTIMAL",0.047117,0.047072,25,13.633269472650992,13.63327,3.868103596047895e-8
nlpmodel,control3,136,45,"OPTIMAL",0.04665,0.046606,25,13.633269472650992,13.63327,3.868103596047895e-8
nlpmodel,control3,136,45,"OPTIMAL",0.046694,0.046651,25,13.633269472650992,13.63327,3.868103596047895e-8
nlpmodel,control3,136,45,"OPTIMAL",0.046347,0.046308,25,13.633269472650992,13.63327,3.868103596047895e-8
nlpmodel,control3,136,45,"OPTIMAL",0.047425,0.047382,25,13.633269472650992,13.63327,3.868103596047895e-8
nlpmodel,control3,136,45,"OPTIMAL",0.046523,0.046479,25,13.633269472650992,13.63327,3.868103596047895e-8
nlpmodel,control3,136,45,"OPTIMAL",0.046994,0.046951,25,13.633269472650992,13.63327,3.868103596047895e-8
nlpmodel,control3,136,45,"OPTIMAL",0.046522,0.046481,25,13.633269472650992,13.63327,3.868103596047895e-8
nlpmodel,control3,136,45,"OPTIMAL",0.046429,0.046389,25,13.633269472650992,13.63327,3.868103596047895e-8
nlpmodel,control3,136,45,"OPTIMAL",0.046443,0.046403,25,13.633269472650992,13.63327,3.868103596047895e-8
nlpmodel,control3,136,45,"OPTIMAL",0.04668,0.046638,25,13.633269472650992,13.63327,3.868103596047895e-8
nlpmodel,control3,136,45,"OPTIMAL",0.046584,0.046515,25,13.633269472650992,13.63327,3.868103596047895e-8
nlpmodel,control3,136,45,"OPTIMAL",0.046411,0.046343,25,13.633269472650992,13.63327,3.868103596047895e-8
nlpmodel,control3,136,45,"OPTIMAL",0.096987,0.096948,25,13.633269472650992,13.63327,3.868103596047895e-8
nlpmodel,control3,136,45,"OPTIMAL",0.099013,0.098954,25,13.633269472650992,13.63327,3.868103596047895e-8
nlpmodel,control3,136,45,"OPTIMAL",0.099474,0.099386,25,13.633269472650992,13.63327,3.868103596047895e-8
nlpmodel,control3,136,45,"OPTIMAL",0.099477,0.099417,25,13.633269472650992,13.63327,3.868103596047895e-8
nlpmodel,control3,136,45,"OPTIMAL",0.10021,0.10012,25,13.633269472650992,13.63327,3.868103596047895e-8
nlpmodel,control3,136,45,"OPTIMAL",0.09942,0.099356,25,13.633269472650992,13.63327,3.868103596047895e-8
nlpmodel,control3,136,45,"OPTIMAL",0.099979,0.099891,25,13.633269472650992,13.63327,3.868103596047895e-8
nlpmodel,control3,136,45,"OPTIMAL",0.099099,0.099006,25,13.633269472650992,13.63327,3.868103596047895e-8
nlpmodel,control3,136,45,"OPTIMAL",0.098969,0.098906,25,13.633269472650992,13.63327,3.868103596047895e-8
nlpmodel,control3,136,45,"OPTIMAL",0.099041,0.098954,25,13.633269472650992,13.63327,3.868103596047895e-8
nlpmodel,control3,136,45,"OPTIMAL",0.098881,0.0988,25,13.633269472650992,13.63327,3.868103596047895e-8
nlpmodel,qap7,358,50,"DUAL_INFEASIBLE",0.17206,0.172,17,1076.8062304105842,-425.0,3.5336617186131396
nlpmodel,qap7,358,50,"DUAL_INFEASIBLE",0.1719,0.17182,17,1076.8062304105842,-425.0,3.5336617186131396
nlpmodel,qap7,358,50,"DUAL_INFEASIBLE",0.22848,0.22844,17,1076.8062304105842,-425.0,3.5336617186131396
nlpmodel,qap7,358,50,"DUAL_INFEASIBLE",0.35988,0.35982,17,1076.8062304105842,-425.0,3.5336617186131396
nlpmodel,qap7,358,50,"DUAL_INFEASIBLE",0.35518,0.35511,17,1076.8062304105842,-425.0,3.5336617186131396
nlpmodel,qap7,358,50,"DUAL_INFEASIBLE",0.35765,0.35755,17,1076.8062304105842,-425.0,3.5336617186131396
nlpmodel,qap7,358,50,"DUAL_INFEASIBLE",0.35646,0.35636,17,1076.8062304105842,-425.0,3.5336617186131396
nlpmodel,qap7,358,50,"DUAL_INFEASIBLE",0.35993,0.35986,17,1076.8062304105842,-425.0,3.5336617186131396
nlpmodel,qap7,358,50,"DUAL_INFEASIBLE",0.75024,0.75013,17,1076.8062304105842,-425.0,3.5336617186131396
nlpmodel,qap7,358,50,"DUAL_INFEASIBLE",0.38349,0.38339,17,1076.8062304105842,-425.0,3.5336617186131396
nlpmodel,qap7,358,50,"DUAL_INFEASIBLE",0.38793,0.38779,17,1076.8062304105842,-425.0,3.5336617186131396
nlpmodel,qap7,358,50,"DUAL_INFEASIBLE",0.38988,0.38982,17,1076.8062304105842,-425.0,3.5336617186131396
nlpmodel,qap7,358,50,"DUAL_INFEASIBLE",0.37709,0.37699,17,1076.8062304105842,-425.0,3.5336617186131396
nlpmodel,qap7,358,50,"DUAL_INFEASIBLE",0.34715,0.34707,17,1076.8062304105842,-425.0,3.5336617186131396
nlpmodel,qap7,358,50,"DUAL_INFEASIBLE",0.35181,0.35171,17,1076.8062304105842,-425.0,3.5336617186131396
nlpmodel,qap7,358,50,"DUAL_INFEASIBLE",0.359,0.35893,17,1076.8062304105842,-425.0,3.5336617186131396
nlpmodel,qap7,358,50,"DUAL_INFEASIBLE",0.35067,0.35057,17,1076.8062304105842,-425.0,3.5336617186131396
nlpmodel,qap7,358,50,"DUAL_INFEASIBLE",0.34453,0.34446,17,1076.8062304105842,-425.0,3.5336617186131396
nlpmodel,qap7,358,50,"DUAL_INFEASIBLE",0.17494,0.17488,17,1076.8062304105842,-425.0,3.5336617186131396
nlpmodel,qap7,358,50,"DUAL_INFEASIBLE",0.29969,0.29963,17,1076.8062304105842,-425.0,3.5336617186131396
nlpmodel,qap7,358,50,"DUAL_INFEASIBLE",0.35725,0.35714,17,1076.8062304105842,-425.0,3.5336617186131396
nlpmodel,qap7,358,50,"DUAL_INFEASIBLE",0.35766,0.35758,17,1076.8062304105842,-425.0,3.5336617186131396
nlpmodel,qap7,358,50,"DUAL_INFEASIBLE",0.35792,0.35785,17,1076.8062304105842,-425.0,3.5336617186131396
nlpmodel,qap7,358,50,"DUAL_INFEASIBLE",0.35785,0.35778,17,1076.8062304105842,-425.0,3.5336617186131396
nlpmodel,qap7,358,50,"DUAL_INFEASIBLE",0.35973,0.35966,17,1076.8062304105842,-425.0,3.5336617186131396
nlpmodel,qap7,358,50,"DUAL_INFEASIBLE",0.36119,0.36113,17,1076.8062304105842,-425.0,3.5336617186131396
nlpmodel,qap7,358,50,"DUAL_INFEASIBLE",0.35957,0.3595,17,1076.8062304105842,-425.0,3.5336617186131396
nlpmodel,qap7,358,50,"DUAL_INFEASIBLE",0.35826,0.35815,17,1076.8062304105842,-425.0,3.5336617186131396
nlpmodel,qap7,358,50,"DUAL_INFEASIBLE",0.35937,0.3593,17,1076.8062304105842,-425.0,3.5336617186131396
nlpmodel,qap7,358,50,"DUAL_INFEASIBLE",0.73638,0.73628,17,1076.8062304105842,-425.0,3.5336617186131396
nlpmodel,qap7,358,50,"DUAL_INFEASIBLE",0.3534,0.35331,17,1076.8062304105842,-425.0,3.5336617186131396
nlpmodel,qap7,358,50,"DUAL_INFEASIBLE",0.37132,0.37126,17,1076.8062304105842,-425.0,3.5336617186131396
nlpmodel,theta1,104,50,"OPTIMAL",0.023152,0.023111,11,23.00000139619215,23.0,6.070400653643644e-8
nlpmodel,theta1,104,50,"OPTIMAL",0.023215,0.023186,11,23.00000139619215,23.0,6.070400653643644e-8
nlpmodel,theta1,104,50,"OPTIMAL",0.023427,0.023397,11,23.00000139619215,23.0,6.070400653643644e-8
nlpmodel,theta1,104,50,"OPTIMAL",0.023314,0.023275,11,23.00000139619215,23.0,6.070400653643644e-8
nlpmodel,theta1,104,50,"OPTIMAL",0.023337,0.023298,11,23.00000139619215,23.0,6.070400653643644e-8
nlpmodel,theta1,104,50,"OPTIMAL",0.025135,0.025098,11,23.00000139619215,23.0,6.070400653643644e-8
nlpmodel,theta1,104,50,"OPTIMAL",0.016969,0.016933,11,23.00000139619215,23.0,6.070400653643644e-8
nlpmodel,theta1,104,50,"OPTIMAL",0.016631,0.0166,11,23.00000139619215,23.0,6.070400653643644e-8
nlpmodel,theta1,104,50,"OPTIMAL",0.016792,0.016767,11,23.00000139619215,23.0,6.070400653643644e-8
nlpmodel,theta1,104,50,"OPTIMAL",0.016806,0.016782,11,23.00000139619215,23.0,6.070400653643644e-8
nlpmodel,theta1,104,50,"OPTIMAL",0.016584,0.016559,11,23.00000139619215,23.0,6.070400653643644e-8
nlpmodel,theta1,104,50,"OPTIMAL",0.016674,0.016645,11,23.00000139619215,23.0,6.070400653643644e-8
nlpmodel,theta1,104,50,"OPTIMAL",0.025455,0.025432,11,23.00000139619215,23.0,6.070400653643644e-8
nlpmodel,theta1,104,50,"OPTIMAL",0.016947,0.016906,11,23.00000139619215,23.0,6.070400653643644e-8
nlpmodel,theta1,104,50,"OPTIMAL",0.016751,0.016715,11,23.00000139619215,23.0,6.070400653643644e-8
nlpmodel,theta1,104,50,"OPTIMAL",0.016629,0.016601,11,23.00000139619215,23.0,6.070400653643644e-8
nlpmodel,theta1,104,50,"OPTIMAL",0.016903,0.016879,11,23.00000139619215,23.0,6.070400653643644e-8
nlpmodel,theta1,104,50,"OPTIMAL",0.019889,0.019864,11,23.00000139619215,23.0,6.070400653643644e-8
nlpmodel,theta1,104,50,"OPTIMAL",0.018344,0.0183,11,23.00000139619215,23.0,6.070400653643644e-8
nlpmodel,theta1,104,50,"OPTIMAL",0.035814,0.035763,11,23.00000139619215,23.0,6.070400653643644e-8
nlpmodel,theta1,104,50,"OPTIMAL",0.035495,0.035443,11,23.00000139619215,23.0,6.070400653643644e-8
nlpmodel,theta1,104,50,"OPTIMAL",0.039759,0.039691,11,23.00000139619215,23.0,6.070400653643644e-8
nlpmodel,theta1,104,50,"OPTIMAL",0.035786,0.035726,11,23.00000139619215,23.0,6.070400653643644e-8
nlpmodel,theta1,104,50,"OPTIMAL",0.03517,0.035112,11,23.00000139619215,23.0,6.070400653643644e-8
nlpmodel,theta1,104,50,"OPTIMAL",0.040451,0.040393,11,23.00000139619215,23.0,6.070400653643644e-8
nlpmodel,theta1,104,50,"OPTIMAL",0.036113,0.036047,11,23.00000139619215,23.0,6.070400653643644e-8
nlpmodel,theta1,104,50,"OPTIMAL",0.041872,0.041794,11,23.00000139619215,23.0,6.070400653643644e-8
nlpmodel,theta1,104,50,"OPTIMAL",0.023238,0.02318,11,23.00000139619215,23.0,6.070400653643644e-8
nlpmodel,theta1,104,50,"OPTIMAL",0.016815,0.016786,11,23.00000139619215,23.0,6.070400653643644e-8
nlpmodel,theta1,104,50,"OPTIMAL",0.019051,0.019025,11,23.00000139619215,23.0,6.070400653643644e-8
nlpmodel,theta1,104,50,"OPTIMAL",0.018669,0.018635,11,23.00000139619215,23.0,6.070400653643644e-8
nlpmodel,theta1,104,50,"OPTIMAL",0.018649,0.018615,11,23.00000139619215,23.0,6.070400653643644e-8
nlpmodel,control4,231,60,"OPTIMAL",0.15211,0.15205,27,19.794233798964957,19.79423,1.919228460881852e-7
nlpmodel,control4,231,60,"OPTIMAL",0.14929,0.14924,27,19.794233798964957,19.79423,1.919228460881852e-7
nlpmodel,control4,231,60,"OPTIMAL",0.15001,0.14997,27,19.794233798964957,19.79423,1.919228460881852e-7
nlpmodel,control4,231,60,"OPTIMAL",0.15261,0.15256,27,19.794233798964957,19.79423,1.919228460881852e-7
nlpmodel,control4,231,60,"OPTIMAL",0.14934,0.14929,27,19.794233798964957,19.79423,1.919228460881852e-7
nlpmodel,control4,231,60,"OPTIMAL",0.15057,0.15053,27,19.794233798964957,19.79423,1.919228460881852e-7
nlpmodel,control4,231,60,"OPTIMAL",0.29271,0.29263,27,19.794233798964957,19.79423,1.919228460881852e-7
nlpmodel,control4,231,60,"OPTIMAL",0.31584,0.31574,27,19.794233798964957,19.79423,1.919228460881852e-7
nlpmodel,control4,231,60,"OPTIMAL",0.31609,0.31602,27,19.794233798964957,19.79423,1.919228460881852e-7
nlpmodel,control4,231,60,"OPTIMAL",0.31938,0.31928,27,19.794233798964957,19.79423,1.919228460881852e-7
nlpmodel,control4,231,60,"OPTIMAL",0.32068,0.32062,27,19.794233798964957,19.79423,1.919228460881852e-7
nlpmodel,control4,231,60,"OPTIMAL",0.31672,0.31665,27,19.794233798964957,19.79423,1.919228460881852e-7
nlpmodel,control4,231,60,"OPTIMAL",0.31648,0.31641,27,19.794233798964957,19.79423,1.919228460881852e-7
nlpmodel,control4,231,60,"OPTIMAL",0.32036,0.3203,27,19.794233798964957,19.79423,1.919228460881852e-7
nlpmodel,control4,231,60,"OPTIMAL",0.31681,0.31672,27,19.794233798964957,19.79423,1.919228460881852e-7
nlpmodel,control4,231,60,"OPTIMAL",0.31719,0.3171,27,19.794233798964957,19.79423,1.919228460881852e-7
nlpmodel,control4,231,60,"OPTIMAL",0.32042,0.32033,27,19.794233798964957,19.79423,1.919228460881852e-7
nlpmodel,control4,231,60,"OPTIMAL",0.3162,0.31611,27,19.794233798964957,19.79423,1.919228460881852e-7
nlpmodel,control4,231,60,"OPTIMAL",0.31587,0.31577,27,19.794233798964957,19.79423,1.919228460881852e-7
nlpmodel,control4,231,60,"OPTIMAL",0.31576,0.31569,27,19.794233798964957,19.79423,1.919228460881852e-7
nlpmodel,control4,231,60,"OPTIMAL",0.31957,0.3195,27,19.794233798964957,19.79423,1.919228460881852e-7
nlpmodel,control4,231,60,"OPTIMAL",0.31659,0.31652,27,19.794233798964957,19.79423,1.919228460881852e-7
nlpmodel,control4,231,60,"OPTIMAL",0.31542,0.31531,27,19.794233798964957,19.79423,1.919228460881852e-7
nlpmodel,control4,231,60,"OPTIMAL",0.31894,0.31887,27,19.794233798964957,19.79423,1.919228460881852e-7
nlpmodel,control4,231,60,"OPTIMAL",0.31609,0.316,27,19.794233798964957,19.79423,1.919228460881852e-7
nlpmodel,control4,231,60,"OPTIMAL",0.31493,0.31484,27,19.794233798964957,19.79423,1.919228460881852e-7
nlpmodel,control4,231,60,"OPTIMAL",0.3149,0.3148,27,19.794233798964957,19.79423,1.919228460881852e-7
nlpmodel,control4,231,60,"OPTIMAL",0.3205,0.32039,27,19.794233798964957,19.79423,1.919228460881852e-7
nlpmodel,control4,231,60,"OPTIMAL",0.31507,0.31501,27,19.794233798964957,19.79423,1.919228460881852e-7
nlpmodel,control4,231,60,"OPTIMAL",0.31543,0.31537,27,19.794233798964957,19.79423,1.919228460881852e-7
nlpmodel,control4,231,60,"OPTIMAL",0.31386,0.3138,27,19.794233798964957,19.79423,1.919228460881852e-7
nlpmodel,control4,231,60,"OPTIMAL",0.31844,0.31838,27,19.794233798964957,19.79423,1.919228460881852e-7
nlpmodel,qap8,529,65,"DUAL_INFEASIBLE",0.86734,0.86723,16,7373.738253078351,-757.0,10.740737454528865
nlpmodel,qap8,529,65,"DUAL_INFEASIBLE",0.87999,0.87992,16,7373.738253078351,-757.0,10.740737454528865
nlpmodel,qap8,529,65,"DUAL_INFEASIBLE",0.81162,0.81155,16,7373.738253078351,-757.0,10.740737454528865
nlpmodel,qap8,529,65,"DUAL_INFEASIBLE",0.81822,0.81815,16,7373.738253078351,-757.0,10.740737454528865
nlpmodel,qap8,529,65,"DUAL_INFEASIBLE",0.8186,0.81853,16,7373.738253078351,-757.0,10.740737454528865
nlpmodel,qap8,529,65,"DUAL_INFEASIBLE",0.82192,0.82182,16,7373.738253078351,-757.0,10.740737454528865
nlpmodel,qap8,529,65,"DUAL_INFEASIBLE",1.1912,1.1912,16,7373.738253078351,-757.0,10.740737454528865
nlpmodel,qap8,529,65,"DUAL_INFEASIBLE",0.85563,0.85556,16,7373.738253078351,-757.0,10.740737454528865
nlpmodel,qap8,529,65,"DUAL_INFEASIBLE",0.89004,0.88997,16,7373.738253078351,-757.0,10.740737454528865
nlpmodel,qap8,529,65,"DUAL_INFEASIBLE",0.81594,0.81587,16,7373.738253078351,-757.0,10.740737454528865
nlpmodel,qap8,529,65,"DUAL_INFEASIBLE",0.81035,0.81025,16,7373.738253078351,-757.0,10.740737454528865
nlpmodel,qap8,529,65,"DUAL_INFEASIBLE",0.81795,0.81785,16,7373.738253078351,-757.0,10.740737454528865
nlpmodel,qap8,529,65,"DUAL_INFEASIBLE",0.82284,0.82277,16,7373.738253078351,-757.0,10.740737454528865
nlpmodel,qap8,529,65,"DUAL_INFEASIBLE",1.2011,1.201,16,7373.738253078351,-757.0,10.740737454528865
nlpmodel,qap8,529,65,"DUAL_INFEASIBLE",0.85255,0.85248,16,7373.738253078351,-757.0,10.740737454528865
nlpmodel,qap8,529,65,"DUAL_INFEASIBLE",0.89508,0.89502,16,7373.738253078351,-757.0,10.740737454528865
nlpmodel,qap8,529,65,"DUAL_INFEASIBLE",0.80812,0.80805,16,7373.738253078351,-757.0,10.740737454528865
nlpmodel,qap8,529,65,"DUAL_INFEASIBLE",0.8263,0.82623,16,7373.738253078351,-757.0,10.740737454528865
nlpmodel,qap8,529,65,"DUAL_INFEASIBLE",0.8204,0.82033,16,7373.738253078351,-757.0,10.740737454528865
nlpmodel,qap8,529,65,"DUAL_INFEASIBLE",0.8228,0.82274,16,7373.738253078351,-757.0,10.740737454528865
nlpmodel,qap8,529,65,"DUAL_INFEASIBLE",0.88672,0.88661,16,7373.738253078351,-757.0,10.740737454528865
nlpmodel,qap8,529,65,"DUAL_INFEASIBLE",1.1448,1.1447,16,7373.738253078351,-757.0,10.740737454528865
nlpmodel,qap8,529,65,"DUAL_INFEASIBLE",0.87995,0.87988,16,7373.738253078351,-757.0,10.740737454528865
nlpmodel,qap8,529,65,"DUAL_INFEASIBLE",0.83597,0.83587,16,7373.738253078351,-757.0,10.740737454528865
nlpmodel,qap8,529,65,"DUAL_INFEASIBLE",0.83525,0.83515,16,7373.738253078351,-757.0,10.740737454528865
nlpmodel,qap8,529,65,"DUAL_INFEASIBLE",0.81171,0.81164,16,7373.738253078351,-757.0,10.740737454528865
nlpmodel,qap8,529,65,"DUAL_INFEASIBLE",0.82229,0.82221,16,7373.738253078351,-757.0,10.740737454528865
nlpmodel,qap8,529,65,"DUAL_INFEASIBLE",0.82248,0.82238,16,7373.738253078351,-757.0,10.740737454528865
nlpmodel,qap8,529,65,"DUAL_INFEASIBLE",0.88591,0.88581,16,7373.738253078351,-757.0,10.740737454528865
nlpmodel,qap8,529,65,"DUAL_INFEASIBLE",1.1318,1.1317,16,7373.738253078351,-757.0,10.740737454528865
nlpmodel,qap8,529,65,"DUAL_INFEASIBLE",0.87994,0.87987,16,7373.738253078351,-757.0,10.740737454528865
nlpmodel,qap8,529,65,"DUAL_INFEASIBLE",0.83058,0.83051,16,7373.738253078351,-757.0,10.740737454528865
nlpmodel,control5,351,75,"DUAL_INFEASIBLE",0.564,0.56391,33,16.883609782417835,16.8836,5.794035533892863e-7
nlpmodel,control5,351,75,"DUAL_INFEASIBLE",0.9755,0.97539,33,16.883609782417835,16.8836,5.794035533892863e-7
nlpmodel,control5,351,75,"DUAL_INFEASIBLE",0.98042,0.98035,33,16.883609782417835,16.8836,5.794035533892863e-7
nlpmodel,control5,351,75,"DUAL_INFEASIBLE",0.97747,0.9774,33,16.883609782417835,16.8836,5.794035533892863e-7
nlpmodel,control5,351,75,"DUAL_INFEASIBLE",0.98083,0.98072,33,16.883609782417835,16.8836,5.794035533892863e-7
nlpmodel,control5,351,75,"DUAL_INFEASIBLE",0.98017,0.98007,33,16.883609782417835,16.8836,5.794035533892863e-7
nlpmodel,control5,351,75,"DUAL_INFEASIBLE",0.98024,0.98018,33,16.883609782417835,16.8836,5.794035533892863e-7
nlpmodel,control5,351,75,"DUAL_INFEASIBLE",1.3445,1.3444,33,16.883609782417835,16.8836,5.794035533892863e-7
nlpmodel,control5,351,75,"DUAL_INFEASIBLE",0.95882,0.95875,33,16.883609782417835,16.8836,5.794035533892863e-7
nlpmodel,control5,351,75,"DUAL_INFEASIBLE",0.96457,0.96449,33,16.883609782417835,16.8836,5.794035533892863e-7
nlpmodel,control5,351,75,"DUAL_INFEASIBLE",0.96513,0.96502,33,16.883609782417835,16.8836,5.794035533892863e-7
nlpmodel,control5,351,75,"DUAL_INFEASIBLE",0.97302,0.97291,33,16.883609782417835,16.8836,5.794035533892863e-7
nlpmodel,control5,351,75,"DUAL_INFEASIBLE",0.98013,0.98003,33,16.883609782417835,16.8836,5.794035533892863e-7
nlpmodel,control5,351,75,"DUAL_INFEASIBLE",0.97916,0.9791,33,16.883609782417835,16.8836,5.794035533892863e-7
nlpmodel,control5,351,75,"DUAL_INFEASIBLE",0.98212,0.98205,33,16.883609782417835,16.8836,5.794035533892863e-7
nlpmodel,control5,351,75,"DUAL_INFEASIBLE",0.9762,0.97613,33,16.883609782417835,16.8836,5.794035533892863e-7
nlpmodel,control5,351,75,"DUAL_INFEASIBLE",0.55883,0.55876,33,16.883609782417835,16.8836,5.794035533892863e-7
nlpmodel,control5,351,75,"DUAL_INFEASIBLE",0.46957,0.46948,33,16.883609782417835,16.8836,5.794035533892863e-7
nlpmodel,control5,351,75,"DUAL_INFEASIBLE",0.4643,0.46426,33,16.883609782417835,16.8836,5.794035533892863e-7
nlpmodel,control5,351,75,"DUAL_INFEASIBLE",0.51546,0.51541,33,16.883609782417835,16.8836,5.794035533892863e-7
nlpmodel,control5,351,75,"DUAL_INFEASIBLE",1.1311,1.131,33,16.883609782417835,16.8836,5.794035533892863e-7
nlpmodel,control5,351,75,"DUAL_INFEASIBLE",0.95529,0.95522,33,16.883609782417835,16.8836,5.794035533892863e-7
nlpmodel,control5,351,75,"DUAL_INFEASIBLE",0.96465,0.96458,33,16.883609782417835,16.8836,5.794035533892863e-7
nlpmodel,control5,351,75,"DUAL_INFEASIBLE",0.96828,0.96817,33,16.883609782417835,16.8836,5.794035533892863e-7
nlpmodel,control5,351,75,"DUAL_INFEASIBLE",0.97156,0.97146,33,16.883609782417835,16.8836,5.794035533892863e-7
nlpmodel,control5,351,75,"DUAL_INFEASIBLE",0.98035,0.98028,33,16.883609782417835,16.8836,5.794035533892863e-7
nlpmodel,control5,351,75,"DUAL_INFEASIBLE",0.97747,0.97738,33,16.883609782417835,16.8836,5.794035533892863e-7
nlpmodel,control5,351,75,"DUAL_INFEASIBLE",0.98096,0.98085,33,16.883609782417835,16.8836,5.794035533892863e-7
nlpmodel,control5,351,75,"DUAL_INFEASIBLE",0.98166,0.9816,33,16.883609782417835,16.8836,5.794035533892863e-7
nlpmodel,control5,351,75,"DUAL_INFEASIBLE",0.98253,0.98245,33,16.883609782417835,16.8836,5.794035533892863e-7
nlpmodel,control5,351,75,"DUAL_INFEASIBLE",0.98003,0.97996,33,16.883609782417835,16.8836,5.794035533892863e-7
nlpmodel,control5,351,75,"DUAL_INFEASIBLE",1.336,1.336,33,16.883609782417835,16.8836,5.794035533892863e-7
nlpmodel,qap9,748,82,"DUAL_INFEASIBLE",2.2866,2.2865,19,2535.7282729754224,-1410.0,2.79838884608186
nlpmodel,qap9,748,82,"DUAL_INFEASIBLE",2.7264,2.7264,19,2535.7282729754224,-1410.0,2.79838884608186
nlpmodel,qap9,748,82,"DUAL_INFEASIBLE",2.3788,2.3787,19,2535.7282729754224,-1410.0,2.79838884608186
nlpmodel,qap9,748,82,"DUAL_INFEASIBLE",2.3084,2.3084,19,2535.7282729754224,-1410.0,2.79838884608186
nlpmodel,qap9,748,82,"DUAL_INFEASIBLE",2.6997,2.6997,19,2535.7282729754224,-1410.0,2.79838884608186
nlpmodel,qap9,748,82,"DUAL_INFEASIBLE",2.3606,2.3606,19,2535.7282729754224,-1410.0,2.79838884608186
nlpmodel,qap9,748,82,"DUAL_INFEASIBLE",2.2984,2.2983,19,2535.7282729754224,-1410.0,2.79838884608186
nlpmodel,qap9,748,82,"DUAL_INFEASIBLE",2.7089,2.7088,19,2535.7282729754224,-1410.0,2.79838884608186
nlpmodel,qap9,748,82,"DUAL_INFEASIBLE",1.9568,1.9567,19,2535.7282729754224,-1410.0,2.79838884608186
nlpmodel,qap9,748,82,"DUAL_INFEASIBLE",1.829,1.8289,19,2535.7282729754224,-1410.0,2.79838884608186
nlpmodel,qap9,748,82,"DUAL_INFEASIBLE",2.6522,2.6521,19,2535.7282729754224,-1410.0,2.79838884608186
nlpmodel,qap9,748,82,"DUAL_INFEASIBLE",2.3326,2.3325,19,2535.7282729754224,-1410.0,2.79838884608186
nlpmodel,qap9,748,82,"DUAL_INFEASIBLE",2.6744,2.6744,19,2535.7282729754224,-1410.0,2.79838884608186
nlpmodel,qap9,748,82,"DUAL_INFEASIBLE",2.3202,2.3201,19,2535.7282729754224,-1410.0,2.79838884608186
nlpmodel,qap9,748,82,"DUAL_INFEASIBLE",2.2944,2.2943,19,2535.7282729754224,-1410.0,2.79838884608186
nlpmodel,qap9,748,82,"DUAL_INFEASIBLE",2.7114,2.7113,19,2535.7282729754224,-1410.0,2.79838884608186
nlpmodel,qap9,748,82,"DUAL_INFEASIBLE",2.3852,2.3851,19,2535.7282729754224,-1410.0,2.79838884608186
nlpmodel,qap9,748,82,"DUAL_INFEASIBLE",2.2946,2.2945,19,2535.7282729754224,-1410.0,2.79838884608186
nlpmodel,qap9,748,82,"DUAL_INFEASIBLE",2.7296,2.7294,19,2535.7282729754224,-1410.0,2.79838884608186
nlpmodel,qap9,748,82,"DUAL_INFEASIBLE",2.3681,2.368,19,2535.7282729754224,-1410.0,2.79838884608186
nlpmodel,qap9,748,82,"DUAL_INFEASIBLE",2.2907,2.2906,19,2535.7282729754224,-1410.0,2.79838884608186
nlpmodel,qap9,748,82,"DUAL_INFEASIBLE",2.7468,2.7467,19,2535.7282729754224,-1410.0,2.79838884608186
nlpmodel,qap9,748,82,"DUAL_INFEASIBLE",2.3535,2.3534,19,2535.7282729754224,-1410.0,2.79838884608186
nlpmodel,qap9,748,82,"DUAL_INFEASIBLE",2.3035,2.3034,19,2535.7282729754224,-1410.0,2.79838884608186
nlpmodel,qap9,748,82,"DUAL_INFEASIBLE",2.7739,2.7738,19,2535.7282729754224,-1410.0,2.79838884608186
nlpmodel,qap9,748,82,"DUAL_INFEASIBLE",2.3148,2.3147,19,2535.7282729754224,-1410.0,2.79838884608186
nlpmodel,qap9,748,82,"DUAL_INFEASIBLE",2.3689,2.3688,19,2535.7282729754224,-1410.0,2.79838884608186
nlpmodel,qap9,748,82,"DUAL_INFEASIBLE",2.7294,2.7293,19,2535.7282729754224,-1410.0,2.79838884608186
nlpmodel,qap9,748,82,"DUAL_INFEASIBLE",2.3024,2.3023,19,2535.7282729754224,-1410.0,2.79838884608186
nlpmodel,qap9,748,82,"DUAL_INFEASIBLE",2.7024,2.7023,19,2535.7282729754224,-1410.0,2.79838884608186
nlpmodel,qap9,748,82,"DUAL_INFEASIBLE",2.4241,2.424,19,2535.7282729754224,-1410.0,2.79838884608186
nlpmodel,qap9,748,82,"DUAL_INFEASIBLE",2.2897,2.2896,19,2535.7282729754224,-1410.0,2.79838884608186
nlpmodel,control6,496,90,"DUAL_INFEASIBLE",2.7932,2.7932,39,37.30442405146374,37.3044,6.447353057477994e-7
nlpmodel,control6,496,90,"DUAL_INFEASIBLE",1.6694,1.6694,39,37.30442405146374,37.3044,6.447353057477994e-7
nlpmodel,control6,496,90,"DUAL_INFEASIBLE",2.5098,2.5097,39,37.30442405146374,37.3044,6.447353057477994e-7
nlpmodel,control6,496,90,"DUAL_INFEASIBLE",2.8937,2.8936,39,37.30442405146374,37.3044,6.447353057477994e-7
nlpmodel,control6,496,90,"DUAL_INFEASIBLE",2.6034,2.6033,39,37.30442405146374,37.3044,6.447353057477994e-7
nlpmodel,control6,496,90,"DUAL_INFEASIBLE",2.5043,2.5042,39,37.30442405146374,37.3044,6.447353057477994e-7
nlpmodel,control6,496,90,"DUAL_INFEASIBLE",2.5208,2.5207,39,37.30442405146374,37.3044,6.447353057477994e-7
nlpmodel,control6,496,90,"DUAL_INFEASIBLE",2.5892,2.5891,39,37.30442405146374,37.3044,6.447353057477994e-7
nlpmodel,control6,496,90,"DUAL_INFEASIBLE",2.7335,2.7334,39,37.30442405146374,37.3044,6.447353057477994e-7
nlpmodel,control6,496,90,"DUAL_INFEASIBLE",2.4405,2.4404,39,37.30442405146374,37.3044,6.447353057477994e-7
nlpmodel,control6,496,90,"DUAL_INFEASIBLE",2.513,2.5129,39,37.30442405146374,37.3044,6.447353057477994e-7
nlpmodel,control6,496,90,"DUAL_INFEASIBLE",2.899,2.8989,39,37.30442405146374,37.3044,6.447353057477994e-7
nlpmodel,control6,496,90,"DUAL_INFEASIBLE",2.6176,2.6175,39,37.30442405146374,37.3044,6.447353057477994e-7
nlpmodel,control6,496,90,"DUAL_INFEASIBLE",2.5234,2.5233,39,37.30442405146374,37.3044,6.447353057477994e-7
nlpmodel,control6,496,90,"DUAL_INFEASIBLE",2.5258,2.5257,39,37.30442405146374,37.3044,6.447353057477994e-7
nlpmodel,control6,496,90,"DUAL_INFEASIBLE",2.9229,2.9229,39,37.30442405146374,37.3044,6.447353057477994e-7
nlpmodel,control6,496,90,"DUAL_INFEASIBLE",2.5762,2.5762,39,37.30442405146374,37.3044,6.447353057477994e-7
nlpmodel,control6,496,90,"DUAL_INFEASIBLE",2.517,2.5169,39,37.30442405146374,37.3044,6.447353057477994e-7
nlpmodel,control6,496,90,"DUAL_INFEASIBLE",1.8946,1.8946,39,37.30442405146374,37.3044,6.447353057477994e-7
nlpmodel,control6,496,90,"DUAL_INFEASIBLE",1.5053,1.5052,39,37.30442405146374,37.3044,6.447353057477994e-7
nlpmodel,control6,496,90,"DUAL_INFEASIBLE",1.2189,1.2189,39,37.30442405146374,37.3044,6.447353057477994e-7
nlpmodel,control6,496,90,"DUAL_INFEASIBLE",1.1703,1.1703,39,37.30442405146374,37.3044,6.447353057477994e-7
nlpmodel,control6,496,90,"DUAL_INFEASIBLE",1.2197,1.2197,39,37.30442405146374,37.3044,6.447353057477994e-7
nlpmodel,control6,496,90,"DUAL_INFEASIBLE",1.4726,1.4726,39,37.30442405146374,37.3044,6.447353057477994e-7
nlpmodel,control6,496,90,"DUAL_INFEASIBLE",1.3848,1.3848,39,37.30442405146374,37.3044,6.447353057477994e-7
nlpmodel,control6,496,90,"DUAL_INFEASIBLE",1.5051,1.505,39,37.30442405146374,37.3044,6.447353057477994e-7
nlpmodel,control6,496,90,"DUAL_INFEASIBLE",1.1941,1.194,39,37.30442405146374,37.3044,6.447353057477994e-7
nlpmodel,control6,496,90,"DUAL_INFEASIBLE",1.4836,1.4836,39,37.30442405146374,37.3044,6.447353057477994e-7
nlpmodel,control6,496,90,"DUAL_INFEASIBLE",1.8643,1.8642,39,37.30442405146374,37.3044,6.447353057477994e-7
nlpmodel,control6,496,90,"DUAL_INFEASIBLE",1.6701,1.67,39,37.30442405146374,37.3044,6.447353057477994e-7
nlpmodel,control6,496,90,"DUAL_INFEASIBLE",1.8087,1.8087,39,37.30442405146374,37.3044,6.447353057477994e-7
nlpmodel,control6,496,90,"DUAL_INFEASIBLE",1.2052,1.2051,39,37.30442405146374,37.3044,6.447353057477994e-7
nlpmodel,gpp100,101,100,"OPTIMAL",0.30359,0.30354,12,-44.943548810691,-44.9435,1.0860456127889431e-6
nlpmodel,gpp100,101,100,"OPTIMAL",0.071561,0.071511,12,-44.943548810691,-44.9435,1.0860456127889431e-6
nlpmodel,gpp100,101,100,"OPTIMAL",0.06942,0.069368,12,-44.943548810691,-44.9435,1.0860456127889431e-6
nlpmodel,gpp100,101,100,"OPTIMAL",0.063685,0.063636,12,-44.943548810691,-44.9435,1.0860456127889431e-6
nlpmodel,gpp100,101,100,"OPTIMAL",0.043224,0.04318,12,-44.943548810691,-44.9435,1.0860456127889431e-6
nlpmodel,gpp100,101,100,"OPTIMAL",0.051849,0.051801,12,-44.943548810691,-44.9435,1.0860456127889431e-6
nlpmodel,gpp100,101,100,"OPTIMAL",0.053692,0.053644,12,-44.943548810691,-44.9435,1.0860456127889431e-6
nlpmodel,gpp100,101,100,"OPTIMAL",0.045511,0.045465,12,-44.943548810691,-44.9435,1.0860456127889431e-6
nlpmodel,gpp100,101,100,"OPTIMAL",0.047722,0.047676,12,-44.943548810691,-44.9435,1.0860456127889431e-6
nlpmodel,gpp100,101,100,"OPTIMAL",0.047494,0.047448,12,-44.943548810691,-44.9435,1.0860456127889431e-6
nlpmodel,gpp100,101,100,"OPTIMAL",0.048811,0.048767,12,-44.943548810691,-44.9435,1.0860456127889431e-6
nlpmodel,gpp100,101,100,"OPTIMAL",0.04839,0.048343,12,-44.943548810691,-44.9435,1.0860456127889431e-6
nlpmodel,gpp100,101,100,"OPTIMAL",0.050395,0.050316,12,-44.943548810691,-44.9435,1.0860456127889431e-6
nlpmodel,gpp100,101,100,"OPTIMAL",0.048425,0.048381,12,-44.943548810691,-44.9435,1.0860456127889431e-6
nlpmodel,gpp100,101,100,"OPTIMAL",0.048004,0.047959,12,-44.943548810691,-44.9435,1.0860456127889431e-6
nlpmodel,gpp100,101,100,"OPTIMAL",0.050522,0.050477,12,-44.943548810691,-44.9435,1.0860456127889431e-6
nlpmodel,gpp100,101,100,"OPTIMAL",0.048144,0.048099,12,-44.943548810691,-44.9435,1.0860456127889431e-6
nlpmodel,gpp100,101,100,"OPTIMAL",0.050974,0.050929,12,-44.943548810691,-44.9435,1.0860456127889431e-6
nlpmodel,gpp100,101,100,"OPTIMAL",0.048713,0.048668,12,-44.943548810691,-44.9435,1.0860456127889431e-6
nlpmodel,gpp100,101,100,"OPTIMAL",0.049539,0.049494,12,-44.943548810691,-44.9435,1.0860456127889431e-6
nlpmodel,gpp100,101,100,"OPTIMAL",0.049715,0.049669,12,-44.943548810691,-44.9435,1.0860456127889431e-6
nlpmodel,gpp100,101,100,"OPTIMAL",0.048165,0.048118,12,-44.943548810691,-44.9435,1.0860456127889431e-6
nlpmodel,gpp100,101,100,"OPTIMAL",0.047996,0.047952,12,-44.943548810691,-44.9435,1.0860456127889431e-6
nlpmodel,gpp100,101,100,"OPTIMAL",0.048106,0.048061,12,-44.943548810691,-44.9435,1.0860456127889431e-6
nlpmodel,gpp100,101,100,"OPTIMAL",0.05067,0.050625,12,-44.943548810691,-44.9435,1.0860456127889431e-6
nlpmodel,gpp100,101,100,"OPTIMAL",0.048627,0.048581,12,-44.943548810691,-44.9435,1.0860456127889431e-6
nlpmodel,gpp100,101,100,"OPTIMAL",0.048192,0.048148,12,-44.943548810691,-44.9435,1.0860456127889431e-6
nlpmodel,gpp100,101,100,"OPTIMAL",0.049293,0.049249,12,-44.943548810691,-44.9435,1.0860456127889431e-6
nlpmodel,gpp100,101,100,"OPTIMAL",0.048818,0.048773,12,-44.943548810691,-44.9435,1.0860456127889431e-6
nlpmodel,gpp100,101,100,"OPTIMAL",0.048365,0.048318,12,-44.943548810691,-44.9435,1.0860456127889431e-6
nlpmodel,gpp100,101,100,"OPTIMAL",0.097958,0.097915,12,-44.943548810691,-44.9435,1.0860456127889431e-6
nlpmodel,gpp100,101,100,"OPTIMAL",0.28577,0.28572,12,-44.943548810691,-44.9435,1.0860456127889431e-6
nlpmodel,mcp100,100,100,"OPTIMAL",0.057858,0.057809,11,226.15735380840326,226.1574,2.0424534743412795e-7
nlpmodel,mcp100,100,100,"OPTIMAL",0.056944,0.056895,11,226.15735380840326,226.1574,2.0424534743412795e-7
nlpmodel,mcp100,100,100,"OPTIMAL",0.035689,0.035642,11,226.15735380840326,226.1574,2.0424534743412795e-7
nlpmodel,mcp100,100,100,"OPTIMAL",0.035411,0.035367,11,226.15735380840326,226.1574,2.0424534743412795e-7
nlpmodel,mcp100,100,100,"OPTIMAL",0.035646,0.035599,11,226.15735380840326,226.1574,2.0424534743412795e-7
nlpmodel,mcp100,100,100,"OPTIMAL",0.040613,0.040567,11,226.15735380840326,226.1574,2.0424534743412795e-7
nlpmodel,mcp100,100,100,"OPTIMAL",0.03577,0.035722,11,226.15735380840326,226.1574,2.0424534743412795e-7
nlpmodel,mcp100,100,100,"OPTIMAL",0.039708,0.039658,11,226.15735380840326,226.1574,2.0424534743412795e-7
nlpmodel,mcp100,100,100,"OPTIMAL",0.035949,0.035905,11,226.15735380840326,226.1574,2.0424534743412795e-7
nlpmodel,mcp100,100,100,"OPTIMAL",0.038759,0.038712,11,226.15735380840326,226.1574,2.0424534743412795e-7
nlpmodel,mcp100,100,100,"OPTIMAL",0.038975,0.03893,11,226.15735380840326,226.1574,2.0424534743412795e-7
nlpmodel,mcp100,100,100,"OPTIMAL",0.036109,0.036064,11,226.15735380840326,226.1574,2.0424534743412795e-7
nlpmodel,mcp100,100,100,"OPTIMAL",0.040887,0.04084,11,226.15735380840326,226.1574,2.0424534743412795e-7
nlpmodel,mcp100,100,100,"OPTIMAL",0.037926,0.037882,11,226.15735380840326,226.1574,2.0424534743412795e-7
nlpmodel,mcp100,100,100,"OPTIMAL",0.039437,0.039395,11,226.15735380840326,226.1574,2.0424534743412795e-7
nlpmodel,mcp100,100,100,"OPTIMAL",0.041523,0.041476,11,226.15735380840326,226.1574,2.0424534743412795e-7
nlpmodel,mcp100,100,100,"OPTIMAL",0.040895,0.040849,11,226.15735380840326,226.1574,2.0424534743412795e-7
nlpmodel,mcp100,100,100,"OPTIMAL",0.041284,0.041238,11,226.15735380840326,226.1574,2.0424534743412795e-7
nlpmodel,mcp100,100,100,"OPTIMAL",0.040458,0.040414,11,226.15735380840326,226.1574,2.0424534743412795e-7
nlpmodel,mcp100,100,100,"OPTIMAL",0.040461,0.040415,11,226.15735380840326,226.1574,2.0424534743412795e-7
nlpmodel,mcp100,100,100,"OPTIMAL",0.041148,0.041104,11,226.15735380840326,226.1574,2.0424534743412795e-7
nlpmodel,mcp100,100,100,"OPTIMAL",0.041353,0.041308,11,226.15735380840326,226.1574,2.0424534743412795e-7
nlpmodel,mcp100,100,100,"OPTIMAL",0.040643,0.040597,11,226.15735380840326,226.1574,2.0424534743412795e-7
nlpmodel,mcp100,100,100,"OPTIMAL",0.041541,0.041494,11,226.15735380840326,226.1574,2.0424534743412795e-7
nlpmodel,mcp100,100,100,"OPTIMAL",0.040263,0.040217,11,226.15735380840326,226.1574,2.0424534743412795e-7
nlpmodel,mcp100,100,100,"OPTIMAL",0.04083,0.040785,11,226.15735380840326,226.1574,2.0424534743412795e-7
nlpmodel,mcp100,100,100,"OPTIMAL",0.041558,0.041507,11,226.15735380840326,226.1574,2.0424534743412795e-7
nlpmodel,mcp100,100,100,"OPTIMAL",0.040731,0.040684,11,226.15735380840326,226.1574,2.0424534743412795e-7
nlpmodel,mcp100,100,100,"OPTIMAL",0.041267,0.041223,11,226.15735380840326,226.1574,2.0424534743412795e-7
nlpmodel,mcp100,100,100,"OPTIMAL",0.040593,0.040549,11,226.15735380840326,226.1574,2.0424534743412795e-7
nlpmodel,mcp100,100,100,"OPTIMAL",0.040356,0.040311,11,226.15735380840326,226.1574,2.0424534743412795e-7
nlpmodel,mcp100,100,100,"OPTIMAL",0.041172,0.041128,11,226.15735380840326,226.1574,2.0424534743412795e-7
nlpmodel,theta2,498,100,"OPTIMAL",0.65901,0.65895,12,32.879173283409315,32.87917,9.986290144568876e-8
nlpmodel,theta2,498,100,"OPTIMAL",0.49997,0.49991,12,32.879173283409315,32.87917,9.986290144568876e-8
nlpmodel,theta2,498,100,"OPTIMAL",0.63886,0.63879,12,32.879173283409315,32.87917,9.986290144568876e-8
nlpmodel,theta2,498,100,"OPTIMAL",0.36574,0.36569,12,32.879173283409315,32.87917,9.986290144568876e-8
nlpmodel,theta2,498,100,"OPTIMAL",0.36889,0.36879,12,32.879173283409315,32.87917,9.986290144568876e-8
nlpmodel,theta2,498,100,"OPTIMAL",0.38877,0.38872,12,32.879173283409315,32.87917,9.986290144568876e-8
nlpmodel,theta2,498,100,"OPTIMAL",0.37204,0.37198,12,32.879173283409315,32.87917,9.986290144568876e-8
nlpmodel,theta2,498,100,"OPTIMAL",0.38012,0.38007,12,32.879173283409315,32.87917,9.986290144568876e-8
nlpmodel,theta2,498,100,"OPTIMAL",0.37834,0.37828,12,32.879173283409315,32.87917,9.986290144568876e-8
nlpmodel,theta2,498,100,"OPTIMAL",0.42898,0.42893,12,32.879173283409315,32.87917,9.986290144568876e-8
nlpmodel,theta2,498,100,"OPTIMAL",0.61254,0.61248,12,32.879173283409315,32.87917,9.986290144568876e-8
nlpmodel,theta2,498,100,"OPTIMAL",0.40699,0.40694,12,32.879173283409315,32.87917,9.986290144568876e-8
nlpmodel,theta2,498,100,"OPTIMAL",0.38452,0.38447,12,32.879173283409315,32.87917,9.986290144568876e-8
nlpmodel,theta2,498,100,"OPTIMAL",0.36921,0.36916,12,32.879173283409315,32.87917,9.986290144568876e-8
nlpmodel,theta2,498,100,"OPTIMAL",0.37541,0.37536,12,32.879173283409315,32.87917,9.986290144568876e-8
nlpmodel,theta2,498,100,"OPTIMAL",0.37585,0.37579,12,32.879173283409315,32.87917,9.986290144568876e-8
nlpmodel,theta2,498,100,"OPTIMAL",0.38085,0.3808,12,32.879173283409315,32.87917,9.986290144568876e-8
nlpmodel,theta2,498,100,"OPTIMAL",0.37808,0.37802,12,32.879173283409315,32.87917,9.986290144568876e-8
nlpmodel,theta2,498,100,"OPTIMAL",0.39691,0.39686,12,32.879173283409315,32.87917,9.986290144568876e-8
nlpmodel,theta2,498,100,"OPTIMAL",0.67199,0.67193,12,32.879173283409315,32.87917,9.986290144568876e-8
nlpmodel,theta2,498,100,"OPTIMAL",0.40191,0.40186,12,32.879173283409315,32.87917,9.986290144568876e-8
nlpmodel,theta2,498,100,"OPTIMAL",0.40242,0.40236,12,32.879173283409315,32.87917,9.986290144568876e-8
nlpmodel,theta2,498,100,"OPTIMAL",0.37071,0.37065,12,32.879173283409315,32.87917,9.986290144568876e-8
nlpmodel,theta2,498,100,"OPTIMAL",0.36996,0.36991,12,32.879173283409315,32.87917,9.986290144568876e-8
nlpmodel,theta2,498,100,"OPTIMAL",0.3797,0.37965,12,32.879173283409315,32.87917,9.986290144568876e-8
nlpmodel,theta2,498,100,"OPTIMAL",0.37497,0.37492,12,32.879173283409315,32.87917,9.986290144568876e-8
nlpmodel,theta2,498,100,"OPTIMAL",0.38014,0.38008,12,32.879173283409315,32.87917,9.986290144568876e-8
nlpmodel,theta2,498,100,"OPTIMAL",0.37919,0.37914,12,32.879173283409315,32.87917,9.986290144568876e-8
nlpmodel,theta2,498,100,"OPTIMAL",0.65993,0.65986,12,32.879173283409315,32.87917,9.986290144568876e-8
nlpmodel,theta2,498,100,"OPTIMAL",0.40175,0.40166,12,32.879173283409315,32.87917,9.986290144568876e-8
nlpmodel,theta2,498,100,"OPTIMAL",0.4017,0.40165,12,32.879173283409315,32.87917,9.986290144568876e-8
nlpmodel,theta2,498,100,"OPTIMAL",0.37083,0.37078,12,32.879173283409315,32.87917,9.986290144568876e-8
nlpmodel,qap10,1021,101,"DUAL_INFEASIBLE",4.2369,4.2368,16,7118.68102072745,-10.93,652.2974401397485
nlpmodel,qap10,1021,101,"DUAL_INFEASIBLE",4.6139,4.6138,16,7118.68102072745,-10.93,652.2974401397485
nlpmodel,qap10,1021,101,"DUAL_INFEASIBLE",4.6293,4.6293,16,7118.68102072745,-10.93,652.2974401397485
nlpmodel,qap10,1021,101,"DUAL_INFEASIBLE",4.5649,4.5648,16,7118.68102072745,-10.93,652.2974401397485
nlpmodel,qap10,1021,101,"DUAL_INFEASIBLE",4.2388,4.2387,16,7118.68102072745,-10.93,652.2974401397485
nlpmodel,qap10,1021,101,"DUAL_INFEASIBLE",4.5958,4.5957,16,7118.68102072745,-10.93,652.2974401397485
nlpmodel,qap10,1021,101,"DUAL_INFEASIBLE",4.6028,4.6027,16,7118.68102072745,-10.93,652.2974401397485
nlpmodel,qap10,1021,101,"DUAL_INFEASIBLE",4.5941,4.594,16,7118.68102072745,-10.93,652.2974401397485
nlpmodel,qap10,1021,101,"DUAL_INFEASIBLE",4.5711,4.5711,16,7118.68102072745,-10.93,652.2974401397485
nlpmodel,qap10,1021,101,"DUAL_INFEASIBLE",4.1705,4.1704,16,7118.68102072745,-10.93,652.2974401397485
nlpmodel,qap10,1021,101,"DUAL_INFEASIBLE",4.6088,4.6087,16,7118.68102072745,-10.93,652.2974401397485
nlpmodel,qap10,1021,101,"DUAL_INFEASIBLE",4.5404,4.5404,16,7118.68102072745,-10.93,652.2974401397485
nlpmodel,qap10,1021,101,"DUAL_INFEASIBLE",4.2372,4.2371,16,7118.68102072745,-10.93,652.2974401397485
nlpmodel,qap10,1021,101,"DUAL_INFEASIBLE",4.6454,4.6453,16,7118.68102072745,-10.93,652.2974401397485
nlpmodel,qap10,1021,101,"DUAL_INFEASIBLE",4.5825,4.5824,16,7118.68102072745,-10.93,652.2974401397485
nlpmodel,qap10,1021,101,"DUAL_INFEASIBLE",4.3096,4.3095,16,7118.68102072745,-10.93,652.2974401397485
nlpmodel,qap10,1021,101,"DUAL_INFEASIBLE",4.5652,4.5651,16,7118.68102072745,-10.93,652.2974401397485
nlpmodel,qap10,1021,101,"DUAL_INFEASIBLE",4.6349,4.6348,16,7118.68102072745,-10.93,652.2974401397485
nlpmodel,qap10,1021,101,"DUAL_INFEASIBLE",4.2767,4.2767,16,7118.68102072745,-10.93,652.2974401397485
nlpmodel,qap10,1021,101,"DUAL_INFEASIBLE",4.4627,4.4626,16,7118.68102072745,-10.93,652.2974401397485
nlpmodel,qap10,1021,101,"DUAL_INFEASIBLE",4.5936,4.5935,16,7118.68102072745,-10.93,652.2974401397485
nlpmodel,qap10,1021,101,"DUAL_INFEASIBLE",4.4284,4.4283,16,7118.68102072745,-10.93,652.2974401397485
nlpmodel,qap10,1021,101,"DUAL_INFEASIBLE",4.214,4.2139,16,7118.68102072745,-10.93,652.2974401397485
nlpmodel,qap10,1021,101,"DUAL_INFEASIBLE",4.2786,4.2786,16,7118.68102072745,-10.93,652.2974401397485
nlpmodel,qap10,1021,101,"DUAL_INFEASIBLE",4.5599,4.5599,16,7118.68102072745,-10.93,652.2974401397485
nlpmodel,qap10,1021,101,"DUAL_INFEASIBLE",3.6323,3.6322,16,7118.68102072745,-10.93,652.2974401397485
nlpmodel,qap10,1021,101,"DUAL_INFEASIBLE",2.5567,2.5566,16,7118.68102072745,-10.93,652.2974401397485
nlpmodel,qap10,1021,101,"DUAL_INFEASIBLE",1.9478,1.9477,16,7118.68102072745,-10.93,652.2974401397485
nlpmodel,qap10,1021,101,"DUAL_INFEASIBLE",3.8458,3.8458,16,7118.68102072745,-10.93,652.2974401397485
nlpmodel,qap10,1021,101,"DUAL_INFEASIBLE",4.6047,4.6046,16,7118.68102072745,-10.93,652.2974401397485
nlpmodel,qap10,1021,101,"DUAL_INFEASIBLE",4.5643,4.5643,16,7118.68102072745,-10.93,652.2974401397485
nlpmodel,qap10,1021,101,"DUAL_INFEASIBLE",4.1784,4.1783,16,7118.68102072745,-10.93,652.2974401397485
nlpmodel,control7,666,105,"DUAL_INFEASIBLE",5.6466,5.6465,39,20.62507499568936,20.6251,1.2123243349019791e-6
nlpmodel,control7,666,105,"DUAL_INFEASIBLE",5.2782,5.2782,39,20.62507499568936,20.6251,1.2123243349019791e-6
nlpmodel,control7,666,105,"DUAL_INFEASIBLE",5.6274,5.6273,39,20.62507499568936,20.6251,1.2123243349019791e-6
nlpmodel,control7,666,105,"DUAL_INFEASIBLE",5.3052,5.3051,39,20.62507499568936,20.6251,1.2123243349019791e-6
nlpmodel,control7,666,105,"DUAL_INFEASIBLE",5.6318,5.6317,39,20.62507499568936,20.6251,1.2123243349019791e-6
nlpmodel,control7,666,105,"DUAL_INFEASIBLE",5.288,5.2879,39,20.62507499568936,20.6251,1.2123243349019791e-6
nlpmodel,control7,666,105,"DUAL_INFEASIBLE",5.6241,5.624,39,20.62507499568936,20.6251,1.2123243349019791e-6
nlpmodel,control7,666,105,"DUAL_INFEASIBLE",5.2547,5.2547,39,20.62507499568936,20.6251,1.2123243349019791e-6
nlpmodel,control7,666,105,"DUAL_INFEASIBLE",5.6261,5.6261,39,20.62507499568936,20.6251,1.2123243349019791e-6
nlpmodel,control7,666,105,"DUAL_INFEASIBLE",5.3076,5.3076,39,20.62507499568936,20.6251,1.2123243349019791e-6
nlpmodel,control7,666,105,"DUAL_INFEASIBLE",5.622,5.6219,39,20.62507499568936,20.6251,1.2123243349019791e-6
nlpmodel,control7,666,105,"DUAL_INFEASIBLE",5.5963,5.5963,39,20.62507499568936,20.6251,1.2123243349019791e-6
nlpmodel,control7,666,105,"DUAL_INFEASIBLE",5.299,5.299,39,20.62507499568936,20.6251,1.2123243349019791e-6
nlpmodel,control7,666,105,"DUAL_INFEASIBLE",5.6202,5.6201,39,20.62507499568936,20.6251,1.2123243349019791e-6
nlpmodel,control7,666,105,"DUAL_INFEASIBLE",5.2752,5.2751,39,20.62507499568936,20.6251,1.2123243349019791e-6
nlpmodel,control7,666,105,"DUAL_INFEASIBLE",5.6333,5.6332,39,20.62507499568936,20.6251,1.2123243349019791e-6
nlpmodel,control7,666,105,"DUAL_INFEASIBLE",5.2627,5.2627,39,20.62507499568936,20.6251,1.2123243349019791e-6
nlpmodel,control7,666,105,"DUAL_INFEASIBLE",5.6402,5.6401,39,20.62507499568936,20.6251,1.2123243349019791e-6
nlpmodel,control7,666,105,"DUAL_INFEASIBLE",5.256,5.2559,39,20.62507499568936,20.6251,1.2123243349019791e-6
nlpmodel,control7,666,105,"DUAL_INFEASIBLE",5.6284,5.6283,39,20.62507499568936,20.6251,1.2123243349019791e-6
nlpmodel,control7,666,105,"DUAL_INFEASIBLE",5.2604,5.2603,39,20.62507499568936,20.6251,1.2123243349019791e-6
nlpmodel,control7,666,105,"DUAL_INFEASIBLE",5.6529,5.6528,39,20.62507499568936,20.6251,1.2123243349019791e-6
nlpmodel,control7,666,105,"DUAL_INFEASIBLE",5.2662,5.2661,39,20.62507499568936,20.6251,1.2123243349019791e-6
nlpmodel,control7,666,105,"DUAL_INFEASIBLE",5.6597,5.6597,39,20.62507499568936,20.6251,1.2123243349019791e-6
nlpmodel,control7,666,105,"DUAL_INFEASIBLE",5.2569,5.2569,39,20.62507499568936,20.6251,1.2123243349019791e-6
nlpmodel,control7,666,105,"DUAL_INFEASIBLE",5.6887,5.6886,39,20.62507499568936,20.6251,1.2123243349019791e-6
nlpmodel,control7,666,105,"DUAL_INFEASIBLE",5.2299,5.2299,39,20.62507499568936,20.6251,1.2123243349019791e-6
nlpmodel,control7,666,105,"DUAL_INFEASIBLE",5.568,5.5679,39,20.62507499568936,20.6251,1.2123243349019791e-6
nlpmodel,control7,666,105,"DUAL_INFEASIBLE",5.2249,5.2249,39,20.62507499568936,20.6251,1.2123243349019791e-6
nlpmodel,control7,666,105,"DUAL_INFEASIBLE",5.6824,5.6823,39,20.62507499568936,20.6251,1.2123243349019791e-6
nlpmodel,control7,666,105,"DUAL_INFEASIBLE",5.5985,5.5984,39,20.62507499568936,20.6251,1.2123243349019791e-6
nlpmodel,control7,666,105,"DUAL_INFEASIBLE",5.2982,5.2981,39,20.62507499568936,20.6251,1.2123243349019791e-6
nlpmodel,control8,861,120,"DUAL_INFEASIBLE",8.537,8.5369,35,20.28636792866634,20.286,1.8137073170618547e-5
nlpmodel,control8,861,120,"DUAL_INFEASIBLE",8.9959,8.9958,35,20.28636792866634,20.286,1.8137073170618547e-5
nlpmodel,control8,861,120,"DUAL_INFEASIBLE",5.5397,5.5396,35,20.28636792866634,20.286,1.8137073170618547e-5
nlpmodel,control8,861,120,"DUAL_INFEASIBLE",4.8251,4.825,35,20.28636792866634,20.286,1.8137073170618547e-5
nlpmodel,control8,861,120,"DUAL_INFEASIBLE",5.1815,5.1815,35,20.28636792866634,20.286,1.8137073170618547e-5
nlpmodel,control8,861,120,"DUAL_INFEASIBLE",6.4411,6.441,35,20.28636792866634,20.286,1.8137073170618547e-5
nlpmodel,control8,861,120,"DUAL_INFEASIBLE",5.0577,5.0577,35,20.28636792866634,20.286,1.8137073170618547e-5
nlpmodel,control8,861,120,"DUAL_INFEASIBLE",5.3521,5.3521,35,20.28636792866634,20.286,1.8137073170618547e-5
nlpmodel,control8,861,120,"DUAL_INFEASIBLE",5.4734,5.4734,35,20.28636792866634,20.286,1.8137073170618547e-5
nlpmodel,control8,861,120,"DUAL_INFEASIBLE",6.1306,6.1305,35,20.28636792866634,20.286,1.8137073170618547e-5
nlpmodel,control8,861,120,"DUAL_INFEASIBLE",4.9596,4.9595,35,20.28636792866634,20.286,1.8137073170618547e-5
nlpmodel,control8,861,120,"DUAL_INFEASIBLE",6.2856,6.2856,35,20.28636792866634,20.286,1.8137073170618547e-5
nlpmodel,control8,861,120,"DUAL_INFEASIBLE",6.7383,6.7382,35,20.28636792866634,20.286,1.8137073170618547e-5
nlpmodel,control8,861,120,"DUAL_INFEASIBLE",5.2421,5.2421,35,20.28636792866634,20.286,1.8137073170618547e-5
nlpmodel,control8,861,120,"DUAL_INFEASIBLE",7.2137,7.2136,35,20.28636792866634,20.286,1.8137073170618547e-5
nlpmodel,control8,861,120,"DUAL_INFEASIBLE",8.039,8.039,35,20.28636792866634,20.286,1.8137073170618547e-5
nlpmodel,control8,861,120,"DUAL_INFEASIBLE",8.1496,8.1495,35,20.28636792866634,20.286,1.8137073170618547e-5
nlpmodel,control8,861,120,"DUAL_INFEASIBLE",9.0695,9.0694,35,20.28636792866634,20.286,1.8137073170618547e-5
nlpmodel,control8,861,120,"DUAL_INFEASIBLE",6.6136,6.6135,35,20.28636792866634,20.286,1.8137073170618547e-5
nlpmodel,control8,861,120,"DUAL_INFEASIBLE",4.8236,4.8236,35,20.28636792866634,20.286,1.8137073170618547e-5
nlpmodel,control8,861,120,"DUAL_INFEASIBLE",4.6791,4.6791,35,20.28636792866634,20.286,1.8137073170618547e-5
nlpmodel,control8,861,120,"DUAL_INFEASIBLE",6.3969,6.3969,35,20.28636792866634,20.286,1.8137073170618547e-5
nlpmodel,control8,861,120,"DUAL_INFEASIBLE",4.4547,4.4546,35,20.28636792866634,20.286,1.8137073170618547e-5
nlpmodel,control8,861,120,"DUAL_INFEASIBLE",4.5998,4.5997,35,20.28636792866634,20.286,1.8137073170618547e-5
nlpmodel,control8,861,120,"DUAL_INFEASIBLE",6.4949,6.4948,35,20.28636792866634,20.286,1.8137073170618547e-5
nlpmodel,control8,861,120,"DUAL_INFEASIBLE",8.5024,8.5023,35,20.28636792866634,20.286,1.8137073170618547e-5
nlpmodel,control8,861,120,"DUAL_INFEASIBLE",8.6032,8.6031,35,20.28636792866634,20.286,1.8137073170618547e-5
nlpmodel,control8,861,120,"DUAL_INFEASIBLE",8.5316,8.5316,35,20.28636792866634,20.286,1.8137073170618547e-5
nlpmodel,control8,861,120,"DUAL_INFEASIBLE",5.1088,5.1087,35,20.28636792866634,20.286,1.8137073170618547e-5
nlpmodel,control8,861,120,"DUAL_INFEASIBLE",4.4578,4.4578,35,20.28636792866634,20.286,1.8137073170618547e-5
nlpmodel,control8,861,120,"DUAL_INFEASIBLE",4.4812,4.4811,35,20.28636792866634,20.286,1.8137073170618547e-5
nlpmodel,control8,861,120,"DUAL_INFEASIBLE",5.0014,5.0013,35,20.28636792866634,20.286,1.8137073170618547e-5
nlpmodel,gpp124-1,125,124,"DUAL_INFEASIBLE",0.20448,0.20443,30,66.59730201471102,-7.3431,10.069371520844198
nlpmodel,gpp124-1,125,124,"DUAL_INFEASIBLE",0.19552,0.19547,30,66.59730201471102,-7.3431,10.069371520844198
nlpmodel,gpp124-1,125,124,"DUAL_INFEASIBLE",0.35732,0.35727,30,66.59730201471102,-7.3431,10.069371520844198
nlpmodel,gpp124-1,125,124,"DUAL_INFEASIBLE",0.41357,0.4135,30,66.59730201471102,-7.3431,10.069371520844198
nlpmodel,gpp124-1,125,124,"DUAL_INFEASIBLE",0.57669,0.57659,30,66.59730201471102,-7.3431,10.069371520844198
nlpmodel,gpp124-1,125,124,"DUAL_INFEASIBLE",0.19527,0.19522,30,66.59730201471102,-7.3431,10.069371520844198
nlpmodel,gpp124-1,125,124,"DUAL_INFEASIBLE",0.18498,0.18493,30,66.59730201471102,-7.3431,10.069371520844198
nlpmodel,gpp124-1,125,124,"DUAL_INFEASIBLE",0.18729,0.18723,30,66.59730201471102,-7.3431,10.069371520844198
nlpmodel,gpp124-1,125,124,"DUAL_INFEASIBLE",0.19743,0.19738,30,66.59730201471102,-7.3431,10.069371520844198
nlpmodel,gpp124-1,125,124,"DUAL_INFEASIBLE",0.19928,0.19924,30,66.59730201471102,-7.3431,10.069371520844198
nlpmodel,gpp124-1,125,124,"DUAL_INFEASIBLE",0.19945,0.19941,30,66.59730201471102,-7.3431,10.069371520844198
nlpmodel,gpp124-1,125,124,"DUAL_INFEASIBLE",0.20006,0.20001,30,66.59730201471102,-7.3431,10.069371520844198
nlpmodel,gpp124-1,125,124,"DUAL_INFEASIBLE",0.49008,0.49003,30,66.59730201471102,-7.3431,10.069371520844198
nlpmodel,gpp124-1,125,124,"DUAL_INFEASIBLE",0.19024,0.19019,30,66.59730201471102,-7.3431,10.069371520844198
nlpmodel,gpp124-1,125,124,"DUAL_INFEASIBLE",0.19501,0.19493,30,66.59730201471102,-7.3431,10.069371520844198
nlpmodel,gpp124-1,125,124,"DUAL_INFEASIBLE",0.18486,0.18481,30,66.59730201471102,-7.3431,10.069371520844198
nlpmodel,gpp124-1,125,124,"DUAL_INFEASIBLE",0.19257,0.19252,30,66.59730201471102,-7.3431,10.069371520844198
nlpmodel,gpp124-1,125,124,"DUAL_INFEASIBLE",0.19486,0.19481,30,66.59730201471102,-7.3431,10.069371520844198
nlpmodel,gpp124-1,125,124,"DUAL_INFEASIBLE",0.38208,0.38203,30,66.59730201471102,-7.3431,10.069371520844198
nlpmodel,gpp124-1,125,124,"DUAL_INFEASIBLE",0.2319,0.23183,30,66.59730201471102,-7.3431,10.069371520844198
nlpmodel,gpp124-1,125,124,"DUAL_INFEASIBLE",0.52073,0.52068,30,66.59730201471102,-7.3431,10.069371520844198
nlpmodel,gpp124-1,125,124,"DUAL_INFEASIBLE",0.18844,0.18839,30,66.59730201471102,-7.3431,10.069371520844198
nlpmodel,gpp124-1,125,124,"DUAL_INFEASIBLE",0.1909,0.19085,30,66.59730201471102,-7.3431,10.069371520844198
nlpmodel,gpp124-1,125,124,"DUAL_INFEASIBLE",0.18452,0.18447,30,66.59730201471102,-7.3431,10.069371520844198
nlpmodel,gpp124-1,125,124,"DUAL_INFEASIBLE",0.19051,0.19046,30,66.59730201471102,-7.3431,10.069371520844198
nlpmodel,gpp124-1,125,124,"DUAL_INFEASIBLE",0.20026,0.20022,30,66.59730201471102,-7.3431,10.069371520844198
nlpmodel,gpp124-1,125,124,"DUAL_INFEASIBLE",0.20019,0.20014,30,66.59730201471102,-7.3431,10.069371520844198
nlpmodel,gpp124-1,125,124,"DUAL_INFEASIBLE",0.2018,0.20175,30,66.59730201471102,-7.3431,10.069371520844198
nlpmodel,gpp124-1,125,124,"DUAL_INFEASIBLE",0.19877,0.19873,30,66.59730201471102,-7.3431,10.069371520844198
nlpmodel,gpp124-1,125,124,"DUAL_INFEASIBLE",0.49797,0.49792,30,66.59730201471102,-7.3431,10.069371520844198
nlpmodel,gpp124-1,125,124,"DUAL_INFEASIBLE",0.25726,0.25721,30,66.59730201471102,-7.3431,10.069371520844198
nlpmodel,gpp124-1,125,124,"DUAL_INFEASIBLE",0.28848,0.28841,30,66.59730201471102,-7.3431,10.069371520844198
nlpmodel,gpp124-2,125,124,"OPTIMAL",0.1322,0.13215,20,-46.862293844742794,-46.8623,1.313477401554857e-7
nlpmodel,gpp124-2,125,124,"OPTIMAL",0.13606,0.13601,20,-46.862293844742794,-46.8623,1.313477401554857e-7
nlpmodel,gpp124-2,125,124,"OPTIMAL",0.13941,0.13935,20,-46.862293844742794,-46.8623,1.313477401554857e-7
nlpmodel,gpp124-2,125,124,"OPTIMAL",0.13839,0.13835,20,-46.862293844742794,-46.8623,1.313477401554857e-7
nlpmodel,gpp124-2,125,124,"OPTIMAL",0.139,0.13896,20,-46.862293844742794,-46.8623,1.313477401554857e-7
nlpmodel,gpp124-2,125,124,"OPTIMAL",0.13553,0.13548,20,-46.862293844742794,-46.8623,1.313477401554857e-7
nlpmodel,gpp124-2,125,124,"OPTIMAL",0.44367,0.44362,20,-46.862293844742794,-46.8623,1.313477401554857e-7
nlpmodel,gpp124-2,125,124,"OPTIMAL",0.31963,0.31958,20,-46.862293844742794,-46.8623,1.313477401554857e-7
nlpmodel,gpp124-2,125,124,"OPTIMAL",0.12186,0.12181,20,-46.862293844742794,-46.8623,1.313477401554857e-7
nlpmodel,gpp124-2,125,124,"OPTIMAL",0.12781,0.12776,20,-46.862293844742794,-46.8623,1.313477401554857e-7
nlpmodel,gpp124-2,125,124,"OPTIMAL",0.12867,0.12861,20,-46.862293844742794,-46.8623,1.313477401554857e-7
nlpmodel,gpp124-2,125,124,"OPTIMAL",0.12909,0.12904,20,-46.862293844742794,-46.8623,1.313477401554857e-7
nlpmodel,gpp124-2,125,124,"OPTIMAL",0.13398,0.13393,20,-46.862293844742794,-46.8623,1.313477401554857e-7
nlpmodel,gpp124-2,125,124,"OPTIMAL",0.26632,0.26626,20,-46.862293844742794,-46.8623,1.313477401554857e-7
nlpmodel,gpp124-2,125,124,"OPTIMAL",0.17523,0.17514,20,-46.862293844742794,-46.8623,1.313477401554857e-7
nlpmodel,gpp124-2,125,124,"OPTIMAL",0.13822,0.13817,20,-46.862293844742794,-46.8623,1.313477401554857e-7
nlpmodel,gpp124-2,125,124,"OPTIMAL",0.13675,0.1367,20,-46.862293844742794,-46.8623,1.313477401554857e-7
nlpmodel,gpp124-2,125,124,"OPTIMAL",0.52729,0.52724,20,-46.862293844742794,-46.8623,1.313477401554857e-7
nlpmodel,gpp124-2,125,124,"OPTIMAL",0.3174,0.31733,20,-46.862293844742794,-46.8623,1.313477401554857e-7
nlpmodel,gpp124-2,125,124,"OPTIMAL",0.30893,0.30886,20,-46.862293844742794,-46.8623,1.313477401554857e-7
nlpmodel,gpp124-2,125,124,"OPTIMAL",0.25841,0.25832,20,-46.862293844742794,-46.8623,1.313477401554857e-7
nlpmodel,gpp124-2,125,124,"OPTIMAL",0.25665,0.25658,20,-46.862293844742794,-46.8623,1.313477401554857e-7
nlpmodel,gpp124-2,125,124,"OPTIMAL",0.26876,0.26867,20,-46.862293844742794,-46.8623,1.313477401554857e-7
nlpmodel,gpp124-2,125,124,"OPTIMAL",0.27209,0.27202,20,-46.862293844742794,-46.8623,1.313477401554857e-7
nlpmodel,gpp124-2,125,124,"OPTIMAL",0.28041,0.28035,20,-46.862293844742794,-46.8623,1.313477401554857e-7
nlpmodel,gpp124-2,125,124,"OPTIMAL",0.2799,0.2798,20,-46.862293844742794,-46.8623,1.313477401554857e-7
nlpmodel,gpp124-2,125,124,"OPTIMAL",0.27934,0.27924,20,-46.862293844742794,-46.8623,1.313477401554857e-7
nlpmodel,gpp124-2,125,124,"OPTIMAL",0.27624,0.27614,20,-46.862293844742794,-46.8623,1.313477401554857e-7
nlpmodel,gpp124-2,125,124,"OPTIMAL",0.27862,0.27856,20,-46.862293844742794,-46.8623,1.313477401554857e-7
nlpmodel,gpp124-2,125,124,"OPTIMAL",0.6454,0.64533,20,-46.862293844742794,-46.8623,1.313477401554857e-7
nlpmodel,gpp124-2,125,124,"OPTIMAL",0.35734,0.35727,20,-46.862293844742794,-46.8623,1.313477401554857e-7
nlpmodel,gpp124-2,125,124,"OPTIMAL",0.2597,0.25959,20,-46.862293844742794,-46.8623,1.313477401554857e-7
nlpmodel,gpp124-3,125,124,"OPTIMAL",0.073036,0.072987,12,-153.0141198539709,-153.014,7.83287613464467e-7
nlpmodel,gpp124-3,125,124,"OPTIMAL",0.075427,0.075378,12,-153.0141198539709,-153.014,7.83287613464467e-7
nlpmodel,gpp124-3,125,124,"OPTIMAL",0.075,0.07495,12,-153.0141198539709,-153.014,7.83287613464467e-7
nlpmodel,gpp124-3,125,124,"OPTIMAL",0.080189,0.080138,12,-153.0141198539709,-153.014,7.83287613464467e-7
nlpmodel,gpp124-3,125,124,"OPTIMAL",0.07919,0.079143,12,-153.0141198539709,-153.014,7.83287613464467e-7
nlpmodel,gpp124-3,125,124,"OPTIMAL",0.15913,0.15908,12,-153.0141198539709,-153.014,7.83287613464467e-7
nlpmodel,gpp124-3,125,124,"OPTIMAL",0.16673,0.16667,12,-153.0141198539709,-153.014,7.83287613464467e-7
nlpmodel,gpp124-3,125,124,"OPTIMAL",0.16501,0.16494,12,-153.0141198539709,-153.014,7.83287613464467e-7
nlpmodel,gpp124-3,125,124,"OPTIMAL",0.16548,0.16538,12,-153.0141198539709,-153.014,7.83287613464467e-7
nlpmodel,gpp124-3,125,124,"OPTIMAL",0.16472,0.16464,12,-153.0141198539709,-153.014,7.83287613464467e-7
nlpmodel,gpp124-3,125,124,"OPTIMAL",0.16456,0.16446,12,-153.0141198539709,-153.014,7.83287613464467e-7
nlpmodel,gpp124-3,125,124,"OPTIMAL",0.53325,0.53318,12,-153.0141198539709,-153.014,7.83287613464467e-7
nlpmodel,gpp124-3,125,124,"OPTIMAL",0.14891,0.14884,12,-153.0141198539709,-153.014,7.83287613464467e-7
nlpmodel,gpp124-3,125,124,"OPTIMAL",0.17625,0.17615,12,-153.0141198539709,-153.014,7.83287613464467e-7
nlpmodel,gpp124-3,125,124,"OPTIMAL",0.1671,0.16703,12,-153.0141198539709,-153.014,7.83287613464467e-7
nlpmodel,gpp124-3,125,124,"OPTIMAL",0.14912,0.14905,12,-153.0141198539709,-153.014,7.83287613464467e-7
nlpmodel,gpp124-3,125,124,"OPTIMAL",0.15647,0.15637,12,-153.0141198539709,-153.014,7.83287613464467e-7
nlpmodel,gpp124-3,125,124,"OPTIMAL",0.15317,0.15307,12,-153.0141198539709,-153.014,7.83287613464467e-7
nlpmodel,gpp124-3,125,124,"OPTIMAL",0.15316,0.1531,12,-153.0141198539709,-153.014,7.83287613464467e-7
nlpmodel,gpp124-3,125,124,"OPTIMAL",0.15652,0.15645,12,-153.0141198539709,-153.014,7.83287613464467e-7
nlpmodel,gpp124-3,125,124,"OPTIMAL",0.16033,0.16022,12,-153.0141198539709,-153.014,7.83287613464467e-7
nlpmodel,gpp124-3,125,124,"OPTIMAL",0.16534,0.16525,12,-153.0141198539709,-153.014,7.83287613464467e-7
nlpmodel,gpp124-3,125,124,"OPTIMAL",0.16625,0.16618,12,-153.0141198539709,-153.014,7.83287613464467e-7
nlpmodel,gpp124-3,125,124,"OPTIMAL",0.16856,0.16849,12,-153.0141198539709,-153.014,7.83287613464467e-7
nlpmodel,gpp124-3,125,124,"OPTIMAL",0.16626,0.16619,12,-153.0141198539709,-153.014,7.83287613464467e-7
nlpmodel,gpp124-3,125,124,"OPTIMAL",0.16697,0.1669,12,-153.0141198539709,-153.014,7.83287613464467e-7
nlpmodel,gpp124-3,125,124,"OPTIMAL",0.16506,0.16499,12,-153.0141198539709,-153.014,7.83287613464467e-7
nlpmodel,gpp124-3,125,124,"OPTIMAL",0.16448,0.16439,12,-153.0141198539709,-153.014,7.83287613464467e-7
nlpmodel,gpp124-3,125,124,"OPTIMAL",0.16627,0.1662,12,-153.0141198539709,-153.014,7.83287613464467e-7
nlpmodel,gpp124-3,125,124,"OPTIMAL",0.52968,0.52962,12,-153.0141198539709,-153.014,7.83287613464467e-7
nlpmodel,gpp124-3,125,124,"OPTIMAL",0.14785,0.14778,12,-153.0141198539709,-153.014,7.83287613464467e-7
nlpmodel,gpp124-3,125,124,"OPTIMAL",0.19373,0.19363,12,-153.0141198539709,-153.014,7.83287613464467e-7
nlpmodel,gpp124-4,125,124,"OPTIMAL",0.09127,0.091223,14,-418.9876150544546,-418.99,5.692129992194738e-6
nlpmodel,gpp124-4,125,124,"OPTIMAL",0.086036,0.085986,14,-418.9876150544546,-418.99,5.692129992194738e-6
nlpmodel,gpp124-4,125,124,"OPTIMAL",0.088932,0.088881,14,-418.9876150544546,-418.99,5.692129992194738e-6
nlpmodel,gpp124-4,125,124,"OPTIMAL",0.088375,0.088324,14,-418.9876150544546,-418.99,5.692129992194738e-6
nlpmodel,gpp124-4,125,124,"OPTIMAL",0.09374,0.093659,14,-418.9876150544546,-418.99,5.692129992194738e-6
nlpmodel,gpp124-4,125,124,"OPTIMAL",0.15733,0.15728,14,-418.9876150544546,-418.99,5.692129992194738e-6
nlpmodel,gpp124-4,125,124,"OPTIMAL",0.19763,0.19753,14,-418.9876150544546,-418.99,5.692129992194738e-6
nlpmodel,gpp124-4,125,124,"OPTIMAL",0.19745,0.19735,14,-418.9876150544546,-418.99,5.692129992194738e-6
nlpmodel,gpp124-4,125,124,"OPTIMAL",0.19806,0.19796,14,-418.9876150544546,-418.99,5.692129992194738e-6
nlpmodel,gpp124-4,125,124,"OPTIMAL",0.19698,0.19692,14,-418.9876150544546,-418.99,5.692129992194738e-6
nlpmodel,gpp124-4,125,124,"OPTIMAL",0.19331,0.19325,14,-418.9876150544546,-418.99,5.692129992194738e-6
nlpmodel,gpp124-4,125,124,"OPTIMAL",0.19667,0.1966,14,-418.9876150544546,-418.99,5.692129992194738e-6
nlpmodel,gpp124-4,125,124,"OPTIMAL",0.55409,0.55399,14,-418.9876150544546,-418.99,5.692129992194738e-6
nlpmodel,gpp124-4,125,124,"OPTIMAL",0.21324,0.21314,14,-418.9876150544546,-418.99,5.692129992194738e-6
nlpmodel,gpp124-4,125,124,"OPTIMAL",0.20084,0.20073,14,-418.9876150544546,-418.99,5.692129992194738e-6
nlpmodel,gpp124-4,125,124,"OPTIMAL",0.18285,0.18275,14,-418.9876150544546,-418.99,5.692129992194738e-6
nlpmodel,gpp124-4,125,124,"OPTIMAL",0.18603,0.18593,14,-418.9876150544546,-418.99,5.692129992194738e-6
nlpmodel,gpp124-4,125,124,"OPTIMAL",0.18145,0.18138,14,-418.9876150544546,-418.99,5.692129992194738e-6
nlpmodel,gpp124-4,125,124,"OPTIMAL",0.18501,0.18492,14,-418.9876150544546,-418.99,5.692129992194738e-6
nlpmodel,gpp124-4,125,124,"OPTIMAL",0.1915,0.1914,14,-418.9876150544546,-418.99,5.692129992194738e-6
nlpmodel,gpp124-4,125,124,"OPTIMAL",0.19708,0.19697,14,-418.9876150544546,-418.99,5.692129992194738e-6
nlpmodel,gpp124-4,125,124,"OPTIMAL",0.19615,0.19604,14,-418.9876150544546,-418.99,5.692129992194738e-6
nlpmodel,gpp124-4,125,124,"OPTIMAL",0.19713,0.19704,14,-418.9876150544546,-418.99,5.692129992194738e-6
nlpmodel,gpp124-4,125,124,"OPTIMAL",0.19654,0.19647,14,-418.9876150544546,-418.99,5.692129992194738e-6
nlpmodel,gpp124-4,125,124,"OPTIMAL",0.19683,0.19674,14,-418.9876150544546,-418.99,5.692129992194738e-6
nlpmodel,gpp124-4,125,124,"OPTIMAL",0.19668,0.19658,14,-418.9876150544546,-418.99,5.692129992194738e-6
nlpmodel,gpp124-4,125,124,"OPTIMAL",0.19602,0.19596,14,-418.9876150544546,-418.99,5.692129992194738e-6
nlpmodel,gpp124-4,125,124,"OPTIMAL",0.55986,0.55977,14,-418.9876150544546,-418.99,5.692129992194738e-6
nlpmodel,gpp124-4,125,124,"OPTIMAL",0.17704,0.17697,14,-418.9876150544546,-418.99,5.692129992194738e-6
nlpmodel,gpp124-4,125,124,"OPTIMAL",0.23566,0.23555,14,-418.9876150544546,-418.99,5.692129992194738e-6
nlpmodel,gpp124-4,125,124,"OPTIMAL",0.17643,0.17633,14,-418.9876150544546,-418.99,5.692129992194738e-6
nlpmodel,gpp124-4,125,124,"OPTIMAL",0.18693,0.18687,14,-418.9876150544546,-418.99,5.692129992194738e-6
nlpmodel,mcp124-1,124,124,"OPTIMAL",0.069617,0.069568,12,141.99047797038847,141.9905,1.551484890098355e-7
nlpmodel,mcp124-1,124,124,"OPTIMAL",0.068073,0.068024,12,141.99047797038847,141.9905,1.551484890098355e-7
nlpmodel,mcp124-1,124,124,"OPTIMAL",0.1283,0.12825,12,141.99047797038847,141.9905,1.551484890098355e-7
nlpmodel,mcp124-1,124,124,"OPTIMAL",0.15535,0.15529,12,141.99047797038847,141.9905,1.551484890098355e-7
nlpmodel,mcp124-1,124,124,"OPTIMAL",0.15507,0.15501,12,141.99047797038847,141.9905,1.551484890098355e-7
nlpmodel,mcp124-1,124,124,"OPTIMAL",0.15486,0.1548,12,141.99047797038847,141.9905,1.551484890098355e-7
nlpmodel,mcp124-1,124,124,"OPTIMAL",0.15522,0.15516,12,141.99047797038847,141.9905,1.551484890098355e-7
nlpmodel,mcp124-1,124,124,"OPTIMAL",0.15426,0.15418,12,141.99047797038847,141.9905,1.551484890098355e-7
nlpmodel,mcp124-1,124,124,"OPTIMAL",0.15477,0.1547,12,141.99047797038847,141.9905,1.551484890098355e-7
nlpmodel,mcp124-1,124,124,"OPTIMAL",0.15484,0.15478,12,141.99047797038847,141.9905,1.551484890098355e-7
nlpmodel,mcp124-1,124,124,"OPTIMAL",0.15504,0.15495,12,141.99047797038847,141.9905,1.551484890098355e-7
nlpmodel,mcp124-1,124,124,"OPTIMAL",0.2196,0.21954,12,141.99047797038847,141.9905,1.551484890098355e-7
nlpmodel,mcp124-1,124,124,"OPTIMAL",0.44417,0.4441,12,141.99047797038847,141.9905,1.551484890098355e-7
nlpmodel,mcp124-1,124,124,"OPTIMAL",0.1649,0.16484,12,141.99047797038847,141.9905,1.551484890098355e-7
nlpmodel,mcp124-1,124,124,"OPTIMAL",0.18446,0.18439,12,141.99047797038847,141.9905,1.551484890098355e-7
nlpmodel,mcp124-1,124,124,"OPTIMAL",0.13863,0.13856,12,141.99047797038847,141.9905,1.551484890098355e-7
nlpmodel,mcp124-1,124,124,"OPTIMAL",0.14824,0.14818,12,141.99047797038847,141.9905,1.551484890098355e-7
nlpmodel,mcp124-1,124,124,"OPTIMAL",0.14601,0.14594,12,141.99047797038847,141.9905,1.551484890098355e-7
nlpmodel,mcp124-1,124,124,"OPTIMAL",0.14709,0.147,12,141.99047797038847,141.9905,1.551484890098355e-7
nlpmodel,mcp124-1,124,124,"OPTIMAL",0.14304,0.14297,12,141.99047797038847,141.9905,1.551484890098355e-7
nlpmodel,mcp124-1,124,124,"OPTIMAL",0.14936,0.14926,12,141.99047797038847,141.9905,1.551484890098355e-7
nlpmodel,mcp124-1,124,124,"OPTIMAL",0.1518,0.15174,12,141.99047797038847,141.9905,1.551484890098355e-7
nlpmodel,mcp124-1,124,124,"OPTIMAL",0.1545,0.15444,12,141.99047797038847,141.9905,1.551484890098355e-7
nlpmodel,mcp124-1,124,124,"OPTIMAL",0.15401,0.15394,12,141.99047797038847,141.9905,1.551484890098355e-7
nlpmodel,mcp124-1,124,124,"OPTIMAL",0.15428,0.15419,12,141.99047797038847,141.9905,1.551484890098355e-7
nlpmodel,mcp124-1,124,124,"OPTIMAL",0.15442,0.15435,12,141.99047797038847,141.9905,1.551484890098355e-7
nlpmodel,mcp124-1,124,124,"OPTIMAL",0.15587,0.15577,12,141.99047797038847,141.9905,1.551484890098355e-7
nlpmodel,mcp124-1,124,124,"OPTIMAL",0.15454,0.15444,12,141.99047797038847,141.9905,1.551484890098355e-7
nlpmodel,mcp124-1,124,124,"OPTIMAL",0.15585,0.15576,12,141.99047797038847,141.9905,1.551484890098355e-7
nlpmodel,mcp124-1,124,124,"OPTIMAL",0.15395,0.15388,12,141.99047797038847,141.9905,1.551484890098355e-7
nlpmodel,mcp124-1,124,124,"OPTIMAL",0.52449,0.52443,12,141.99047797038847,141.9905,1.551484890098355e-7
nlpmodel,mcp124-1,124,124,"OPTIMAL",0.15917,0.15911,12,141.99047797038847,141.9905,1.551484890098355e-7
nlpmodel,mcp124-2,124,124,"OPTIMAL",0.07138,0.071332,12,269.8801716747249,269.8802,1.0495499514931965e-7
nlpmodel,mcp124-2,124,124,"OPTIMAL",0.06286,0.062811,12,269.8801716747249,269.8802,1.0495499514931965e-7
nlpmodel,mcp124-2,124,124,"OPTIMAL",0.067432,0.067383,12,269.8801716747249,269.8802,1.0495499514931965e-7
nlpmodel,mcp124-2,124,124,"OPTIMAL",0.066251,0.066199,12,269.8801716747249,269.8802,1.0495499514931965e-7
nlpmodel,mcp124-2,124,124,"OPTIMAL",0.1208,0.12072,12,269.8801716747249,269.8802,1.0495499514931965e-7
nlpmodel,mcp124-2,124,124,"OPTIMAL",0.14061,0.1405,12,269.8801716747249,269.8802,1.0495499514931965e-7
nlpmodel,mcp124-2,124,124,"OPTIMAL",0.14669,0.14658,12,269.8801716747249,269.8802,1.0495499514931965e-7
nlpmodel,mcp124-2,124,124,"OPTIMAL",0.14492,0.14486,12,269.8801716747249,269.8802,1.0495499514931965e-7
nlpmodel,mcp124-2,124,124,"OPTIMAL",0.15097,0.15091,12,269.8801716747249,269.8802,1.0495499514931965e-7
nlpmodel,mcp124-2,124,124,"OPTIMAL",0.15054,0.15044,12,269.8801716747249,269.8802,1.0495499514931965e-7
nlpmodel,mcp124-2,124,124,"OPTIMAL",0.1505,0.15044,12,269.8801716747249,269.8802,1.0495499514931965e-7
nlpmodel,mcp124-2,124,124,"OPTIMAL",0.15282,0.15275,12,269.8801716747249,269.8802,1.0495499514931965e-7
nlpmodel,mcp124-2,124,124,"OPTIMAL",0.15061,0.15054,12,269.8801716747249,269.8802,1.0495499514931965e-7
nlpmodel,mcp124-2,124,124,"OPTIMAL",0.15054,0.15048,12,269.8801716747249,269.8802,1.0495499514931965e-7
nlpmodel,mcp124-2,124,124,"OPTIMAL",0.15025,0.15018,12,269.8801716747249,269.8802,1.0495499514931965e-7
nlpmodel,mcp124-2,124,124,"OPTIMAL",0.15006,0.15,12,269.8801716747249,269.8802,1.0495499514931965e-7
nlpmodel,mcp124-2,124,124,"OPTIMAL",0.21431,0.21422,12,269.8801716747249,269.8802,1.0495499514931965e-7
nlpmodel,mcp124-2,124,124,"OPTIMAL",0.44913,0.44906,12,269.8801716747249,269.8802,1.0495499514931965e-7
nlpmodel,mcp124-2,124,124,"OPTIMAL",0.19046,0.1904,12,269.8801716747249,269.8802,1.0495499514931965e-7
nlpmodel,mcp124-2,124,124,"OPTIMAL",0.17246,0.17239,12,269.8801716747249,269.8802,1.0495499514931965e-7
nlpmodel,mcp124-2,124,124,"OPTIMAL",0.135,0.13494,12,269.8801716747249,269.8802,1.0495499514931965e-7
nlpmodel,mcp124-2,124,124,"OPTIMAL",0.14804,0.14796,12,269.8801716747249,269.8802,1.0495499514931965e-7
nlpmodel,mcp124-2,124,124,"OPTIMAL",0.14821,0.14811,12,269.8801716747249,269.8802,1.0495499514931965e-7
nlpmodel,mcp124-2,124,124,"OPTIMAL",0.13843,0.13837,12,269.8801716747249,269.8802,1.0495499514931965e-7
nlpmodel,mcp124-2,124,124,"OPTIMAL",0.13836,0.1383,12,269.8801716747249,269.8802,1.0495499514931965e-7
nlpmodel,mcp124-2,124,124,"OPTIMAL",0.14621,0.14611,12,269.8801716747249,269.8802,1.0495499514931965e-7
nlpmodel,mcp124-2,124,124,"OPTIMAL",0.14812,0.14802,12,269.8801716747249,269.8802,1.0495499514931965e-7
nlpmodel,mcp124-2,124,124,"OPTIMAL",0.15199,0.15189,12,269.8801716747249,269.8802,1.0495499514931965e-7
nlpmodel,mcp124-2,124,124,"OPTIMAL",0.1508,0.15073,12,269.8801716747249,269.8802,1.0495499514931965e-7
nlpmodel,mcp124-2,124,124,"OPTIMAL",0.15209,0.152,12,269.8801716747249,269.8802,1.0495499514931965e-7
nlpmodel,mcp124-2,124,124,"OPTIMAL",0.15202,0.15195,12,269.8801716747249,269.8802,1.0495499514931965e-7
nlpmodel,mcp124-2,124,124,"OPTIMAL",0.15101,0.15094,12,269.8801716747249,269.8802,1.0495499514931965e-7
nlpmodel,mcp124-3,124,124,"OPTIMAL",0.06666,0.066613,11,467.75011786958663,467.7501,3.8203277041770524e-8
nlpmodel,mcp124-3,124,124,"OPTIMAL",0.067979,0.067933,11,467.75011786958663,467.7501,3.8203277041770524e-8
nlpmodel,mcp124-3,124,124,"OPTIMAL",0.36862,0.36858,11,467.75011786958663,467.7501,3.8203277041770524e-8
nlpmodel,mcp124-3,124,124,"OPTIMAL",0.13233,0.13227,11,467.75011786958663,467.7501,3.8203277041770524e-8
nlpmodel,mcp124-3,124,124,"OPTIMAL",0.20873,0.20863,11,467.75011786958663,467.7501,3.8203277041770524e-8
nlpmodel,mcp124-3,124,124,"OPTIMAL",0.15468,0.15457,11,467.75011786958663,467.7501,3.8203277041770524e-8
nlpmodel,mcp124-3,124,124,"OPTIMAL",0.12531,0.12517,11,467.75011786958663,467.7501,3.8203277041770524e-8
nlpmodel,mcp124-3,124,124,"OPTIMAL",0.13379,0.1337,11,467.75011786958663,467.7501,3.8203277041770524e-8
nlpmodel,mcp124-3,124,124,"OPTIMAL",0.13059,0.13053,11,467.75011786958663,467.7501,3.8203277041770524e-8
nlpmodel,mcp124-3,124,124,"OPTIMAL",0.13288,0.13282,11,467.75011786958663,467.7501,3.8203277041770524e-8
nlpmodel,mcp124-3,124,124,"OPTIMAL",0.1296,0.12954,11,467.75011786958663,467.7501,3.8203277041770524e-8
nlpmodel,mcp124-3,124,124,"OPTIMAL",0.13666,0.13656,11,467.75011786958663,467.7501,3.8203277041770524e-8
nlpmodel,mcp124-3,124,124,"OPTIMAL",0.13708,0.13701,11,467.75011786958663,467.7501,3.8203277041770524e-8
nlpmodel,mcp124-3,124,124,"OPTIMAL",0.14365,0.14359,11,467.75011786958663,467.7501,3.8203277041770524e-8
nlpmodel,mcp124-3,124,124,"OPTIMAL",0.14012,0.14006,11,467.75011786958663,467.7501,3.8203277041770524e-8
nlpmodel,mcp124-3,124,124,"OPTIMAL",0.13694,0.13687,11,467.75011786958663,467.7501,3.8203277041770524e-8
nlpmodel,mcp124-3,124,124,"OPTIMAL",0.14049,0.14043,11,467.75011786958663,467.7501,3.8203277041770524e-8
nlpmodel,mcp124-3,124,124,"OPTIMAL",0.13769,0.13758,11,467.75011786958663,467.7501,3.8203277041770524e-8
nlpmodel,mcp124-3,124,124,"OPTIMAL",0.14151,0.14144,11,467.75011786958663,467.7501,3.8203277041770524e-8
nlpmodel,mcp124-3,124,124,"OPTIMAL",0.1381,0.13804,11,467.75011786958663,467.7501,3.8203277041770524e-8
nlpmodel,mcp124-3,124,124,"OPTIMAL",0.13996,0.1399,11,467.75011786958663,467.7501,3.8203277041770524e-8
nlpmodel,mcp124-3,124,124,"OPTIMAL",0.20394,0.20387,11,467.75011786958663,467.7501,3.8203277041770524e-8
nlpmodel,mcp124-3,124,124,"OPTIMAL",0.38392,0.38386,11,467.75011786958663,467.7501,3.8203277041770524e-8
nlpmodel,mcp124-3,124,124,"OPTIMAL",0.098393,0.098345,11,467.75011786958663,467.7501,3.8203277041770524e-8
nlpmodel,mcp124-3,124,124,"OPTIMAL",0.091979,0.091932,11,467.75011786958663,467.7501,3.8203277041770524e-8
nlpmodel,mcp124-3,124,124,"OPTIMAL",0.059655,0.059607,11,467.75011786958663,467.7501,3.8203277041770524e-8
nlpmodel,mcp124-3,124,124,"OPTIMAL",0.059487,0.05944,11,467.75011786958663,467.7501,3.8203277041770524e-8
nlpmodel,mcp124-3,124,124,"OPTIMAL",0.065304,0.065254,11,467.75011786958663,467.7501,3.8203277041770524e-8
nlpmodel,mcp124-3,124,124,"OPTIMAL",0.063106,0.063056,11,467.75011786958663,467.7501,3.8203277041770524e-8
nlpmodel,mcp124-3,124,124,"OPTIMAL",0.064611,0.064563,11,467.75011786958663,467.7501,3.8203277041770524e-8
nlpmodel,mcp124-3,124,124,"OPTIMAL",0.063032,0.062987,11,467.75011786958663,467.7501,3.8203277041770524e-8
nlpmodel,mcp124-3,124,124,"OPTIMAL",0.06229,0.062245,11,467.75011786958663,467.7501,3.8203277041770524e-8
nlpmodel,mcp124-4,124,124,"OPTIMAL",0.066347,0.0663,11,864.4118669402784,864.4119,3.8245333671614673e-8
nlpmodel,mcp124-4,124,124,"OPTIMAL",0.066789,0.06674,11,864.4118669402784,864.4119,3.8245333671614673e-8
nlpmodel,mcp124-4,124,124,"OPTIMAL",0.065021,0.064976,11,864.4118669402784,864.4119,3.8245333671614673e-8
nlpmodel,mcp124-4,124,124,"OPTIMAL",0.066233,0.066189,11,864.4118669402784,864.4119,3.8245333671614673e-8
nlpmodel,mcp124-4,124,124,"OPTIMAL",0.06636,0.066315,11,864.4118669402784,864.4119,3.8245333671614673e-8
nlpmodel,mcp124-4,124,124,"OPTIMAL",0.064932,0.064887,11,864.4118669402784,864.4119,3.8245333671614673e-8
nlpmodel,mcp124-4,124,124,"OPTIMAL",0.066907,0.066862,11,864.4118669402784,864.4119,3.8245333671614673e-8
nlpmodel,mcp124-4,124,124,"OPTIMAL",0.06623,0.066182,11,864.4118669402784,864.4119,3.8245333671614673e-8
nlpmodel,mcp124-4,124,124,"OPTIMAL",0.066842,0.066796,11,864.4118669402784,864.4119,3.8245333671614673e-8
nlpmodel,mcp124-4,124,124,"OPTIMAL",0.36473,0.36468,11,864.4118669402784,864.4119,3.8245333671614673e-8
nlpmodel,mcp124-4,124,124,"OPTIMAL",0.09987,0.099819,11,864.4118669402784,864.4119,3.8245333671614673e-8
nlpmodel,mcp124-4,124,124,"OPTIMAL",0.098901,0.098852,11,864.4118669402784,864.4119,3.8245333671614673e-8
nlpmodel,mcp124-4,124,124,"OPTIMAL",0.066084,0.066032,11,864.4118669402784,864.4119,3.8245333671614673e-8
nlpmodel,mcp124-4,124,124,"OPTIMAL",0.059074,0.059008,11,864.4118669402784,864.4119,3.8245333671614673e-8
nlpmodel,mcp124-4,124,124,"OPTIMAL",0.066582,0.066535,11,864.4118669402784,864.4119,3.8245333671614673e-8
nlpmodel,mcp124-4,124,124,"OPTIMAL",0.058339,0.058293,11,864.4118669402784,864.4119,3.8245333671614673e-8
nlpmodel,mcp124-4,124,124,"OPTIMAL",0.06935,0.069303,11,864.4118669402784,864.4119,3.8245333671614673e-8
nlpmodel,mcp124-4,124,124,"OPTIMAL",0.078315,0.078264,11,864.4118669402784,864.4119,3.8245333671614673e-8
nlpmodel,mcp124-4,124,124,"OPTIMAL",0.062133,0.062085,11,864.4118669402784,864.4119,3.8245333671614673e-8
nlpmodel,mcp124-4,124,124,"OPTIMAL",0.065279,0.065229,11,864.4118669402784,864.4119,3.8245333671614673e-8
nlpmodel,mcp124-4,124,124,"OPTIMAL",0.062333,0.062286,11,864.4118669402784,864.4119,3.8245333671614673e-8
nlpmodel,mcp124-4,124,124,"OPTIMAL",0.06675,0.066704,11,864.4118669402784,864.4119,3.8245333671614673e-8
nlpmodel,mcp124-4,124,124,"OPTIMAL",0.064782,0.064736,11,864.4118669402784,864.4119,3.8245333671614673e-8
nlpmodel,mcp124-4,124,124,"OPTIMAL",0.092637,0.092584,11,864.4118669402784,864.4119,3.8245333671614673e-8
nlpmodel,mcp124-4,124,124,"OPTIMAL",0.13813,0.13804,11,864.4118669402784,864.4119,3.8245333671614673e-8
nlpmodel,mcp124-4,124,124,"OPTIMAL",0.14273,0.14263,11,864.4118669402784,864.4119,3.8245333671614673e-8
nlpmodel,mcp124-4,124,124,"OPTIMAL",0.13932,0.13922,11,864.4118669402784,864.4119,3.8245333671614673e-8
nlpmodel,mcp124-4,124,124,"OPTIMAL",0.14243,0.14233,11,864.4118669402784,864.4119,3.8245333671614673e-8
nlpmodel,mcp124-4,124,124,"OPTIMAL",0.13827,0.13817,11,864.4118669402784,864.4119,3.8245333671614673e-8
nlpmodel,mcp124-4,124,124,"OPTIMAL",0.14127,0.1412,11,864.4118669402784,864.4119,3.8245333671614673e-8
nlpmodel,mcp124-4,124,124,"OPTIMAL",0.51624,0.51617,11,864.4118669402784,864.4119,3.8245333671614673e-8
nlpmodel,mcp124-4,124,124,"OPTIMAL",0.20577,0.2057,11,864.4118669402784,864.4119,3.8245333671614673e-8
nlpmodel,truss2,58,133,"OPTIMAL",0.016799,0.016756,15,-123.38035304581672,-123.3804,3.805643625382628e-7
nlpmodel,truss2,58,133,"OPTIMAL",0.012203,0.012187,15,-123.38035304581672,-123.3804,3.805643625382628e-7
nlpmodel,truss2,58,133,"OPTIMAL",0.023851,0.023834,15,-123.38035304581672,-123.3804,3.805643625382628e-7
nlpmodel,truss2,58,133,"OPTIMAL",0.019972,0.019941,15,-123.38035304581672,-123.3804,3.805643625382628e-7
nlpmodel,truss2,58,133,"OPTIMAL",0.01475,0.014732,15,-123.38035304581672,-123.3804,3.805643625382628e-7
nlpmodel,truss2,58,133,"OPTIMAL",0.015159,0.015142,15,-123.38035304581672,-123.3804,3.805643625382628e-7
nlpmodel,truss2,58,133,"OPTIMAL",0.015156,0.015139,15,-123.38035304581672,-123.3804,3.805643625382628e-7
nlpmodel,truss2,58,133,"OPTIMAL",0.015193,0.015176,15,-123.38035304581672,-123.3804,3.805643625382628e-7
nlpmodel,truss2,58,133,"OPTIMAL",0.015186,0.01517,15,-123.38035304581672,-123.3804,3.805643625382628e-7
nlpmodel,truss2,58,133,"OPTIMAL",0.015316,0.0153,15,-123.38035304581672,-123.3804,3.805643625382628e-7
nlpmodel,truss2,58,133,"OPTIMAL",0.031728,0.031709,15,-123.38035304581672,-123.3804,3.805643625382628e-7
nlpmodel,truss2,58,133,"OPTIMAL",0.012304,0.012267,15,-123.38035304581672,-123.3804,3.805643625382628e-7
nlpmodel,truss2,58,133,"OPTIMAL",0.012442,0.012417,15,-123.38035304581672,-123.3804,3.805643625382628e-7
nlpmodel,truss2,58,133,"OPTIMAL",0.012347,0.012326,15,-123.38035304581672,-123.3804,3.805643625382628e-7
nlpmodel,truss2,58,133,"OPTIMAL",0.012403,0.012384,15,-123.38035304581672,-123.3804,3.805643625382628e-7
nlpmodel,truss2,58,133,"OPTIMAL",0.012424,0.012407,15,-123.38035304581672,-123.3804,3.805643625382628e-7
nlpmodel,truss2,58,133,"OPTIMAL",0.014014,0.013996,15,-123.38035304581672,-123.3804,3.805643625382628e-7
nlpmodel,truss2,58,133,"OPTIMAL",0.015274,0.015256,15,-123.38035304581672,-123.3804,3.805643625382628e-7
nlpmodel,truss2,58,133,"OPTIMAL",0.015316,0.015299,15,-123.38035304581672,-123.3804,3.805643625382628e-7
nlpmodel,truss2,58,133,"OPTIMAL",0.015346,0.015329,15,-123.38035304581672,-123.3804,3.805643625382628e-7
nlpmodel,truss2,58,133,"OPTIMAL",0.015281,0.015264,15,-123.38035304581672,-123.3804,3.805643625382628e-7
nlpmodel,truss2,58,133,"OPTIMAL",0.015467,0.01545,15,-123.38035304581672,-123.3804,3.805643625382628e-7
nlpmodel,truss2,58,133,"OPTIMAL",0.015223,0.015206,15,-123.38035304581672,-123.3804,3.805643625382628e-7
nlpmodel,truss2,58,133,"OPTIMAL",0.015359,0.015341,15,-123.38035304581672,-123.3804,3.805643625382628e-7
nlpmodel,truss2,58,133,"OPTIMAL",0.015401,0.015375,15,-123.38035304581672,-123.3804,3.805643625382628e-7
nlpmodel,truss2,58,133,"OPTIMAL",0.015651,0.015631,15,-123.38035304581672,-123.3804,3.805643625382628e-7
nlpmodel,truss2,58,133,"OPTIMAL",0.015267,0.015249,15,-123.38035304581672,-123.3804,3.805643625382628e-7
nlpmodel,truss2,58,133,"OPTIMAL",0.01519,0.015169,15,-123.38035304581672,-123.3804,3.805643625382628e-7
nlpmodel,truss2,58,133,"OPTIMAL",0.015361,0.015343,15,-123.38035304581672,-123.3804,3.805643625382628e-7
nlpmodel,truss2,58,133,"OPTIMAL",0.015381,0.015367,15,-123.38035304581672,-123.3804,3.805643625382628e-7
nlpmodel,truss2,58,133,"OPTIMAL",0.015602,0.015587,15,-123.38035304581672,-123.3804,3.805643625382628e-7
nlpmodel,truss2,58,133,"OPTIMAL",0.015893,0.015877,15,-123.38035304581672,-123.3804,3.805643625382628e-7
nlpmodel,control9,1081,135,"DUAL_INFEASIBLE",8.842,8.8419,34,14.675427381754908,14.6754,1.865826819569276e-6
nlpmodel,control9,1081,135,"DUAL_INFEASIBLE",8.7359,8.7359,34,14.675427381754908,14.6754,1.865826819569276e-6
nlpmodel,control9,1081,135,"DUAL_INFEASIBLE",10.028,10.028,34,14.675427381754908,14.6754,1.865826819569276e-6
nlpmodel,control9,1081,135,"DUAL_INFEASIBLE",8.9154,8.9153,34,14.675427381754908,14.6754,1.865826819569276e-6
nlpmodel,control9,1081,135,"DUAL_INFEASIBLE",9.1729,9.1728,34,14.675427381754908,14.6754,1.865826819569276e-6
nlpmodel,control9,1081,135,"DUAL_INFEASIBLE",13.19,13.189,34,14.675427381754908,14.6754,1.865826819569276e-6
nlpmodel,control9,1081,135,"DUAL_INFEASIBLE",15.203,15.203,34,14.675427381754908,14.6754,1.865826819569276e-6
nlpmodel,control9,1081,135,"DUAL_INFEASIBLE",14.622,14.622,34,14.675427381754908,14.6754,1.865826819569276e-6
nlpmodel,control9,1081,135,"DUAL_INFEASIBLE",13.478,13.478,34,14.675427381754908,14.6754,1.865826819569276e-6
nlpmodel,control9,1081,135,"DUAL_INFEASIBLE",8.7764,8.7764,34,14.675427381754908,14.6754,1.865826819569276e-6
nlpmodel,control9,1081,135,"DUAL_INFEASIBLE",8.3211,8.3211,34,14.675427381754908,14.6754,1.865826819569276e-6
nlpmodel,control9,1081,135,"DUAL_INFEASIBLE",7.4919,7.4918,34,14.675427381754908,14.6754,1.865826819569276e-6
nlpmodel,control9,1081,135,"DUAL_INFEASIBLE",7.7824,7.7823,34,14.675427381754908,14.6754,1.865826819569276e-6
nlpmodel,control9,1081,135,"DUAL_INFEASIBLE",8.3148,8.3148,34,14.675427381754908,14.6754,1.865826819569276e-6
nlpmodel,control9,1081,135,"DUAL_INFEASIBLE",14.784,14.784,34,14.675427381754908,14.6754,1.865826819569276e-6
nlpmodel,control9,1081,135,"DUAL_INFEASIBLE",15.626,15.626,34,14.675427381754908,14.6754,1.865826819569276e-6
nlpmodel,control9,1081,135,"DUAL_INFEASIBLE",15.108,15.108,34,14.675427381754908,14.6754,1.865826819569276e-6
nlpmodel,control9,1081,135,"DUAL_INFEASIBLE",12.766,12.766,34,14.675427381754908,14.6754,1.865826819569276e-6
nlpmodel,control9,1081,135,"DUAL_INFEASIBLE",15.642,15.641,34,14.675427381754908,14.6754,1.865826819569276e-6
nlpmodel,control9,1081,135,"DUAL_INFEASIBLE",15.275,15.275,34,14.675427381754908,14.6754,1.865826819569276e-6
nlpmodel,control9,1081,135,"DUAL_INFEASIBLE",15.589,15.589,34,14.675427381754908,14.6754,1.865826819569276e-6
nlpmodel,control9,1081,135,"DUAL_INFEASIBLE",15.31,15.31,34,14.675427381754908,14.6754,1.865826819569276e-6
nlpmodel,control9,1081,135,"DUAL_INFEASIBLE",15.57,15.57,34,14.675427381754908,14.6754,1.865826819569276e-6
nlpmodel,control9,1081,135,"DUAL_INFEASIBLE",15.572,15.572,34,14.675427381754908,14.6754,1.865826819569276e-6
nlpmodel,control9,1081,135,"DUAL_INFEASIBLE",15.514,15.514,34,14.675427381754908,14.6754,1.865826819569276e-6
nlpmodel,control9,1081,135,"DUAL_INFEASIBLE",15.169,15.169,34,14.675427381754908,14.6754,1.865826819569276e-6
nlpmodel,control9,1081,135,"DUAL_INFEASIBLE",15.676,15.676,34,14.675427381754908,14.6754,1.865826819569276e-6
nlpmodel,control9,1081,135,"DUAL_INFEASIBLE",15.151,13.799,34,14.675427381754908,14.6754,1.865826819569276e-6
nlpmodel,control9,1081,135,"DUAL_INFEASIBLE",15.639,15.639,34,14.675427381754908,14.6754,1.865826819569276e-6
nlpmodel,control9,1081,135,"DUAL_INFEASIBLE",15.598,15.597,34,14.675427381754908,14.6754,1.865826819569276e-6
nlpmodel,control9,1081,135,"DUAL_INFEASIBLE",15.202,15.202,34,14.675427381754908,14.6754,1.865826819569276e-6
nlpmodel,control9,1081,135,"DUAL_INFEASIBLE",15.664,15.664,34,14.675427381754908,14.6754,1.865826819569276e-6
nlpmodel,control10,1326,150,"DUAL_INFEASIBLE",28.035,28.035,38,38.5330730800244,38.533,1.8965568318061187e-6
nlpmodel,control10,1326,150,"DUAL_INFEASIBLE",28.066,28.065,38,38.5330730800244,38.533,1.8965568318061187e-6
nlpmodel,control10,1326,150,"DUAL_INFEASIBLE",28.092,28.092,38,38.5330730800244,38.533,1.8965568318061187e-6
nlpmodel,control10,1326,150,"DUAL_INFEASIBLE",28.185,28.185,38,38.5330730800244,38.533,1.8965568318061187e-6
nlpmodel,control10,1326,150,"DUAL_INFEASIBLE",28.108,28.108,38,38.5330730800244,38.533,1.8965568318061187e-6
nlpmodel,control10,1326,150,"DUAL_INFEASIBLE",27.401,27.401,38,38.5330730800244,38.533,1.8965568318061187e-6
nlpmodel,control10,1326,150,"DUAL_INFEASIBLE",28.286,28.286,38,38.5330730800244,38.533,1.8965568318061187e-6
nlpmodel,control10,1326,150,"DUAL_INFEASIBLE",28.278,28.278,38,38.5330730800244,38.533,1.8965568318061187e-6
nlpmodel,control10,1326,150,"DUAL_INFEASIBLE",28.261,28.261,38,38.5330730800244,38.533,1.8965568318061187e-6
nlpmodel,control10,1326,150,"DUAL_INFEASIBLE",28.316,28.316,38,38.5330730800244,38.533,1.8965568318061187e-6
nlpmodel,control10,1326,150,"DUAL_INFEASIBLE",28.306,28.306,38,38.5330730800244,38.533,1.8965568318061187e-6
nlpmodel,control10,1326,150,"DUAL_INFEASIBLE",28.266,28.266,38,38.5330730800244,38.533,1.8965568318061187e-6
nlpmodel,control10,1326,150,"DUAL_INFEASIBLE",28.278,28.278,38,38.5330730800244,38.533,1.8965568318061187e-6
nlpmodel,control10,1326,150,"DUAL_INFEASIBLE",18.719,18.719,38,38.5330730800244,38.533,1.8965568318061187e-6
nlpmodel,theta3,1106,150,"OPTIMAL",5.7411,5.741,13,42.16698261114438,42.16698,6.192391237167217e-8
nlpmodel,theta3,1106,150,"OPTIMAL",5.6574,5.6573,13,42.16698261114438,42.16698,6.192391237167217e-8
nlpmodel,theta3,1106,150,"OPTIMAL",5.2748,5.2747,13,42.16698261114438,42.16698,6.192391237167217e-8
nlpmodel,theta3,1106,150,"OPTIMAL",5.6736,5.6735,13,42.16698261114438,42.16698,6.192391237167217e-8
nlpmodel,theta3,1106,150,"OPTIMAL",5.7276,5.7275,13,42.16698261114438,42.16698,6.192391237167217e-8
nlpmodel,theta3,1106,150,"OPTIMAL",5.7257,5.7256,13,42.16698261114438,42.16698,6.192391237167217e-8
nlpmodel,theta3,1106,150,"OPTIMAL",5.6639,5.6639,13,42.16698261114438,42.16698,6.192391237167217e-8
nlpmodel,theta3,1106,150,"OPTIMAL",5.2732,5.2731,13,42.16698261114438,42.16698,6.192391237167217e-8
nlpmodel,theta3,1106,150,"OPTIMAL",5.7514,5.7513,13,42.16698261114438,42.16698,6.192391237167217e-8
nlpmodel,theta3,1106,150,"OPTIMAL",5.725,5.7249,13,42.16698261114438,42.16698,6.192391237167217e-8
nlpmodel,theta3,1106,150,"OPTIMAL",5.6783,5.6783,13,42.16698261114438,42.16698,6.192391237167217e-8
nlpmodel,theta3,1106,150,"OPTIMAL",5.28,5.2799,13,42.16698261114438,42.16698,6.192391237167217e-8
nlpmodel,theta3,1106,150,"OPTIMAL",5.7708,5.7707,13,42.16698261114438,42.16698,6.192391237167217e-8
nlpmodel,theta3,1106,150,"OPTIMAL",5.7483,5.7482,13,42.16698261114438,42.16698,6.192391237167217e-8
nlpmodel,theta3,1106,150,"OPTIMAL",5.6529,5.6528,13,42.16698261114438,42.16698,6.192391237167217e-8
nlpmodel,theta3,1106,150,"OPTIMAL",5.3325,5.3324,13,42.16698261114438,42.16698,6.192391237167217e-8
nlpmodel,theta3,1106,150,"OPTIMAL",5.7139,5.7137,13,42.16698261114438,42.16698,6.192391237167217e-8
nlpmodel,theta3,1106,150,"OPTIMAL",5.6926,5.6925,13,42.16698261114438,42.16698,6.192391237167217e-8
nlpmodel,theta3,1106,150,"OPTIMAL",5.6415,5.6414,13,42.16698261114438,42.16698,6.192391237167217e-8
nlpmodel,theta3,1106,150,"OPTIMAL",5.6787,5.6786,13,42.16698261114438,42.16698,6.192391237167217e-8
nlpmodel,theta3,1106,150,"OPTIMAL",5.3008,5.3007,13,42.16698261114438,42.16698,6.192391237167217e-8
nlpmodel,theta3,1106,150,"OPTIMAL",5.6865,5.6864,13,42.16698261114438,42.16698,6.192391237167217e-8
nlpmodel,theta3,1106,150,"OPTIMAL",5.7194,5.7193,13,42.16698261114438,42.16698,6.192391237167217e-8
nlpmodel,theta3,1106,150,"OPTIMAL",5.6958,5.6957,13,42.16698261114438,42.16698,6.192391237167217e-8
nlpmodel,theta3,1106,150,"OPTIMAL",5.2833,5.2832,13,42.16698261114438,42.16698,6.192391237167217e-8
nlpmodel,theta3,1106,150,"OPTIMAL",5.7519,5.7518,13,42.16698261114438,42.16698,6.192391237167217e-8
nlpmodel,theta3,1106,150,"OPTIMAL",5.7441,5.744,13,42.16698261114438,42.16698,6.192391237167217e-8
nlpmodel,theta3,1106,150,"OPTIMAL",5.6553,5.6552,13,42.16698261114438,42.16698,6.192391237167217e-8
nlpmodel,theta3,1106,150,"OPTIMAL",5.276,5.2759,13,42.16698261114438,42.16698,6.192391237167217e-8
nlpmodel,theta3,1106,150,"OPTIMAL",5.7633,5.7632,13,42.16698261114438,42.16698,6.192391237167217e-8
nlpmodel,theta3,1106,150,"OPTIMAL",5.7515,5.7514,13,42.16698261114438,42.16698,6.192391237167217e-8
nlpmodel,theta3,1106,150,"OPTIMAL",3.6271,3.627,13,42.16698261114438,42.16698,6.192391237167217e-8
nlpmodel,control11,1596,165,"DUAL_INFEASIBLE",48.691,48.691,42,31.958692394060016,31.959,9.625017678394242e-6
nlpmodel,control11,1596,165,"DUAL_INFEASIBLE",49.887,49.887,42,31.958692394060016,31.959,9.625017678394242e-6
nlpmodel,control11,1596,165,"DUAL_INFEASIBLE",49.443,49.443,42,31.958692394060016,31.959,9.625017678394242e-6
nlpmodel,control11,1596,165,"DUAL_INFEASIBLE",49.379,49.379,42,31.958692394060016,31.959,9.625017678394242e-6
nlpmodel,control11,1596,165,"DUAL_INFEASIBLE",49.749,49.749,42,31.958692394060016,31.959,9.625017678394242e-6
nlpmodel,control11,1596,165,"DUAL_INFEASIBLE",47.163,47.162,42,31.958692394060016,31.959,9.625017678394242e-6
nlpmodel,control11,1596,165,"DUAL_INFEASIBLE",49.06,49.06,42,31.958692394060016,31.959,9.625017678394242e-6
nlpmodel,theta4,1949,200,"OPTIMAL",23.83,23.83,14,50.32122327867943,50.32122,6.515500690149176e-8
nlpmodel,theta4,1949,200,"OPTIMAL",23.462,23.461,14,50.32122327867943,50.32122,6.515500690149176e-8
nlpmodel,theta4,1949,200,"OPTIMAL",23.426,23.426,14,50.32122327867943,50.32122,6.515500690149176e-8
nlpmodel,theta4,1949,200,"OPTIMAL",23.564,23.564,14,50.32122327867943,50.32122,6.515500690149176e-8
nlpmodel,theta4,1949,200,"OPTIMAL",23.454,23.454,14,50.32122327867943,50.32122,6.515500690149176e-8
nlpmodel,theta4,1949,200,"OPTIMAL",23.455,23.455,14,50.32122327867943,50.32122,6.515500690149176e-8
nlpmodel,theta4,1949,200,"OPTIMAL",23.445,23.445,14,50.32122327867943,50.32122,6.515500690149176e-8
nlpmodel,theta4,1949,200,"OPTIMAL",23.586,23.586,14,50.32122327867943,50.32122,6.515500690149176e-8
nlpmodel,theta4,1949,200,"OPTIMAL",23.522,23.522,14,50.32122327867943,50.32122,6.515500690149176e-8
nlpmodel,theta4,1949,200,"OPTIMAL",23.475,23.475,14,50.32122327867943,50.32122,6.515500690149176e-8
nlpmodel,theta4,1949,200,"OPTIMAL",23.272,23.272,14,50.32122327867943,50.32122,6.515500690149176e-8
nlpmodel,theta4,1949,200,"OPTIMAL",23.455,23.455,14,50.32122327867943,50.32122,6.515500690149176e-8
nlpmodel,theta4,1949,200,"OPTIMAL",23.43,23.43,14,50.32122327867943,50.32122,6.515500690149176e-8
nlpmodel,theta4,1949,200,"OPTIMAL",23.471,23.471,14,50.32122327867943,50.32122,6.515500690149176e-8
nlpmodel,theta4,1949,200,"OPTIMAL",23.473,23.473,14,50.32122327867943,50.32122,6.515500690149176e-8
nlpmodel,theta4,1949,200,"OPTIMAL",23.613,23.613,14,50.32122327867943,50.32122,6.515500690149176e-8
nlpmodel,theta4,1949,200,"OPTIMAL",23.528,23.528,14,50.32122327867943,50.32122,6.515500690149176e-8
nlpmodel,gpp250-1,250,250,"OPTIMAL",1.5334,1.5333,18,-15.444914447424468,-15.445,5.5391761432394145e-6
nlpmodel,gpp250-1,250,250,"OPTIMAL",1.8751,1.875,18,-15.444914447424468,-15.445,5.5391761432394145e-6
nlpmodel,gpp250-1,250,250,"OPTIMAL",1.9059,1.9058,18,-15.444914447424468,-15.445,5.5391761432394145e-6
nlpmodel,gpp250-1,250,250,"OPTIMAL",1.4265,1.4264,18,-15.444914447424468,-15.445,5.5391761432394145e-6
nlpmodel,gpp250-1,250,250,"OPTIMAL",2.0013,2.0012,18,-15.444914447424468,-15.445,5.5391761432394145e-6
nlpmodel,gpp250-1,250,250,"OPTIMAL",1.8903,1.8903,18,-15.444914447424468,-15.445,5.5391761432394145e-6
nlpmodel,gpp250-1,250,250,"OPTIMAL",1.4643,1.4642,18,-15.444914447424468,-15.445,5.5391761432394145e-6
nlpmodel,gpp250-1,250,250,"OPTIMAL",1.838,1.8379,18,-15.444914447424468,-15.445,5.5391761432394145e-6
nlpmodel,gpp250-1,250,250,"OPTIMAL",1.8042,1.8041,18,-15.444914447424468,-15.445,5.5391761432394145e-6
nlpmodel,gpp250-1,250,250,"OPTIMAL",1.543,1.5429,18,-15.444914447424468,-15.445,5.5391761432394145e-6
nlpmodel,gpp250-1,250,250,"OPTIMAL",1.9759,1.9758,18,-15.444914447424468,-15.445,5.5391761432394145e-6
nlpmodel,gpp250-1,250,250,"OPTIMAL",1.4114,1.4113,18,-15.444914447424468,-15.445,5.5391761432394145e-6
nlpmodel,gpp250-1,250,250,"OPTIMAL",1.9748,1.9748,18,-15.444914447424468,-15.445,5.5391761432394145e-6
nlpmodel,gpp250-1,250,250,"OPTIMAL",1.9023,1.9022,18,-15.444914447424468,-15.445,5.5391761432394145e-6
nlpmodel,gpp250-1,250,250,"OPTIMAL",1.4783,1.4782,18,-15.444914447424468,-15.445,5.5391761432394145e-6
nlpmodel,gpp250-1,250,250,"OPTIMAL",1.8406,1.8405,18,-15.444914447424468,-15.445,5.5391761432394145e-6
nlpmodel,gpp250-1,250,250,"OPTIMAL",1.49,1.4899,18,-15.444914447424468,-15.445,5.5391761432394145e-6
nlpmodel,gpp250-1,250,250,"OPTIMAL",1.9111,1.911,18,-15.444914447424468,-15.445,5.5391761432394145e-6
nlpmodel,gpp250-1,250,250,"OPTIMAL",1.9209,1.9208,18,-15.444914447424468,-15.445,5.5391761432394145e-6
nlpmodel,gpp250-1,250,250,"OPTIMAL",1.4188,1.4187,18,-15.444914447424468,-15.445,5.5391761432394145e-6
nlpmodel,gpp250-1,250,250,"OPTIMAL",1.7782,1.7781,18,-15.444914447424468,-15.445,5.5391761432394145e-6
nlpmodel,gpp250-1,250,250,"OPTIMAL",1.8082,1.808,18,-15.444914447424468,-15.445,5.5391761432394145e-6
nlpmodel,gpp250-1,250,250,"OPTIMAL",1.4668,1.4668,18,-15.444914447424468,-15.445,5.5391761432394145e-6
nlpmodel,gpp250-1,250,250,"OPTIMAL",1.8636,1.8635,18,-15.444914447424468,-15.445,5.5391761432394145e-6
nlpmodel,gpp250-1,250,250,"OPTIMAL",1.4122,1.4121,18,-15.444914447424468,-15.445,5.5391761432394145e-6
nlpmodel,gpp250-1,250,250,"OPTIMAL",1.872,1.8719,18,-15.444914447424468,-15.445,5.5391761432394145e-6
nlpmodel,gpp250-1,250,250,"OPTIMAL",1.8209,1.8208,18,-15.444914447424468,-15.445,5.5391761432394145e-6
nlpmodel,gpp250-1,250,250,"OPTIMAL",1.4916,1.4915,18,-15.444914447424468,-15.445,5.5391761432394145e-6
nlpmodel,gpp250-1,250,250,"OPTIMAL",1.8798,1.8797,18,-15.444914447424468,-15.445,5.5391761432394145e-6
nlpmodel,gpp250-1,250,250,"OPTIMAL",1.4161,1.416,18,-15.444914447424468,-15.445,5.5391761432394145e-6
nlpmodel,gpp250-1,250,250,"OPTIMAL",1.866,1.866,18,-15.444914447424468,-15.445,5.5391761432394145e-6
nlpmodel,gpp250-1,250,250,"OPTIMAL",1.8229,1.8228,18,-15.444914447424468,-15.445,5.5391761432394145e-6
nlpmodel,gpp250-2,250,250,"OPTIMAL",1.3353,1.3351,12,-81.86895672448749,-81.869,5.285946146939227e-7
nlpmodel,gpp250-2,250,250,"OPTIMAL",0.92508,0.92497,12,-81.86895672448749,-81.869,5.285946146939227e-7
nlpmodel,gpp250-2,250,250,"OPTIMAL",0.9357,0.93563,12,-81.86895672448749,-81.869,5.285946146939227e-7
nlpmodel,gpp250-2,250,250,"OPTIMAL",1.3258,1.3257,12,-81.86895672448749,-81.869,5.285946146939227e-7
nlpmodel,gpp250-2,250,250,"OPTIMAL",0.92696,0.92688,12,-81.86895672448749,-81.869,5.285946146939227e-7
nlpmodel,gpp250-2,250,250,"OPTIMAL",1.0193,1.0192,12,-81.86895672448749,-81.869,5.285946146939227e-7
nlpmodel,gpp250-2,250,250,"OPTIMAL",1.2252,1.2251,12,-81.86895672448749,-81.869,5.285946146939227e-7
nlpmodel,gpp250-2,250,250,"OPTIMAL",0.93572,0.93564,12,-81.86895672448749,-81.869,5.285946146939227e-7
nlpmodel,gpp250-2,250,250,"OPTIMAL",1.3276,1.3275,12,-81.86895672448749,-81.869,5.285946146939227e-7
nlpmodel,gpp250-2,250,250,"OPTIMAL",0.92846,0.92838,12,-81.86895672448749,-81.869,5.285946146939227e-7
nlpmodel,gpp250-2,250,250,"OPTIMAL",1.3353,1.3352,12,-81.86895672448749,-81.869,5.285946146939227e-7
nlpmodel,gpp250-2,250,250,"OPTIMAL",0.92124,0.92117,12,-81.86895672448749,-81.869,5.285946146939227e-7
nlpmodel,gpp250-2,250,250,"OPTIMAL",0.93495,0.93484,12,-81.86895672448749,-81.869,5.285946146939227e-7
nlpmodel,gpp250-2,250,250,"OPTIMAL",1.3217,1.3216,12,-81.86895672448749,-81.869,5.285946146939227e-7
nlpmodel,gpp250-2,250,250,"OPTIMAL",0.92701,0.92694,12,-81.86895672448749,-81.869,5.285946146939227e-7
nlpmodel,gpp250-2,250,250,"OPTIMAL",1.3396,1.3395,12,-81.86895672448749,-81.869,5.285946146939227e-7
nlpmodel,gpp250-2,250,250,"OPTIMAL",0.9234,0.92329,12,-81.86895672448749,-81.869,5.285946146939227e-7
nlpmodel,gpp250-2,250,250,"OPTIMAL",0.94048,0.94036,12,-81.86895672448749,-81.869,5.285946146939227e-7
nlpmodel,gpp250-2,250,250,"OPTIMAL",1.321,1.321,12,-81.86895672448749,-81.869,5.285946146939227e-7
nlpmodel,gpp250-2,250,250,"OPTIMAL",0.92341,0.92333,12,-81.86895672448749,-81.869,5.285946146939227e-7
nlpmodel,gpp250-2,250,250,"OPTIMAL",1.0218,1.0217,12,-81.86895672448749,-81.869,5.285946146939227e-7
nlpmodel,gpp250-2,250,250,"OPTIMAL",1.23,1.2299,12,-81.86895672448749,-81.869,5.285946146939227e-7
nlpmodel,gpp250-2,250,250,"OPTIMAL",0.9305,0.9304,12,-81.86895672448749,-81.869,5.285946146939227e-7
nlpmodel,gpp250-2,250,250,"OPTIMAL",1.3135,1.3134,12,-81.86895672448749,-81.869,5.285946146939227e-7
nlpmodel,gpp250-2,250,250,"OPTIMAL",0.92744,0.92736,12,-81.86895672448749,-81.869,5.285946146939227e-7
nlpmodel,gpp250-2,250,250,"OPTIMAL",1.3232,1.3231,12,-81.86895672448749,-81.869,5.285946146939227e-7
nlpmodel,gpp250-2,250,250,"OPTIMAL",0.91853,0.91841,12,-81.86895672448749,-81.869,5.285946146939227e-7
nlpmodel,gpp250-2,250,250,"OPTIMAL",0.94148,0.94136,12,-81.86895672448749,-81.869,5.285946146939227e-7
nlpmodel,gpp250-2,250,250,"OPTIMAL",1.3075,1.3074,12,-81.86895672448749,-81.869,5.285946146939227e-7
nlpmodel,gpp250-2,250,250,"OPTIMAL",0.92024,0.92013,12,-81.86895672448749,-81.869,5.285946146939227e-7
nlpmodel,gpp250-2,250,250,"OPTIMAL",1.3239,1.3238,12,-81.86895672448749,-81.869,5.285946146939227e-7
nlpmodel,gpp250-2,250,250,"OPTIMAL",0.91736,0.91729,12,-81.86895672448749,-81.869,5.285946146939227e-7
nlpmodel,gpp250-3,250,250,"OPTIMAL",1.1906,1.1906,14,-303.5393225677583,-303.5,0.00012956364994494386
nlpmodel,gpp250-3,250,250,"OPTIMAL",1.4911,1.491,14,-303.5393225677583,-303.5,0.00012956364994494386
nlpmodel,gpp250-3,250,250,"OPTIMAL",1.1553,1.1552,14,-303.5393225677583,-303.5,0.00012956364994494386
nlpmodel,gpp250-3,250,250,"OPTIMAL",1.4855,1.4855,14,-303.5393225677583,-303.5,0.00012956364994494386
nlpmodel,gpp250-3,250,250,"OPTIMAL",1.2311,1.231,14,-303.5393225677583,-303.5,0.00012956364994494386
nlpmodel,gpp250-3,250,250,"OPTIMAL",1.4792,1.4791,14,-303.5393225677583,-303.5,0.00012956364994494386
nlpmodel,gpp250-3,250,250,"OPTIMAL",1.2073,1.2072,14,-303.5393225677583,-303.5,0.00012956364994494386
nlpmodel,gpp250-3,250,250,"OPTIMAL",1.1104,1.1103,14,-303.5393225677583,-303.5,0.00012956364994494386
nlpmodel,gpp250-3,250,250,"OPTIMAL",1.5933,1.5932,14,-303.5393225677583,-303.5,0.00012956364994494386
nlpmodel,gpp250-3,250,250,"OPTIMAL",1.098,1.0979,14,-303.5393225677583,-303.5,0.00012956364994494386
nlpmodel,gpp250-3,250,250,"OPTIMAL",1.5473,1.5472,14,-303.5393225677583,-303.5,0.00012956364994494386
nlpmodel,gpp250-3,250,250,"OPTIMAL",1.0976,1.0975,14,-303.5393225677583,-303.5,0.00012956364994494386
nlpmodel,gpp250-3,250,250,"OPTIMAL",1.5503,1.5503,14,-303.5393225677583,-303.5,0.00012956364994494386
nlpmodel,gpp250-3,250,250,"OPTIMAL",1.1006,1.1005,14,-303.5393225677583,-303.5,0.00012956364994494386
nlpmodel,gpp250-3,250,250,"OPTIMAL",1.5769,1.5768,14,-303.5393225677583,-303.5,0.00012956364994494386
nlpmodel,gpp250-3,250,250,"OPTIMAL",1.0998,1.0997,14,-303.5393225677583,-303.5,0.00012956364994494386
nlpmodel,gpp250-3,250,250,"OPTIMAL",1.5609,1.5608,14,-303.5393225677583,-303.5,0.00012956364994494386
nlpmodel,gpp250-3,250,250,"OPTIMAL",1.0863,1.0862,14,-303.5393225677583,-303.5,0.00012956364994494386
nlpmodel,gpp250-3,250,250,"OPTIMAL",1.4727,1.4726,14,-303.5393225677583,-303.5,0.00012956364994494386
nlpmodel,gpp250-3,250,250,"OPTIMAL",1.0836,1.0836,14,-303.5393225677583,-303.5,0.00012956364994494386
nlpmodel,gpp250-3,250,250,"OPTIMAL",1.5948,1.5948,14,-303.5393225677583,-303.5,0.00012956364994494386
nlpmodel,gpp250-3,250,250,"OPTIMAL",1.1157,1.1156,14,-303.5393225677583,-303.5,0.00012956364994494386
nlpmodel,gpp250-3,250,250,"OPTIMAL",1.4775,1.4774,14,-303.5393225677583,-303.5,0.00012956364994494386
nlpmodel,gpp250-3,250,250,"OPTIMAL",1.1209,1.1208,14,-303.5393225677583,-303.5,0.00012956364994494386
nlpmodel,gpp250-3,250,250,"OPTIMAL",1.5039,1.5038,14,-303.5393225677583,-303.5,0.00012956364994494386
nlpmodel,gpp250-3,250,250,"OPTIMAL",1.1206,1.1204,14,-303.5393225677583,-303.5,0.00012956364994494386
nlpmodel,gpp250-3,250,250,"OPTIMAL",1.1762,1.1761,14,-303.5393225677583,-303.5,0.00012956364994494386
nlpmodel,gpp250-3,250,250,"OPTIMAL",1.4287,1.4286,14,-303.5393225677583,-303.5,0.00012956364994494386
nlpmodel,gpp250-3,250,250,"OPTIMAL",1.1051,1.105,14,-303.5393225677583,-303.5,0.00012956364994494386
nlpmodel,gpp250-3,250,250,"OPTIMAL",1.5183,1.5182,14,-303.5393225677583,-303.5,0.00012956364994494386
nlpmodel,gpp250-3,250,250,"OPTIMAL",1.0969,1.0968,14,-303.5393225677583,-303.5,0.00012956364994494386
nlpmodel,gpp250-3,250,250,"OPTIMAL",1.5498,1.5497,14,-303.5393225677583,-303.5,0.00012956364994494386
nlpmodel,gpp250-4,250,250,"OPTIMAL",1.4566,1.4565,13,-747.3283032030014,-747.3,3.7873950222706145e-5
nlpmodel,gpp250-4,250,250,"OPTIMAL",1.0058,1.0057,13,-747.3283032030014,-747.3,3.7873950222706145e-5
nlpmodel,gpp250-4,250,250,"OPTIMAL",1.4688,1.4687,13,-747.3283032030014,-747.3,3.7873950222706145e-5
nlpmodel,gpp250-4,250,250,"OPTIMAL",1.0197,1.0196,13,-747.3283032030014,-747.3,3.7873950222706145e-5
nlpmodel,gpp250-4,250,250,"OPTIMAL",1.4025,1.4024,13,-747.3283032030014,-747.3,3.7873950222706145e-5
nlpmodel,gpp250-4,250,250,"OPTIMAL",1.1117,1.1116,13,-747.3283032030014,-747.3,3.7873950222706145e-5
nlpmodel,gpp250-4,250,250,"OPTIMAL",1.0221,1.022,13,-747.3283032030014,-747.3,3.7873950222706145e-5
nlpmodel,gpp250-4,250,250,"OPTIMAL",1.4464,1.4463,13,-747.3283032030014,-747.3,3.7873950222706145e-5
nlpmodel,gpp250-4,250,250,"OPTIMAL",1.0168,1.0167,13,-747.3283032030014,-747.3,3.7873950222706145e-5
nlpmodel,gpp250-4,250,250,"OPTIMAL",1.4965,1.4964,13,-747.3283032030014,-747.3,3.7873950222706145e-5
nlpmodel,gpp250-4,250,250,"OPTIMAL",0.995,0.99491,13,-747.3283032030014,-747.3,3.7873950222706145e-5
nlpmodel,gpp250-4,250,250,"OPTIMAL",1.4491,1.449,13,-747.3283032030014,-747.3,3.7873950222706145e-5
nlpmodel,gpp250-4,250,250,"OPTIMAL",1.0734,1.0734,13,-747.3283032030014,-747.3,3.7873950222706145e-5
nlpmodel,gpp250-4,250,250,"OPTIMAL",1.0981,1.0981,13,-747.3283032030014,-747.3,3.7873950222706145e-5
nlpmodel,gpp250-4,250,250,"OPTIMAL",1.3677,1.3676,13,-747.3283032030014,-747.3,3.7873950222706145e-5
nlpmodel,gpp250-4,250,250,"OPTIMAL",1.0119,1.0118,13,-747.3283032030014,-747.3,3.7873950222706145e-5
nlpmodel,gpp250-4,250,250,"OPTIMAL",1.459,1.4589,13,-747.3283032030014,-747.3,3.7873950222706145e-5
nlpmodel,gpp250-4,250,250,"OPTIMAL",0.9926,0.99252,13,-747.3283032030014,-747.3,3.7873950222706145e-5
nlpmodel,gpp250-4,250,250,"OPTIMAL",1.3964,1.3963,13,-747.3283032030014,-747.3,3.7873950222706145e-5
nlpmodel,gpp250-4,250,250,"OPTIMAL",1.0027,1.0026,13,-747.3283032030014,-747.3,3.7873950222706145e-5
nlpmodel,gpp250-4,250,250,"OPTIMAL",1.0363,1.0362,13,-747.3283032030014,-747.3,3.7873950222706145e-5
nlpmodel,gpp250-4,250,250,"OPTIMAL",1.4347,1.4346,13,-747.3283032030014,-747.3,3.7873950222706145e-5
nlpmodel,gpp250-4,250,250,"OPTIMAL",0.75097,0.75089,13,-747.3283032030014,-747.3,3.7873950222706145e-5
nlpmodel,gpp250-4,250,250,"OPTIMAL",1.4487,1.4486,13,-747.3283032030014,-747.3,3.7873950222706145e-5
nlpmodel,gpp250-4,250,250,"OPTIMAL",0.99055,0.99047,13,-747.3283032030014,-747.3,3.7873950222706145e-5
nlpmodel,gpp250-4,250,250,"OPTIMAL",1.405,1.4049,13,-747.3283032030014,-747.3,3.7873950222706145e-5
nlpmodel,gpp250-4,250,250,"OPTIMAL",1.0745,1.0744,13,-747.3283032030014,-747.3,3.7873950222706145e-5
nlpmodel,gpp250-4,250,250,"OPTIMAL",1.4072,1.4072,13,-747.3283032030014,-747.3,3.7873950222706145e-5
nlpmodel,gpp250-4,250,250,"OPTIMAL",1.0828,1.0827,13,-747.3283032030014,-747.3,3.7873950222706145e-5
nlpmodel,gpp250-4,250,250,"OPTIMAL",1.0128,1.0127,13,-747.3283032030014,-747.3,3.7873950222706145e-5
nlpmodel,gpp250-4,250,250,"OPTIMAL",1.4549,1.4549,13,-747.3283032030014,-747.3,3.7873950222706145e-5
nlpmodel,gpp250-4,250,250,"OPTIMAL",1.0151,1.015,13,-747.3283032030014,-747.3,3.7873950222706145e-5
nlpmodel,mcp250-1,250,250,"OPTIMAL",0.83139,0.83132,12,317.264364563935,317.2643,2.0350204855733096e-7
nlpmodel,mcp250-1,250,250,"OPTIMAL",1.2291,1.229,12,317.264364563935,317.2643,2.0350204855733096e-7
nlpmodel,mcp250-1,250,250,"OPTIMAL",0.82871,0.8286,12,317.264364563935,317.2643,2.0350204855733096e-7
nlpmodel,mcp250-1,250,250,"OPTIMAL",0.84471,0.84464,12,317.264364563935,317.2643,2.0350204855733096e-7
nlpmodel,mcp250-1,250,250,"OPTIMAL",1.351,1.3509,12,317.264364563935,317.2643,2.0350204855733096e-7
nlpmodel,mcp250-1,250,250,"OPTIMAL",0.84528,0.8452,12,317.264364563935,317.2643,2.0350204855733096e-7
nlpmodel,mcp250-1,250,250,"OPTIMAL",0.8598,0.85969,12,317.264364563935,317.2643,2.0350204855733096e-7
nlpmodel,mcp250-1,250,250,"OPTIMAL",1.1834,1.1834,12,317.264364563935,317.2643,2.0350204855733096e-7
nlpmodel,mcp250-1,250,250,"OPTIMAL",0.83409,0.83401,12,317.264364563935,317.2643,2.0350204855733096e-7
nlpmodel,mcp250-1,250,250,"OPTIMAL",1.2174,1.2173,12,317.264364563935,317.2643,2.0350204855733096e-7
nlpmodel,mcp250-1,250,250,"OPTIMAL",0.81973,0.81966,12,317.264364563935,317.2643,2.0350204855733096e-7
nlpmodel,mcp250-1,250,250,"OPTIMAL",0.84443,0.84436,12,317.264364563935,317.2643,2.0350204855733096e-7
nlpmodel,mcp250-1,250,250,"OPTIMAL",1.3262,1.3262,12,317.264364563935,317.2643,2.0350204855733096e-7
nlpmodel,mcp250-1,250,250,"OPTIMAL",0.8277,0.82762,12,317.264364563935,317.2643,2.0350204855733096e-7
nlpmodel,mcp250-1,250,250,"OPTIMAL",1.2263,1.2262,12,317.264364563935,317.2643,2.0350204855733096e-7
nlpmodel,mcp250-1,250,250,"OPTIMAL",0.8285,0.82842,12,317.264364563935,317.2643,2.0350204855733096e-7
nlpmodel,mcp250-1,250,250,"OPTIMAL",0.83447,0.83436,12,317.264364563935,317.2643,2.0350204855733096e-7
nlpmodel,mcp250-1,250,250,"OPTIMAL",1.2789,1.2788,12,317.264364563935,317.2643,2.0350204855733096e-7
nlpmodel,mcp250-1,250,250,"OPTIMAL",0.8217,0.82159,12,317.264364563935,317.2643,2.0350204855733096e-7
nlpmodel,mcp250-1,250,250,"OPTIMAL",0.85981,0.85973,12,317.264364563935,317.2643,2.0350204855733096e-7
nlpmodel,mcp250-1,250,250,"OPTIMAL",1.1855,1.1854,12,317.264364563935,317.2643,2.0350204855733096e-7
nlpmodel,mcp250-1,250,250,"OPTIMAL",0.82989,0.82977,12,317.264364563935,317.2643,2.0350204855733096e-7
nlpmodel,mcp250-1,250,250,"OPTIMAL",1.2205,1.2204,12,317.264364563935,317.2643,2.0350204855733096e-7
nlpmodel,mcp250-1,250,250,"OPTIMAL",0.82105,0.82098,12,317.264364563935,317.2643,2.0350204855733096e-7
nlpmodel,mcp250-1,250,250,"OPTIMAL",0.84154,0.84146,12,317.264364563935,317.2643,2.0350204855733096e-7
nlpmodel,mcp250-1,250,250,"OPTIMAL",1.3701,1.37,12,317.264364563935,317.2643,2.0350204855733096e-7
nlpmodel,mcp250-1,250,250,"OPTIMAL",0.82856,0.82849,12,317.264364563935,317.2643,2.0350204855733096e-7
nlpmodel,mcp250-1,250,250,"OPTIMAL",1.2338,1.2337,12,317.264364563935,317.2643,2.0350204855733096e-7
nlpmodel,mcp250-1,250,250,"OPTIMAL",0.97256,0.97245,12,317.264364563935,317.2643,2.0350204855733096e-7
nlpmodel,mcp250-1,250,250,"OPTIMAL",0.85497,0.85488,12,317.264364563935,317.2643,2.0350204855733096e-7
nlpmodel,mcp250-1,250,250,"OPTIMAL",1.3207,1.3207,12,317.264364563935,317.2643,2.0350204855733096e-7
nlpmodel,mcp250-1,250,250,"OPTIMAL",0.83203,0.83195,12,317.264364563935,317.2643,2.0350204855733096e-7
nlpmodel,mcp250-2,250,250,"OPTIMAL",1.2322,1.2321,11,531.930097167213,531.9301,5.325487322641044e-9
nlpmodel,mcp250-2,250,250,"OPTIMAL",0.77387,0.77378,11,531.930097167213,531.9301,5.325487322641044e-9
nlpmodel,mcp250-2,250,250,"OPTIMAL",1.1656,1.1655,11,531.930097167213,531.9301,5.325487322641044e-9
nlpmodel,mcp250-2,250,250,"OPTIMAL",0.88702,0.88694,11,531.930097167213,531.9301,5.325487322641044e-9
nlpmodel,mcp250-2,250,250,"OPTIMAL",0.76936,0.76925,11,531.930097167213,531.9301,5.325487322641044e-9
nlpmodel,mcp250-2,250,250,"OPTIMAL",1.1505,1.1505,11,531.930097167213,531.9301,5.325487322641044e-9
nlpmodel,mcp250-2,250,250,"OPTIMAL",0.8331,0.83302,11,531.930097167213,531.9301,5.325487322641044e-9
nlpmodel,mcp250-2,250,250,"OPTIMAL",0.77047,0.77038,11,531.930097167213,531.9301,5.325487322641044e-9
nlpmodel,mcp250-2,250,250,"OPTIMAL",1.2014,1.2013,11,531.930097167213,531.9301,5.325487322641044e-9
nlpmodel,mcp250-2,250,250,"OPTIMAL",0.76545,0.76532,11,531.930097167213,531.9301,5.325487322641044e-9
nlpmodel,mcp250-2,250,250,"OPTIMAL",0.78491,0.78479,11,531.930097167213,531.9301,5.325487322641044e-9
nlpmodel,mcp250-2,250,250,"OPTIMAL",1.1307,1.1306,11,531.930097167213,531.9301,5.325487322641044e-9
nlpmodel,mcp250-2,250,250,"OPTIMAL",0.75974,0.75962,11,531.930097167213,531.9301,5.325487322641044e-9
nlpmodel,mcp250-2,250,250,"OPTIMAL",0.78987,0.7898,11,531.930097167213,531.9301,5.325487322641044e-9
nlpmodel,mcp250-2,250,250,"OPTIMAL",1.1289,1.1288,11,531.930097167213,531.9301,5.325487322641044e-9
nlpmodel,mcp250-2,250,250,"OPTIMAL",0.76043,0.76031,11,531.930097167213,531.9301,5.325487322641044e-9
nlpmodel,mcp250-2,250,250,"OPTIMAL",0.79551,0.7954,11,531.930097167213,531.9301,5.325487322641044e-9
nlpmodel,mcp250-2,250,250,"OPTIMAL",1.1349,1.1348,11,531.930097167213,531.9301,5.325487322641044e-9
nlpmodel,mcp250-2,250,250,"OPTIMAL",0.75777,0.75769,11,531.930097167213,531.9301,5.325487322641044e-9
nlpmodel,mcp250-2,250,250,"OPTIMAL",0.79389,0.79378,11,531.930097167213,531.9301,5.325487322641044e-9
nlpmodel,mcp250-2,250,250,"OPTIMAL",1.1252,1.125,11,531.930097167213,531.9301,5.325487322641044e-9
nlpmodel,mcp250-2,250,250,"OPTIMAL",0.76691,0.76683,11,531.930097167213,531.9301,5.325487322641044e-9
nlpmodel,mcp250-2,250,250,"OPTIMAL",0.80124,0.80112,11,531.930097167213,531.9301,5.325487322641044e-9
nlpmodel,mcp250-2,250,250,"OPTIMAL",1.2429,1.2428,11,531.930097167213,531.9301,5.325487322641044e-9
nlpmodel,mcp250-2,250,250,"OPTIMAL",0.77778,0.77766,11,531.930097167213,531.9301,5.325487322641044e-9
nlpmodel,mcp250-2,250,250,"OPTIMAL",1.1654,1.1653,11,531.930097167213,531.9301,5.325487322641044e-9
nlpmodel,mcp250-2,250,250,"OPTIMAL",0.87482,0.87471,11,531.930097167213,531.9301,5.325487322641044e-9
nlpmodel,mcp250-2,250,250,"OPTIMAL",0.77025,0.77016,11,531.930097167213,531.9301,5.325487322641044e-9
nlpmodel,mcp250-2,250,250,"OPTIMAL",1.2044,1.2043,11,531.930097167213,531.9301,5.325487322641044e-9
nlpmodel,mcp250-2,250,250,"OPTIMAL",0.89816,0.89808,11,531.930097167213,531.9301,5.325487322641044e-9
nlpmodel,mcp250-2,250,250,"OPTIMAL",0.77236,0.77229,11,531.930097167213,531.9301,5.325487322641044e-9
nlpmodel,mcp250-2,250,250,"OPTIMAL",1.2181,1.218,11,531.930097167213,531.9301,5.325487322641044e-9
nlpmodel,mcp250-3,250,250,"OPTIMAL",0.66746,0.6674,11,981.1725844630187,981.1726,1.5835115374032034e-8
nlpmodel,mcp250-3,250,250,"OPTIMAL",1.2092,1.2091,11,981.1725844630187,981.1726,1.5835115374032034e-8
nlpmodel,mcp250-3,250,250,"OPTIMAL",0.75891,0.75883,11,981.1725844630187,981.1726,1.5835115374032034e-8
nlpmodel,mcp250-3,250,250,"OPTIMAL",0.79074,0.79066,11,981.1725844630187,981.1726,1.5835115374032034e-8
nlpmodel,mcp250-3,250,250,"OPTIMAL",1.1356,1.1355,11,981.1725844630187,981.1726,1.5835115374032034e-8
nlpmodel,mcp250-3,250,250,"OPTIMAL",0.75716,0.75709,11,981.1725844630187,981.1726,1.5835115374032034e-8
nlpmodel,mcp250-3,250,250,"OPTIMAL",0.79197,0.79189,11,981.1725844630187,981.1726,1.5835115374032034e-8
nlpmodel,mcp250-3,250,250,"OPTIMAL",1.1324,1.1323,11,981.1725844630187,981.1726,1.5835115374032034e-8
nlpmodel,mcp250-3,250,250,"OPTIMAL",0.76555,0.76543,11,981.1725844630187,981.1726,1.5835115374032034e-8
nlpmodel,mcp250-3,250,250,"OPTIMAL",1.1732,1.1731,11,981.1725844630187,981.1726,1.5835115374032034e-8
nlpmodel,mcp250-3,250,250,"OPTIMAL",0.81272,0.8126,11,981.1725844630187,981.1726,1.5835115374032034e-8
nlpmodel,mcp250-3,250,250,"OPTIMAL",0.76462,0.76455,11,981.1725844630187,981.1726,1.5835115374032034e-8
nlpmodel,mcp250-3,250,250,"OPTIMAL",1.149,1.1489,11,981.1725844630187,981.1726,1.5835115374032034e-8
nlpmodel,mcp250-3,250,250,"OPTIMAL",0.81606,0.81598,11,981.1725844630187,981.1726,1.5835115374032034e-8
nlpmodel,mcp250-3,250,250,"OPTIMAL",0.7759,0.77581,11,981.1725844630187,981.1726,1.5835115374032034e-8
nlpmodel,mcp250-3,250,250,"OPTIMAL",1.1558,1.1557,11,981.1725844630187,981.1726,1.5835115374032034e-8
nlpmodel,mcp250-3,250,250,"OPTIMAL",0.8079,0.80782,11,981.1725844630187,981.1726,1.5835115374032034e-8
nlpmodel,mcp250-3,250,250,"OPTIMAL",0.78052,0.78044,11,981.1725844630187,981.1726,1.5835115374032034e-8
nlpmodel,mcp250-3,250,250,"OPTIMAL",1.1746,1.1745,11,981.1725844630187,981.1726,1.5835115374032034e-8
nlpmodel,mcp250-3,250,250,"OPTIMAL",0.77477,0.77469,11,981.1725844630187,981.1726,1.5835115374032034e-8
nlpmodel,mcp250-3,250,250,"OPTIMAL",0.78539,0.78532,11,981.1725844630187,981.1726,1.5835115374032034e-8
nlpmodel,mcp250-3,250,250,"OPTIMAL",1.1194,1.1193,11,981.1725844630187,981.1726,1.5835115374032034e-8
nlpmodel,mcp250-3,250,250,"OPTIMAL",0.76044,0.76037,11,981.1725844630187,981.1726,1.5835115374032034e-8
nlpmodel,mcp250-3,250,250,"OPTIMAL",1.1627,1.1626,11,981.1725844630187,981.1726,1.5835115374032034e-8
nlpmodel,mcp250-3,250,250,"OPTIMAL",0.75333,0.75321,11,981.1725844630187,981.1726,1.5835115374032034e-8
nlpmodel,mcp250-3,250,250,"OPTIMAL",0.76968,0.76958,11,981.1725844630187,981.1726,1.5835115374032034e-8
nlpmodel,mcp250-3,250,250,"OPTIMAL",1.1405,1.1405,11,981.1725844630187,981.1726,1.5835115374032034e-8
nlpmodel,mcp250-3,250,250,"OPTIMAL",0.8183,0.81818,11,981.1725844630187,981.1726,1.5835115374032034e-8
nlpmodel,mcp250-3,250,250,"OPTIMAL",0.77267,0.77259,11,981.1725844630187,981.1726,1.5835115374032034e-8
nlpmodel,mcp250-3,250,250,"OPTIMAL",1.1737,1.1736,11,981.1725844630187,981.1726,1.5835115374032034e-8
nlpmodel,mcp250-3,250,250,"OPTIMAL",0.79013,0.79005,11,981.1725844630187,981.1726,1.5835115374032034e-8
nlpmodel,mcp250-3,250,250,"OPTIMAL",0.78075,0.78067,11,981.1725844630187,981.1726,1.5835115374032034e-8
nlpmodel,mcp250-4,250,250,"OPTIMAL",0.75382,0.75372,11,1681.9601387969378,1681.96,8.252095043293267e-8
nlpmodel,mcp250-4,250,250,"OPTIMAL",1.1567,1.1565,11,1681.9601387969378,1681.96,8.252095043293267e-8
nlpmodel,mcp250-4,250,250,"OPTIMAL",0.74813,0.74801,11,1681.9601387969378,1681.96,8.252095043293267e-8
nlpmodel,mcp250-4,250,250,"OPTIMAL",0.75812,0.758,11,1681.9601387969378,1681.96,8.252095043293267e-8
nlpmodel,mcp250-4,250,250,"OPTIMAL",1.1351,1.135,11,1681.9601387969378,1681.96,8.252095043293267e-8
nlpmodel,mcp250-4,250,250,"OPTIMAL",0.75131,0.75122,11,1681.9601387969378,1681.96,8.252095043293267e-8
nlpmodel,mcp250-4,250,250,"OPTIMAL",0.77204,0.77193,11,1681.9601387969378,1681.96,8.252095043293267e-8
nlpmodel,mcp250-4,250,250,"OPTIMAL",1.1799,1.1798,11,1681.9601387969378,1681.96,8.252095043293267e-8
nlpmodel,mcp250-4,250,250,"OPTIMAL",0.75774,0.75765,11,1681.9601387969378,1681.96,8.252095043293267e-8
nlpmodel,mcp250-4,250,250,"OPTIMAL",0.78143,0.78135,11,1681.9601387969378,1681.96,8.252095043293267e-8
nlpmodel,mcp250-4,250,250,"OPTIMAL",1.1348,1.1348,11,1681.9601387969378,1681.96,8.252095043293267e-8
nlpmodel,mcp250-4,250,250,"OPTIMAL",0.76692,0.76684,11,1681.9601387969378,1681.96,8.252095043293267e-8
nlpmodel,mcp250-4,250,250,"OPTIMAL",0.78271,0.78263,11,1681.9601387969378,1681.96,8.252095043293267e-8
nlpmodel,mcp250-4,250,250,"OPTIMAL",1.1206,1.1205,11,1681.9601387969378,1681.96,8.252095043293267e-8
nlpmodel,mcp250-4,250,250,"OPTIMAL",0.75133,0.75125,11,1681.9601387969378,1681.96,8.252095043293267e-8
nlpmodel,mcp250-4,250,250,"OPTIMAL",0.78606,0.78598,11,1681.9601387969378,1681.96,8.252095043293267e-8
nlpmodel,mcp250-4,250,250,"OPTIMAL",1.1614,1.1613,11,1681.9601387969378,1681.96,8.252095043293267e-8
nlpmodel,mcp250-4,250,250,"OPTIMAL",0.75663,0.75655,11,1681.9601387969378,1681.96,8.252095043293267e-8
nlpmodel,mcp250-4,250,250,"OPTIMAL",0.85226,0.85214,11,1681.9601387969378,1681.96,8.252095043293267e-8
nlpmodel,mcp250-4,250,250,"OPTIMAL",1.0528,1.0527,11,1681.9601387969378,1681.96,8.252095043293267e-8
nlpmodel,mcp250-4,250,250,"OPTIMAL",0.75536,0.75528,11,1681.9601387969378,1681.96,8.252095043293267e-8
nlpmodel,mcp250-4,250,250,"OPTIMAL",1.1532,1.1532,11,1681.9601387969378,1681.96,8.252095043293267e-8
nlpmodel,mcp250-4,250,250,"OPTIMAL",0.74882,0.74874,11,1681.9601387969378,1681.96,8.252095043293267e-8
nlpmodel,mcp250-4,250,250,"OPTIMAL",0.76024,0.76016,11,1681.9601387969378,1681.96,8.252095043293267e-8
nlpmodel,mcp250-4,250,250,"OPTIMAL",1.1474,1.1472,11,1681.9601387969378,1681.96,8.252095043293267e-8
nlpmodel,mcp250-4,250,250,"OPTIMAL",0.74946,0.74938,11,1681.9601387969378,1681.96,8.252095043293267e-8
nlpmodel,mcp250-4,250,250,"OPTIMAL",0.77109,0.771,11,1681.9601387969378,1681.96,8.252095043293267e-8
nlpmodel,mcp250-4,250,250,"OPTIMAL",1.1467,1.1466,11,1681.9601387969378,1681.96,8.252095043293267e-8
nlpmodel,mcp250-4,250,250,"OPTIMAL",0.75449,0.75436,11,1681.9601387969378,1681.96,8.252095043293267e-8
nlpmodel,mcp250-4,250,250,"OPTIMAL",0.77238,0.77226,11,1681.9601387969378,1681.96,8.252095043293267e-8
nlpmodel,mcp250-4,250,250,"OPTIMAL",1.1366,1.1365,11,1681.9601387969378,1681.96,8.252095043293267e-8
nlpmodel,mcp250-4,250,250,"OPTIMAL",0.75442,0.75432,11,1681.9601387969378,1681.96,8.252095043293267e-8
nlpmodel,truss7,86,301,"OPTIMAL",0.057886,0.057837,25,-900.0013420196042,-900.001,3.8002136020329357e-7
nlpmodel,truss7,86,301,"OPTIMAL",0.076507,0.076459,25,-900.0013420196042,-900.001,3.8002136020329357e-7
nlpmodel,truss7,86,301,"OPTIMAL",0.053562,0.053513,25,-900.0013420196042,-900.001,3.8002136020329357e-7
nlpmodel,truss7,86,301,"OPTIMAL",0.075433,0.075385,25,-900.0013420196042,-900.001,3.8002136020329357e-7
nlpmodel,truss7,86,301,"OPTIMAL",0.053079,0.053026,25,-900.0013420196042,-900.001,3.8002136020329357e-7
nlpmodel,truss7,86,301,"OPTIMAL",0.072449,0.072402,25,-900.0013420196042,-900.001,3.8002136020329357e-7
nlpmodel,truss7,86,301,"OPTIMAL",0.067503,0.067453,25,-900.0013420196042,-900.001,3.8002136020329357e-7
nlpmodel,truss7,86,301,"OPTIMAL",0.10501,0.10496,25,-900.0013420196042,-900.001,3.8002136020329357e-7
nlpmodel,truss7,86,301,"OPTIMAL",0.13004,0.12999,25,-900.0013420196042,-900.001,3.8002136020329357e-7
nlpmodel,truss7,86,301,"OPTIMAL",0.1297,0.12963,25,-900.0013420196042,-900.001,3.8002136020329357e-7
nlpmodel,truss7,86,301,"OPTIMAL",0.11063,0.11057,25,-900.0013420196042,-900.001,3.8002136020329357e-7
nlpmodel,truss7,86,301,"OPTIMAL",0.129,0.12894,25,-900.0013420196042,-900.001,3.8002136020329357e-7
nlpmodel,truss7,86,301,"OPTIMAL",0.12692,0.12683,25,-900.0013420196042,-900.001,3.8002136020329357e-7
nlpmodel,truss7,86,301,"OPTIMAL",0.12784,0.12777,25,-900.0013420196042,-900.001,3.8002136020329357e-7
nlpmodel,truss7,86,301,"OPTIMAL",0.12738,0.12732,25,-900.0013420196042,-900.001,3.8002136020329357e-7
nlpmodel,truss7,86,301,"OPTIMAL",0.11096,0.1109,25,-900.0013420196042,-900.001,3.8002136020329357e-7
nlpmodel,truss7,86,301,"OPTIMAL",0.12791,0.12784,25,-900.0013420196042,-900.001,3.8002136020329357e-7
nlpmodel,truss7,86,301,"OPTIMAL",0.12707,0.12701,25,-900.0013420196042,-900.001,3.8002136020329357e-7
nlpmodel,truss7,86,301,"OPTIMAL",0.12808,0.12801,25,-900.0013420196042,-900.001,3.8002136020329357e-7
nlpmodel,truss7,86,301,"OPTIMAL",0.12729,0.12718,25,-900.0013420196042,-900.001,3.8002136020329357e-7
nlpmodel,truss7,86,301,"OPTIMAL",0.12766,0.12756,25,-900.0013420196042,-900.001,3.8002136020329357e-7
nlpmodel,truss7,86,301,"OPTIMAL",0.12746,0.1274,25,-900.0013420196042,-900.001,3.8002136020329357e-7
nlpmodel,truss7,86,301,"OPTIMAL",0.11023,0.11017,25,-900.0013420196042,-900.001,3.8002136020329357e-7
nlpmodel,truss7,86,301,"OPTIMAL",0.12772,0.12766,25,-900.0013420196042,-900.001,3.8002136020329357e-7
nlpmodel,truss7,86,301,"OPTIMAL",0.12706,0.12699,25,-900.0013420196042,-900.001,3.8002136020329357e-7
nlpmodel,truss7,86,301,"OPTIMAL",0.12723,0.12717,25,-900.0013420196042,-900.001,3.8002136020329357e-7
nlpmodel,truss7,86,301,"OPTIMAL",0.12598,0.12592,25,-900.0013420196042,-900.001,3.8002136020329357e-7
nlpmodel,truss7,86,301,"OPTIMAL",0.12709,0.12699,25,-900.0013420196042,-900.001,3.8002136020329357e-7
nlpmodel,truss7,86,301,"OPTIMAL",0.12691,0.12684,25,-900.0013420196042,-900.001,3.8002136020329357e-7
nlpmodel,truss7,86,301,"OPTIMAL",0.12706,0.127,25,-900.0013420196042,-900.001,3.8002136020329357e-7
nlpmodel,truss7,86,301,"OPTIMAL",0.12692,0.12684,25,-900.0013420196042,-900.001,3.8002136020329357e-7
nlpmodel,truss7,86,301,"OPTIMAL",0.11106,0.11099,25,-900.0013420196042,-900.001,3.8002136020329357e-7
nlpmodel,truss5,208,331,"OPTIMAL",0.13202,0.13198,16,-132.63566816163353,-132.6357,2.4004371735442744e-7
nlpmodel,truss5,208,331,"OPTIMAL",0.13146,0.13142,16,-132.63566816163353,-132.6357,2.4004371735442744e-7
nlpmodel,truss5,208,331,"OPTIMAL",0.26555,0.26549,16,-132.63566816163353,-132.6357,2.4004371735442744e-7
nlpmodel,truss5,208,331,"OPTIMAL",0.28809,0.288,16,-132.63566816163353,-132.6357,2.4004371735442744e-7
nlpmodel,truss5,208,331,"OPTIMAL",0.29066,0.29059,16,-132.63566816163353,-132.6357,2.4004371735442744e-7
nlpmodel,truss5,208,331,"OPTIMAL",0.28736,0.28729,16,-132.63566816163353,-132.6357,2.4004371735442744e-7
nlpmodel,truss5,208,331,"OPTIMAL",0.28666,0.28659,16,-132.63566816163353,-132.6357,2.4004371735442744e-7
nlpmodel,truss5,208,331,"OPTIMAL",0.28726,0.28719,16,-132.63566816163353,-132.6357,2.4004371735442744e-7
nlpmodel,truss5,208,331,"OPTIMAL",0.28086,0.28076,16,-132.63566816163353,-132.6357,2.4004371735442744e-7
nlpmodel,truss5,208,331,"OPTIMAL",0.28696,0.28689,16,-132.63566816163353,-132.6357,2.4004371735442744e-7
nlpmodel,truss5,208,331,"OPTIMAL",0.28812,0.28801,16,-132.63566816163353,-132.6357,2.4004371735442744e-7
nlpmodel,truss5,208,331,"OPTIMAL",0.28861,0.28852,16,-132.63566816163353,-132.6357,2.4004371735442744e-7
nlpmodel,truss5,208,331,"OPTIMAL",0.28215,0.28208,16,-132.63566816163353,-132.6357,2.4004371735442744e-7
nlpmodel,truss5,208,331,"OPTIMAL",0.28803,0.28796,16,-132.63566816163353,-132.6357,2.4004371735442744e-7
nlpmodel,truss5,208,331,"OPTIMAL",0.28903,0.28897,16,-132.63566816163353,-132.6357,2.4004371735442744e-7
nlpmodel,truss5,208,331,"OPTIMAL",0.28207,0.282,16,-132.63566816163353,-132.6357,2.4004371735442744e-7
nlpmodel,truss5,208,331,"OPTIMAL",0.28913,0.28906,16,-132.63566816163353,-132.6357,2.4004371735442744e-7
nlpmodel,truss5,208,331,"OPTIMAL",0.28899,0.28892,16,-132.63566816163353,-132.6357,2.4004371735442744e-7
nlpmodel,truss5,208,331,"OPTIMAL",0.28218,0.28211,16,-132.63566816163353,-132.6357,2.4004371735442744e-7
nlpmodel,truss5,208,331,"OPTIMAL",0.28975,0.28968,16,-132.63566816163353,-132.6357,2.4004371735442744e-7
nlpmodel,truss5,208,331,"OPTIMAL",0.28137,0.28127,16,-132.63566816163353,-132.6357,2.4004371735442744e-7
nlpmodel,truss5,208,331,"OPTIMAL",0.35282,0.35276,16,-132.63566816163353,-132.6357,2.4004371735442744e-7
nlpmodel,truss5,208,331,"OPTIMAL",0.6023,0.60223,16,-132.63566816163353,-132.6357,2.4004371735442744e-7
nlpmodel,truss5,208,331,"OPTIMAL",0.28827,0.28821,16,-132.63566816163353,-132.6357,2.4004371735442744e-7
nlpmodel,truss5,208,331,"OPTIMAL",0.30059,0.30052,16,-132.63566816163353,-132.6357,2.4004371735442744e-7
nlpmodel,truss5,208,331,"OPTIMAL",0.29786,0.29776,16,-132.63566816163353,-132.6357,2.4004371735442744e-7
nlpmodel,truss5,208,331,"OPTIMAL",0.29927,0.29916,16,-132.63566816163353,-132.6357,2.4004371735442744e-7
nlpmodel,truss5,208,331,"OPTIMAL",0.32064,0.32054,16,-132.63566816163353,-132.6357,2.4004371735442744e-7
nlpmodel,truss5,208,331,"OPTIMAL",0.29071,0.29064,16,-132.63566816163353,-132.6357,2.4004371735442744e-7
nlpmodel,truss5,208,331,"OPTIMAL",0.29527,0.29521,16,-132.63566816163353,-132.6357,2.4004371735442744e-7
nlpmodel,truss5,208,331,"OPTIMAL",0.29813,0.29806,16,-132.63566816163353,-132.6357,2.4004371735442744e-7
nlpmodel,truss5,208,331,"OPTIMAL",0.27859,0.27852,16,-132.63566816163353,-132.6357,2.4004371735442744e-7
nlpmodel,arch0,174,335,"OPTIMAL",1.72,1.7199,22,0.5665173227477452,0.566517,3.2274774519613914e-7
nlpmodel,arch0,174,335,"OPTIMAL",2.1107,2.1106,22,0.5665173227477452,0.566517,3.2274774519613914e-7
nlpmodel,arch0,174,335,"OPTIMAL",1.8456,1.8455,22,0.5665173227477452,0.566517,3.2274774519613914e-7
nlpmodel,arch0,174,335,"OPTIMAL",1.7052,1.7051,22,0.5665173227477452,0.566517,3.2274774519613914e-7
nlpmodel,arch0,174,335,"OPTIMAL",1.7173,1.7172,22,0.5665173227477452,0.566517,3.2274774519613914e-7
nlpmodel,arch0,174,335,"OPTIMAL",2.0829,2.0828,22,0.5665173227477452,0.566517,3.2274774519613914e-7
nlpmodel,arch0,174,335,"OPTIMAL",1.8079,1.8078,22,0.5665173227477452,0.566517,3.2274774519613914e-7
nlpmodel,arch0,174,335,"OPTIMAL",1.6998,1.6997,22,0.5665173227477452,0.566517,3.2274774519613914e-7
nlpmodel,arch0,174,335,"OPTIMAL",1.735,1.7349,22,0.5665173227477452,0.566517,3.2274774519613914e-7
nlpmodel,arch0,174,335,"OPTIMAL",2.0823,2.0822,22,0.5665173227477452,0.566517,3.2274774519613914e-7
nlpmodel,arch0,174,335,"OPTIMAL",1.8122,1.8121,22,0.5665173227477452,0.566517,3.2274774519613914e-7
nlpmodel,arch0,174,335,"OPTIMAL",1.7111,1.711,22,0.5665173227477452,0.566517,3.2274774519613914e-7
nlpmodel,arch0,174,335,"OPTIMAL",1.7236,1.7235,22,0.5665173227477452,0.566517,3.2274774519613914e-7
nlpmodel,arch0,174,335,"OPTIMAL",1.7403,1.7402,22,0.5665173227477452,0.566517,3.2274774519613914e-7
nlpmodel,arch0,174,335,"OPTIMAL",2.2413,2.2412,22,0.5665173227477452,0.566517,3.2274774519613914e-7
nlpmodel,arch0,174,335,"OPTIMAL",1.7017,1.7016,22,0.5665173227477452,0.566517,3.2274774519613914e-7
nlpmodel,arch0,174,335,"OPTIMAL",1.7198,1.7197,22,0.5665173227477452,0.566517,3.2274774519613914e-7
nlpmodel,arch0,174,335,"OPTIMAL",1.7421,1.7421,22,0.5665173227477452,0.566517,3.2274774519613914e-7
nlpmodel,arch0,174,335,"OPTIMAL",2.2102,2.2102,22,0.5665173227477452,0.566517,3.2274774519613914e-7
nlpmodel,arch0,174,335,"OPTIMAL",1.6891,1.689,22,0.5665173227477452,0.566517,3.2274774519613914e-7
nlpmodel,arch0,174,335,"OPTIMAL",1.7129,1.7128,22,0.5665173227477452,0.566517,3.2274774519613914e-7
nlpmodel,arch0,174,335,"OPTIMAL",1.7219,1.7218,22,0.5665173227477452,0.566517,3.2274774519613914e-7
nlpmodel,arch0,174,335,"OPTIMAL",2.0577,2.0577,22,0.5665173227477452,0.566517,3.2274774519613914e-7
nlpmodel,arch0,174,335,"OPTIMAL",1.6836,1.6835,22,0.5665173227477452,0.566517,3.2274774519613914e-7
nlpmodel,arch0,174,335,"OPTIMAL",1.7123,1.7122,22,0.5665173227477452,0.566517,3.2274774519613914e-7
nlpmodel,arch0,174,335,"OPTIMAL",1.7168,1.7167,22,0.5665173227477452,0.566517,3.2274774519613914e-7
nlpmodel,arch0,174,335,"OPTIMAL",2.0638,2.0637,22,0.5665173227477452,0.566517,3.2274774519613914e-7
nlpmodel,arch0,174,335,"OPTIMAL",1.7429,1.7428,22,0.5665173227477452,0.566517,3.2274774519613914e-7
nlpmodel,arch0,174,335,"OPTIMAL",1.7102,1.7101,22,0.5665173227477452,0.566517,3.2274774519613914e-7
nlpmodel,arch0,174,335,"OPTIMAL",1.7222,1.7222,22,0.5665173227477452,0.566517,3.2274774519613914e-7
nlpmodel,arch0,174,335,"OPTIMAL",2.0705,2.0705,22,0.5665173227477452,0.566517,3.2274774519613914e-7
nlpmodel,arch0,174,335,"OPTIMAL",1.7348,1.7347,22,0.5665173227477452,0.566517,3.2274774519613914e-7
nlpmodel,arch2,174,335,"OPTIMAL",1.5657,1.5656,20,0.6715155696144145,0.671515,5.69614414525077e-7
nlpmodel,arch2,174,335,"OPTIMAL",1.927,1.9269,20,0.6715155696144145,0.671515,5.69614414525077e-7
nlpmodel,arch2,174,335,"OPTIMAL",1.5988,1.5987,20,0.6715155696144145,0.671515,5.69614414525077e-7
nlpmodel,arch2,174,335,"OPTIMAL",1.5555,1.5554,20,0.6715155696144145,0.671515,5.69614414525077e-7
nlpmodel,arch2,174,335,"OPTIMAL",1.5638,1.5638,20,0.6715155696144145,0.671515,5.69614414525077e-7
nlpmodel,arch2,174,335,"OPTIMAL",1.565,1.5649,20,0.6715155696144145,0.671515,5.69614414525077e-7
nlpmodel,arch2,174,335,"OPTIMAL",1.9958,1.9957,20,0.6715155696144145,0.671515,5.69614414525077e-7
nlpmodel,arch2,174,335,"OPTIMAL",1.5389,1.5388,20,0.6715155696144145,0.671515,5.69614414525077e-7
nlpmodel,arch2,174,335,"OPTIMAL",1.5627,1.5626,20,0.6715155696144145,0.671515,5.69614414525077e-7
nlpmodel,arch2,174,335,"OPTIMAL",1.5692,1.5692,20,0.6715155696144145,0.671515,5.69614414525077e-7
nlpmodel,arch2,174,335,"OPTIMAL",1.9171,1.917,20,0.6715155696144145,0.671515,5.69614414525077e-7
nlpmodel,arch2,174,335,"OPTIMAL",1.5256,1.5255,20,0.6715155696144145,0.671515,5.69614414525077e-7
nlpmodel,arch2,174,335,"OPTIMAL",1.5468,1.5467,20,0.6715155696144145,0.671515,5.69614414525077e-7
nlpmodel,arch2,174,335,"OPTIMAL",1.5676,1.5675,20,0.6715155696144145,0.671515,5.69614414525077e-7
nlpmodel,arch2,174,335,"OPTIMAL",1.6319,1.6318,20,0.6715155696144145,0.671515,5.69614414525077e-7
nlpmodel,arch2,174,335,"OPTIMAL",1.849,1.849,20,0.6715155696144145,0.671515,5.69614414525077e-7
nlpmodel,arch2,174,335,"OPTIMAL",1.5332,1.5331,20,0.6715155696144145,0.671515,5.69614414525077e-7
nlpmodel,arch2,174,335,"OPTIMAL",1.5658,1.5657,20,0.6715155696144145,0.671515,5.69614414525077e-7
nlpmodel,arch2,174,335,"OPTIMAL",1.5712,1.5711,20,0.6715155696144145,0.671515,5.69614414525077e-7
nlpmodel,arch2,174,335,"OPTIMAL",1.9507,1.9507,20,0.6715155696144145,0.671515,5.69614414525077e-7
nlpmodel,arch2,174,335,"OPTIMAL",1.6193,1.6192,20,0.6715155696144145,0.671515,5.69614414525077e-7
nlpmodel,arch2,174,335,"OPTIMAL",1.5517,1.5516,20,0.6715155696144145,0.671515,5.69614414525077e-7
nlpmodel,arch2,174,335,"OPTIMAL",1.5655,1.5654,20,0.6715155696144145,0.671515,5.69614414525077e-7
nlpmodel,arch2,174,335,"OPTIMAL",1.6336,1.6335,20,0.6715155696144145,0.671515,5.69614414525077e-7
nlpmodel,arch2,174,335,"OPTIMAL",1.8689,1.8689,20,0.6715155696144145,0.671515,5.69614414525077e-7
nlpmodel,arch2,174,335,"OPTIMAL",1.5324,1.5324,20,0.6715155696144145,0.671515,5.69614414525077e-7
nlpmodel,arch2,174,335,"OPTIMAL",1.5653,1.5653,20,0.6715155696144145,0.671515,5.69614414525077e-7
nlpmodel,arch2,174,335,"OPTIMAL",1.5636,1.5635,20,0.6715155696144145,0.671515,5.69614414525077e-7
nlpmodel,arch2,174,335,"OPTIMAL",1.9246,1.9245,20,0.6715155696144145,0.671515,5.69614414525077e-7
nlpmodel,arch2,174,335,"OPTIMAL",1.6245,1.6243,20,0.6715155696144145,0.671515,5.69614414525077e-7
nlpmodel,arch2,174,335,"OPTIMAL",1.5458,1.5458,20,0.6715155696144145,0.671515,5.69614414525077e-7
nlpmodel,arch2,174,335,"OPTIMAL",1.5687,1.5685,20,0.6715155696144145,0.671515,5.69614414525077e-7
nlpmodel,arch4,174,335,"OPTIMAL",1.5737,1.5736,20,0.9726276869175087,0.9726274,2.8691750864062726e-7
nlpmodel,arch4,174,335,"OPTIMAL",1.547,1.547,20,0.9726276869175087,0.9726274,2.8691750864062726e-7
nlpmodel,arch4,174,335,"OPTIMAL",1.5719,1.5718,20,0.9726276869175087,0.9726274,2.8691750864062726e-7
nlpmodel,arch4,174,335,"OPTIMAL",1.5696,1.5696,20,0.9726276869175087,0.9726274,2.8691750864062726e-7
nlpmodel,arch4,174,335,"OPTIMAL",1.9278,1.9278,20,0.9726276869175087,0.9726274,2.8691750864062726e-7
nlpmodel,arch4,174,335,"OPTIMAL",1.6035,1.6035,20,0.9726276869175087,0.9726274,2.8691750864062726e-7
nlpmodel,arch4,174,335,"OPTIMAL",1.5592,1.5591,20,0.9726276869175087,0.9726274,2.8691750864062726e-7
nlpmodel,arch4,174,335,"OPTIMAL",1.5672,1.5671,20,0.9726276869175087,0.9726274,2.8691750864062726e-7
nlpmodel,arch4,174,335,"OPTIMAL",1.9553,1.9551,20,0.9726276869175087,0.9726274,2.8691750864062726e-7
nlpmodel,arch4,174,335,"OPTIMAL",1.5855,1.5854,20,0.9726276869175087,0.9726274,2.8691750864062726e-7
nlpmodel,arch4,174,335,"OPTIMAL",1.5443,1.5442,20,0.9726276869175087,0.9726274,2.8691750864062726e-7
nlpmodel,arch4,174,335,"OPTIMAL",1.5865,1.5864,20,0.9726276869175087,0.9726274,2.8691750864062726e-7
nlpmodel,arch4,174,335,"OPTIMAL",1.571,1.5709,20,0.9726276869175087,0.9726274,2.8691750864062726e-7
nlpmodel,arch4,174,335,"OPTIMAL",1.9093,1.9092,20,0.9726276869175087,0.9726274,2.8691750864062726e-7
nlpmodel,arch4,174,335,"OPTIMAL",1.5342,1.5341,20,0.9726276869175087,0.9726274,2.8691750864062726e-7
nlpmodel,arch4,174,335,"OPTIMAL",1.5659,1.5659,20,0.9726276869175087,0.9726274,2.8691750864062726e-7
nlpmodel,arch4,174,335,"OPTIMAL",1.572,1.572,20,0.9726276869175087,0.9726274,2.8691750864062726e-7
nlpmodel,arch4,174,335,"OPTIMAL",1.9387,1.9386,20,0.9726276869175087,0.9726274,2.8691750864062726e-7
nlpmodel,arch4,174,335,"OPTIMAL",1.5305,1.5304,20,0.9726276869175087,0.9726274,2.8691750864062726e-7
nlpmodel,arch4,174,335,"OPTIMAL",1.5527,1.5526,20,0.9726276869175087,0.9726274,2.8691750864062726e-7
nlpmodel,arch4,174,335,"OPTIMAL",1.577,1.5769,20,0.9726276869175087,0.9726274,2.8691750864062726e-7
nlpmodel,arch4,174,335,"OPTIMAL",1.6322,1.6321,20,0.9726276869175087,0.9726274,2.8691750864062726e-7
nlpmodel,arch4,174,335,"OPTIMAL",1.8925,1.8924,20,0.9726276869175087,0.9726274,2.8691750864062726e-7
nlpmodel,arch4,174,335,"OPTIMAL",1.5417,1.5415,20,0.9726276869175087,0.9726274,2.8691750864062726e-7
nlpmodel,arch4,174,335,"OPTIMAL",1.5703,1.5702,20,0.9726276869175087,0.9726274,2.8691750864062726e-7
nlpmodel,arch4,174,335,"OPTIMAL",1.5772,1.5771,20,0.9726276869175087,0.9726274,2.8691750864062726e-7
nlpmodel,arch4,174,335,"OPTIMAL",1.9239,1.9237,20,0.9726276869175087,0.9726274,2.8691750864062726e-7
nlpmodel,arch4,174,335,"OPTIMAL",1.5378,1.5377,20,0.9726276869175087,0.9726274,2.8691750864062726e-7
nlpmodel,arch4,174,335,"OPTIMAL",1.5654,1.5653,20,0.9726276869175087,0.9726274,2.8691750864062726e-7
nlpmodel,arch4,174,335,"OPTIMAL",1.5749,1.5748,20,0.9726276869175087,0.9726274,2.8691750864062726e-7
nlpmodel,arch4,174,335,"OPTIMAL",1.9456,1.9456,20,0.9726276869175087,0.9726274,2.8691750864062726e-7
nlpmodel,arch4,174,335,"OPTIMAL",1.6584,1.6582,20,0.9726276869175087,0.9726274,2.8691750864062726e-7
nlpmodel,arch8,174,335,"OPTIMAL",1.5686,1.5685,20,7.056980143900839,7.05698,2.0391277685418994e-8
nlpmodel,arch8,174,335,"OPTIMAL",1.5616,1.5615,20,7.056980143900839,7.05698,2.0391277685418994e-8
nlpmodel,arch8,174,335,"OPTIMAL",2.0613,2.0613,20,7.056980143900839,7.05698,2.0391277685418994e-8
nlpmodel,arch8,174,335,"OPTIMAL",1.5309,1.5308,20,7.056980143900839,7.05698,2.0391277685418994e-8
nlpmodel,arch8,174,335,"OPTIMAL",1.5634,1.5633,20,7.056980143900839,7.05698,2.0391277685418994e-8
nlpmodel,arch8,174,335,"OPTIMAL",1.5679,1.5678,20,7.056980143900839,7.05698,2.0391277685418994e-8
nlpmodel,arch8,174,335,"OPTIMAL",1.9061,1.906,20,7.056980143900839,7.05698,2.0391277685418994e-8
nlpmodel,arch8,174,335,"OPTIMAL",1.5381,1.538,20,7.056980143900839,7.05698,2.0391277685418994e-8
nlpmodel,arch8,174,335,"OPTIMAL",1.5506,1.5506,20,7.056980143900839,7.05698,2.0391277685418994e-8
nlpmodel,arch8,174,335,"OPTIMAL",1.5632,1.5632,20,7.056980143900839,7.05698,2.0391277685418994e-8
nlpmodel,arch8,174,335,"OPTIMAL",1.6267,1.6266,20,7.056980143900839,7.05698,2.0391277685418994e-8
nlpmodel,arch8,174,335,"OPTIMAL",1.9119,1.9118,20,7.056980143900839,7.05698,2.0391277685418994e-8
nlpmodel,arch8,174,335,"OPTIMAL",1.5431,1.543,20,7.056980143900839,7.05698,2.0391277685418994e-8
nlpmodel,arch8,174,335,"OPTIMAL",1.5654,1.5653,20,7.056980143900839,7.05698,2.0391277685418994e-8
nlpmodel,arch8,174,335,"OPTIMAL",1.587,1.5869,20,7.056980143900839,7.05698,2.0391277685418994e-8
nlpmodel,arch8,174,335,"OPTIMAL",1.9237,1.9236,20,7.056980143900839,7.05698,2.0391277685418994e-8
nlpmodel,arch8,174,335,"OPTIMAL",1.6364,1.6363,20,7.056980143900839,7.05698,2.0391277685418994e-8
nlpmodel,arch8,174,335,"OPTIMAL",1.5483,1.5482,20,7.056980143900839,7.05698,2.0391277685418994e-8
nlpmodel,arch8,174,335,"OPTIMAL",1.5666,1.5665,20,7.056980143900839,7.05698,2.0391277685418994e-8
nlpmodel,arch8,174,335,"OPTIMAL",1.9424,1.9423,20,7.056980143900839,7.05698,2.0391277685418994e-8
nlpmodel,arch8,174,335,"OPTIMAL",1.6891,1.689,20,7.056980143900839,7.05698,2.0391277685418994e-8
nlpmodel,arch8,174,335,"OPTIMAL",1.5514,1.5513,20,7.056980143900839,7.05698,2.0391277685418994e-8
nlpmodel,arch8,174,335,"OPTIMAL",1.5645,1.5645,20,7.056980143900839,7.05698,2.0391277685418994e-8
nlpmodel,arch8,174,335,"OPTIMAL",1.5715,1.5714,20,7.056980143900839,7.05698,2.0391277685418994e-8
nlpmodel,arch8,174,335,"OPTIMAL",2.0238,2.0237,20,7.056980143900839,7.05698,2.0391277685418994e-8
nlpmodel,arch8,174,335,"OPTIMAL",1.55,1.5499,20,7.056980143900839,7.05698,2.0391277685418994e-8
nlpmodel,arch8,174,335,"OPTIMAL",1.5602,1.5601,20,7.056980143900839,7.05698,2.0391277685418994e-8
nlpmodel,arch8,174,335,"OPTIMAL",1.57,1.5699,20,7.056980143900839,7.05698,2.0391277685418994e-8
nlpmodel,arch8,174,335,"OPTIMAL",1.9263,1.9262,20,7.056980143900839,7.05698,2.0391277685418994e-8
nlpmodel,arch8,174,335,"OPTIMAL",1.5305,1.5304,20,7.056980143900839,7.05698,2.0391277685418994e-8
nlpmodel,arch8,174,335,"OPTIMAL",1.5449,1.5448,20,7.056980143900839,7.05698,2.0391277685418994e-8
nlpmodel,arch8,174,335,"OPTIMAL",1.5705,1.5704,20,7.056980143900839,7.05698,2.0391277685418994e-8
nlpmodel,ss30,132,426,"OPTIMAL",7.6624,7.6623,20,20.239510971530112,20.2395,5.420850373215137e-7
nlpmodel,ss30,132,426,"OPTIMAL",6.3293,6.3292,20,20.239510971530112,20.2395,5.420850373215137e-7
nlpmodel,ss30,132,426,"OPTIMAL",4.6877,4.6876,20,20.239510971530112,20.2395,5.420850373215137e-7
nlpmodel,ss30,132,426,"OPTIMAL",5.0554,5.0553,20,20.239510971530112,20.2395,5.420850373215137e-7
nlpmodel,ss30,132,426,"OPTIMAL",4.0717,4.0716,20,20.239510971530112,20.2395,5.420850373215137e-7
nlpmodel,ss30,132,426,"OPTIMAL",3.5408,3.5408,20,20.239510971530112,20.2395,5.420850373215137e-7
nlpmodel,ss30,132,426,"OPTIMAL",3.5406,3.5406,20,20.239510971530112,20.2395,5.420850373215137e-7
nlpmodel,ss30,132,426,"OPTIMAL",4.3655,4.3654,20,20.239510971530112,20.2395,5.420850373215137e-7
nlpmodel,ss30,132,426,"OPTIMAL",6.3826,6.3825,20,20.239510971530112,20.2395,5.420850373215137e-7
nlpmodel,ss30,132,426,"OPTIMAL",7.1112,7.1111,20,20.239510971530112,20.2395,5.420850373215137e-7
nlpmodel,ss30,132,426,"OPTIMAL",7.2687,7.2687,20,20.239510971530112,20.2395,5.420850373215137e-7
nlpmodel,ss30,132,426,"OPTIMAL",6.0815,6.0814,20,20.239510971530112,20.2395,5.420850373215137e-7
nlpmodel,ss30,132,426,"OPTIMAL",7.2809,7.2808,20,20.239510971530112,20.2395,5.420850373215137e-7
nlpmodel,ss30,132,426,"OPTIMAL",5.7327,5.7326,20,20.239510971530112,20.2395,5.420850373215137e-7
nlpmodel,ss30,132,426,"OPTIMAL",4.8514,4.8513,20,20.239510971530112,20.2395,5.420850373215137e-7
nlpmodel,ss30,132,426,"OPTIMAL",6.0902,6.0901,20,20.239510971530112,20.2395,5.420850373215137e-7
nlpmodel,ss30,132,426,"OPTIMAL",5.6977,5.6977,20,20.239510971530112,20.2395,5.420850373215137e-7
nlpmodel,ss30,132,426,"OPTIMAL",5.4167,5.4166,20,20.239510971530112,20.2395,5.420850373215137e-7
nlpmodel,ss30,132,426,"OPTIMAL",5.5159,5.5158,20,20.239510971530112,20.2395,5.420850373215137e-7
nlpmodel,ss30,132,426,"OPTIMAL",4.3814,4.3813,20,20.239510971530112,20.2395,5.420850373215137e-7
nlpmodel,ss30,132,426,"OPTIMAL",4.9455,4.9454,20,20.239510971530112,20.2395,5.420850373215137e-7
nlpmodel,ss30,132,426,"OPTIMAL",6.0022,6.0021,20,20.239510971530112,20.2395,5.420850373215137e-7
nlpmodel,ss30,132,426,"OPTIMAL",5.3382,5.3381,20,20.239510971530112,20.2395,5.420850373215137e-7
nlpmodel,ss30,132,426,"OPTIMAL",6.2489,6.2487,20,20.239510971530112,20.2395,5.420850373215137e-7
nlpmodel,ss30,132,426,"OPTIMAL",6.3576,6.3576,20,20.239510971530112,20.2395,5.420850373215137e-7
nlpmodel,ss30,132,426,"OPTIMAL",6.2121,6.212,20,20.239510971530112,20.2395,5.420850373215137e-7
nlpmodel,ss30,132,426,"OPTIMAL",7.1127,7.1126,20,20.239510971530112,20.2395,5.420850373215137e-7
nlpmodel,ss30,132,426,"OPTIMAL",7.1665,7.1665,20,20.239510971530112,20.2395,5.420850373215137e-7
nlpmodel,ss30,132,426,"OPTIMAL",5.8424,5.8423,20,20.239510971530112,20.2395,5.420850373215137e-7
nlpmodel,ss30,132,426,"OPTIMAL",7.1239,7.1239,20,20.239510971530112,20.2395,5.420850373215137e-7
nlpmodel,ss30,132,426,"OPTIMAL",7.6663,7.6662,20,20.239510971530112,20.2395,5.420850373215137e-7
nlpmodel,ss30,132,426,"OPTIMAL",4.7118,4.7117,20,20.239510971530112,20.2395,5.420850373215137e-7
nlpmodel,truss6,172,451,"OPTIMAL",0.10429,0.10424,24,-901.0013703084635,-901.001,4.1099672865653514e-7
nlpmodel,truss6,172,451,"OPTIMAL",0.11478,0.11473,24,-901.0013703084635,-901.001,4.1099672865653514e-7
nlpmodel,truss6,172,451,"OPTIMAL",0.094668,0.094617,24,-901.0013703084635,-901.001,4.1099672865653514e-7
nlpmodel,truss6,172,451,"OPTIMAL",0.10946,0.10941,24,-901.0013703084635,-901.001,4.1099672865653514e-7
nlpmodel,truss6,172,451,"OPTIMAL",0.093951,0.093904,24,-901.0013703084635,-901.001,4.1099672865653514e-7
nlpmodel,truss6,172,451,"OPTIMAL",0.10012,0.10008,24,-901.0013703084635,-901.001,4.1099672865653514e-7
nlpmodel,truss6,172,451,"OPTIMAL",0.10203,0.10198,24,-901.0013703084635,-901.001,4.1099672865653514e-7
nlpmodel,truss6,172,451,"OPTIMAL",0.097427,0.097377,24,-901.0013703084635,-901.001,4.1099672865653514e-7
nlpmodel,truss6,172,451,"OPTIMAL",0.092417,0.092366,24,-901.0013703084635,-901.001,4.1099672865653514e-7
nlpmodel,truss6,172,451,"OPTIMAL",0.091241,0.091193,24,-901.0013703084635,-901.001,4.1099672865653514e-7
nlpmodel,truss6,172,451,"OPTIMAL",0.097119,0.097071,24,-901.0013703084635,-901.001,4.1099672865653514e-7
nlpmodel,truss6,172,451,"OPTIMAL",0.097752,0.097705,24,-901.0013703084635,-901.001,4.1099672865653514e-7
nlpmodel,truss6,172,451,"OPTIMAL",0.091191,0.091143,24,-901.0013703084635,-901.001,4.1099672865653514e-7
nlpmodel,truss6,172,451,"OPTIMAL",0.096836,0.096786,24,-901.0013703084635,-901.001,4.1099672865653514e-7
nlpmodel,truss6,172,451,"OPTIMAL",0.097004,0.096956,24,-901.0013703084635,-901.001,4.1099672865653514e-7
nlpmodel,truss6,172,451,"OPTIMAL",0.090635,0.090583,24,-901.0013703084635,-901.001,4.1099672865653514e-7
nlpmodel,truss6,172,451,"OPTIMAL",0.097641,0.097593,24,-901.0013703084635,-901.001,4.1099672865653514e-7
nlpmodel,truss6,172,451,"OPTIMAL",0.090394,0.090346,24,-901.0013703084635,-901.001,4.1099672865653514e-7
nlpmodel,truss6,172,451,"OPTIMAL",0.096871,0.096824,24,-901.0013703084635,-901.001,4.1099672865653514e-7
nlpmodel,truss6,172,451,"OPTIMAL",0.10002,0.09997,24,-901.0013703084635,-901.001,4.1099672865653514e-7
nlpmodel,truss6,172,451,"OPTIMAL",0.09203,0.091984,24,-901.0013703084635,-901.001,4.1099672865653514e-7
nlpmodel,truss6,172,451,"OPTIMAL",0.099083,0.099034,24,-901.0013703084635,-901.001,4.1099672865653514e-7
nlpmodel,truss6,172,451,"OPTIMAL",0.092583,0.092537,24,-901.0013703084635,-901.001,4.1099672865653514e-7
nlpmodel,truss6,172,451,"OPTIMAL",0.098621,0.098571,24,-901.0013703084635,-901.001,4.1099672865653514e-7
nlpmodel,truss6,172,451,"OPTIMAL",0.098169,0.098119,24,-901.0013703084635,-901.001,4.1099672865653514e-7
nlpmodel,truss6,172,451,"OPTIMAL",0.091869,0.091819,24,-901.0013703084635,-901.001,4.1099672865653514e-7
nlpmodel,truss6,172,451,"OPTIMAL",0.098276,0.098225,24,-901.0013703084635,-901.001,4.1099672865653514e-7
nlpmodel,truss6,172,451,"OPTIMAL",0.09812,0.098073,24,-901.0013703084635,-901.001,4.1099672865653514e-7
nlpmodel,truss6,172,451,"OPTIMAL",0.091409,0.091363,24,-901.0013703084635,-901.001,4.1099672865653514e-7
nlpmodel,truss6,172,451,"OPTIMAL",0.10026,0.10021,24,-901.0013703084635,-901.001,4.1099672865653514e-7
nlpmodel,truss6,172,451,"OPTIMAL",0.091036,0.090986,24,-901.0013703084635,-901.001,4.1099672865653514e-7
nlpmodel,truss6,172,451,"OPTIMAL",0.099855,0.0998,24,-901.0013703084635,-901.001,4.1099672865653514e-7
nlpmodel,gpp500-1,501,500,"OPTIMAL",10.913,10.913,26,-25.320544161349776,-25.3,0.0008120221877381595
nlpmodel,gpp500-1,501,500,"OPTIMAL",13.752,13.752,26,-25.320544161349776,-25.3,0.0008120221877381595
nlpmodel,gpp500-1,501,500,"OPTIMAL",11.194,11.194,26,-25.320544161349776,-25.3,0.0008120221877381595
nlpmodel,gpp500-1,501,500,"OPTIMAL",9.4167,9.4166,26,-25.320544161349776,-25.3,0.0008120221877381595
nlpmodel,gpp500-1,501,500,"OPTIMAL",11.043,11.043,26,-25.320544161349776,-25.3,0.0008120221877381595
nlpmodel,gpp500-1,501,500,"OPTIMAL",14.62,14.62,26,-25.320544161349776,-25.3,0.0008120221877381595
nlpmodel,gpp500-1,501,500,"OPTIMAL",14.252,14.252,26,-25.320544161349776,-25.3,0.0008120221877381595
nlpmodel,gpp500-1,501,500,"OPTIMAL",14.653,14.653,26,-25.320544161349776,-25.3,0.0008120221877381595
nlpmodel,gpp500-1,501,500,"OPTIMAL",14.572,14.572,26,-25.320544161349776,-25.3,0.0008120221877381595
nlpmodel,gpp500-1,501,500,"OPTIMAL",15.023,15.023,26,-25.320544161349776,-25.3,0.0008120221877381595
nlpmodel,gpp500-1,501,500,"OPTIMAL",14.726,14.726,26,-25.320544161349776,-25.3,0.0008120221877381595
nlpmodel,gpp500-1,501,500,"OPTIMAL",14.292,14.292,26,-25.320544161349776,-25.3,0.0008120221877381595
nlpmodel,gpp500-1,501,500,"OPTIMAL",14.487,14.487,26,-25.320544161349776,-25.3,0.0008120221877381595
nlpmodel,gpp500-1,501,500,"OPTIMAL",14.572,14.572,26,-25.320544161349776,-25.3,0.0008120221877381595
nlpmodel,gpp500-1,501,500,"OPTIMAL",14.491,14.491,26,-25.320544161349776,-25.3,0.0008120221877381595
nlpmodel,gpp500-1,501,500,"OPTIMAL",14.557,14.556,26,-25.320544161349776,-25.3,0.0008120221877381595
nlpmodel,gpp500-1,501,500,"OPTIMAL",14.537,14.537,26,-25.320544161349776,-25.3,0.0008120221877381595
nlpmodel,gpp500-1,501,500,"OPTIMAL",14.675,14.675,26,-25.320544161349776,-25.3,0.0008120221877381595
nlpmodel,gpp500-1,501,500,"OPTIMAL",14.774,14.774,26,-25.320544161349776,-25.3,0.0008120221877381595
nlpmodel,gpp500-1,501,500,"OPTIMAL",14.16,14.16,26,-25.320544161349776,-25.3,0.0008120221877381595
nlpmodel,gpp500-1,501,500,"OPTIMAL",15.021,15.02,26,-25.320544161349776,-25.3,0.0008120221877381595
nlpmodel,gpp500-1,501,500,"OPTIMAL",14.494,14.494,26,-25.320544161349776,-25.3,0.0008120221877381595
nlpmodel,gpp500-1,501,500,"OPTIMAL",14.237,14.237,26,-25.320544161349776,-25.3,0.0008120221877381595
nlpmodel,gpp500-1,501,500,"OPTIMAL",14.468,14.468,26,-25.320544161349776,-25.3,0.0008120221877381595
nlpmodel,gpp500-1,501,500,"OPTIMAL",14.512,14.512,26,-25.320544161349776,-25.3,0.0008120221877381595
nlpmodel,gpp500-1,501,500,"OPTIMAL",12.877,12.877,26,-25.320544161349776,-25.3,0.0008120221877381595
nlpmodel,gpp500-1,501,500,"OPTIMAL",14.601,14.601,26,-25.320544161349776,-25.3,0.0008120221877381595
nlpmodel,gpp500-1,501,500,"OPTIMAL",9.7621,9.762,26,-25.320544161349776,-25.3,0.0008120221877381595
nlpmodel,gpp500-1,501,500,"OPTIMAL",7.7475,7.7474,26,-25.320544161349776,-25.3,0.0008120221877381595
nlpmodel,gpp500-1,501,500,"OPTIMAL",7.5693,7.5692,26,-25.320544161349776,-25.3,0.0008120221877381595
nlpmodel,gpp500-1,501,500,"OPTIMAL",7.63,7.6299,26,-25.320544161349776,-25.3,0.0008120221877381595
nlpmodel,gpp500-2,501,500,"OPTIMAL",4.2847,4.2847,15,-156.06038630374607,-156.06,2.47535400531181e-6
nlpmodel,gpp500-2,501,500,"OPTIMAL",4.8326,4.8325,15,-156.06038630374607,-156.06,2.47535400531181e-6
nlpmodel,gpp500-2,501,500,"OPTIMAL",6.9118,6.9117,15,-156.06038630374607,-156.06,2.47535400531181e-6
nlpmodel,gpp500-2,501,500,"OPTIMAL",5.5498,5.5497,15,-156.06038630374607,-156.06,2.47535400531181e-6
nlpmodel,gpp500-2,501,500,"OPTIMAL",5.1651,5.1651,15,-156.06038630374607,-156.06,2.47535400531181e-6
nlpmodel,gpp500-2,501,500,"OPTIMAL",7.063,7.0629,15,-156.06038630374607,-156.06,2.47535400531181e-6
nlpmodel,gpp500-2,501,500,"OPTIMAL",6.9146,6.9145,15,-156.06038630374607,-156.06,2.47535400531181e-6
nlpmodel,gpp500-2,501,500,"OPTIMAL",7.1721,7.1719,15,-156.06038630374607,-156.06,2.47535400531181e-6
nlpmodel,gpp500-2,501,500,"OPTIMAL",4.3866,4.3866,15,-156.06038630374607,-156.06,2.47535400531181e-6
nlpmodel,gpp500-2,501,500,"OPTIMAL",4.1208,4.1208,15,-156.06038630374607,-156.06,2.47535400531181e-6
nlpmodel,gpp500-2,501,500,"OPTIMAL",4.4341,4.434,15,-156.06038630374607,-156.06,2.47535400531181e-6
nlpmodel,gpp500-2,501,500,"OPTIMAL",4.4917,4.4916,15,-156.06038630374607,-156.06,2.47535400531181e-6
nlpmodel,gpp500-2,501,500,"OPTIMAL",4.097,4.097,15,-156.06038630374607,-156.06,2.47535400531181e-6
nlpmodel,gpp500-2,501,500,"OPTIMAL",6.2525,6.2525,15,-156.06038630374607,-156.06,2.47535400531181e-6
nlpmodel,gpp500-2,501,500,"OPTIMAL",5.2008,5.2007,15,-156.06038630374607,-156.06,2.47535400531181e-6
nlpmodel,gpp500-2,501,500,"OPTIMAL",7.1536,7.1535,15,-156.06038630374607,-156.06,2.47535400531181e-6
nlpmodel,gpp500-2,501,500,"OPTIMAL",6.4614,6.4614,15,-156.06038630374607,-156.06,2.47535400531181e-6
nlpmodel,gpp500-2,501,500,"OPTIMAL",7.6993,7.6992,15,-156.06038630374607,-156.06,2.47535400531181e-6
nlpmodel,gpp500-2,501,500,"OPTIMAL",8.4485,8.4484,15,-156.06038630374607,-156.06,2.47535400531181e-6
nlpmodel,gpp500-2,501,500,"OPTIMAL",8.4754,8.4753,15,-156.06038630374607,-156.06,2.47535400531181e-6
nlpmodel,gpp500-2,501,500,"OPTIMAL",4.7767,4.7766,15,-156.06038630374607,-156.06,2.47535400531181e-6
nlpmodel,gpp500-2,501,500,"OPTIMAL",4.627,4.6269,15,-156.06038630374607,-156.06,2.47535400531181e-6
nlpmodel,gpp500-2,501,500,"OPTIMAL",4.6287,4.6287,15,-156.06038630374607,-156.06,2.47535400531181e-6
nlpmodel,gpp500-2,501,500,"OPTIMAL",4.568,4.5679,15,-156.06038630374607,-156.06,2.47535400531181e-6
nlpmodel,gpp500-2,501,500,"OPTIMAL",5.8114,5.8114,15,-156.06038630374607,-156.06,2.47535400531181e-6
nlpmodel,gpp500-2,501,500,"OPTIMAL",4.9709,4.9708,15,-156.06038630374607,-156.06,2.47535400531181e-6
nlpmodel,gpp500-2,501,500,"OPTIMAL",4.7409,4.7408,15,-156.06038630374607,-156.06,2.47535400531181e-6
nlpmodel,gpp500-2,501,500,"OPTIMAL",4.3153,4.3152,15,-156.06038630374607,-156.06,2.47535400531181e-6
nlpmodel,gpp500-2,501,500,"OPTIMAL",4.4568,4.4567,15,-156.06038630374607,-156.06,2.47535400531181e-6
nlpmodel,gpp500-2,501,500,"OPTIMAL",5.5184,5.5183,15,-156.06038630374607,-156.06,2.47535400531181e-6
nlpmodel,gpp500-2,501,500,"OPTIMAL",4.5038,4.5038,15,-156.06038630374607,-156.06,2.47535400531181e-6
nlpmodel,gpp500-2,501,500,"OPTIMAL",5.3783,5.3782,15,-156.06038630374607,-156.06,2.47535400531181e-6
nlpmodel,gpp500-3,501,500,"OPTIMAL",7.8059,7.8058,14,-513.0175919464255,-513.02,4.693878551571094e-6
nlpmodel,gpp500-3,501,500,"OPTIMAL",7.905,7.9049,14,-513.0175919464255,-513.02,4.693878551571094e-6
nlpmodel,gpp500-3,501,500,"OPTIMAL",7.3299,7.3298,14,-513.0175919464255,-513.02,4.693878551571094e-6
nlpmodel,gpp500-3,501,500,"OPTIMAL",7.5228,7.5227,14,-513.0175919464255,-513.02,4.693878551571094e-6
nlpmodel,gpp500-3,501,500,"OPTIMAL",7.8416,7.8415,14,-513.0175919464255,-513.02,4.693878551571094e-6
nlpmodel,gpp500-3,501,500,"OPTIMAL",7.0692,7.069,14,-513.0175919464255,-513.02,4.693878551571094e-6
nlpmodel,gpp500-3,501,500,"OPTIMAL",7.3669,7.3668,14,-513.0175919464255,-513.02,4.693878551571094e-6
nlpmodel,gpp500-3,501,500,"OPTIMAL",7.9924,7.9923,14,-513.0175919464255,-513.02,4.693878551571094e-6
nlpmodel,gpp500-3,501,500,"OPTIMAL",8.0209,8.0207,14,-513.0175919464255,-513.02,4.693878551571094e-6
nlpmodel,gpp500-3,501,500,"OPTIMAL",6.4837,6.4835,14,-513.0175919464255,-513.02,4.693878551571094e-6
nlpmodel,gpp500-3,501,500,"OPTIMAL",4.9737,4.9737,14,-513.0175919464255,-513.02,4.693878551571094e-6
nlpmodel,gpp500-3,501,500,"OPTIMAL",4.1461,4.146,14,-513.0175919464255,-513.02,4.693878551571094e-6
nlpmodel,gpp500-3,501,500,"OPTIMAL",3.8403,3.8402,14,-513.0175919464255,-513.02,4.693878551571094e-6
nlpmodel,gpp500-3,501,500,"OPTIMAL",6.286,6.2859,14,-513.0175919464255,-513.02,4.693878551571094e-6
nlpmodel,gpp500-3,501,500,"OPTIMAL",6.339,6.3389,14,-513.0175919464255,-513.02,4.693878551571094e-6
nlpmodel,gpp500-3,501,500,"OPTIMAL",7.1938,7.1937,14,-513.0175919464255,-513.02,4.693878551571094e-6
nlpmodel,gpp500-3,501,500,"OPTIMAL",6.875,6.8749,14,-513.0175919464255,-513.02,4.693878551571094e-6
nlpmodel,gpp500-3,501,500,"OPTIMAL",6.9727,6.9726,14,-513.0175919464255,-513.02,4.693878551571094e-6
nlpmodel,gpp500-3,501,500,"OPTIMAL",7.1699,7.1698,14,-513.0175919464255,-513.02,4.693878551571094e-6
nlpmodel,gpp500-3,501,500,"OPTIMAL",6.4671,6.4669,14,-513.0175919464255,-513.02,4.693878551571094e-6
nlpmodel,gpp500-3,501,500,"OPTIMAL",6.1917,6.1916,14,-513.0175919464255,-513.02,4.693878551571094e-6
nlpmodel,gpp500-3,501,500,"OPTIMAL",6.2648,6.2647,14,-513.0175919464255,-513.02,4.693878551571094e-6
nlpmodel,gpp500-3,501,500,"OPTIMAL",7.4949,7.4948,14,-513.0175919464255,-513.02,4.693878551571094e-6
nlpmodel,gpp500-3,501,500,"OPTIMAL",7.963,7.9629,14,-513.0175919464255,-513.02,4.693878551571094e-6
nlpmodel,gpp500-3,501,500,"OPTIMAL",5.9854,5.9854,14,-513.0175919464255,-513.02,4.693878551571094e-6
nlpmodel,gpp500-3,501,500,"OPTIMAL",6.5742,6.5741,14,-513.0175919464255,-513.02,4.693878551571094e-6
nlpmodel,gpp500-3,501,500,"OPTIMAL",7.3709,7.3708,14,-513.0175919464255,-513.02,4.693878551571094e-6
nlpmodel,gpp500-3,501,500,"OPTIMAL",7.9386,7.9385,14,-513.0175919464255,-513.02,4.693878551571094e-6
nlpmodel,gpp500-3,501,500,"OPTIMAL",6.8358,6.8357,14,-513.0175919464255,-513.02,4.693878551571094e-6
nlpmodel,gpp500-3,501,500,"OPTIMAL",6.6224,6.6223,14,-513.0175919464255,-513.02,4.693878551571094e-6
nlpmodel,gpp500-3,501,500,"OPTIMAL",7.886,7.8858,14,-513.0175919464255,-513.02,4.693878551571094e-6
nlpmodel,gpp500-3,501,500,"OPTIMAL",7.448,7.4479,14,-513.0175919464255,-513.02,4.693878551571094e-6
nlpmodel,gpp500-4,501,500,"OPTIMAL",7.73,7.7299,13,-1567.0187903514475,-1567.02,7.719419997852581e-7
nlpmodel,gpp500-4,501,500,"OPTIMAL",7.2446,7.2444,13,-1567.0187903514475,-1567.02,7.719419997852581e-7
nlpmodel,gpp500-4,501,500,"OPTIMAL",6.6157,6.6157,13,-1567.0187903514475,-1567.02,7.719419997852581e-7
nlpmodel,gpp500-4,501,500,"OPTIMAL",6.5105,6.5104,13,-1567.0187903514475,-1567.02,7.719419997852581e-7
nlpmodel,gpp500-4,501,500,"OPTIMAL",6.7606,6.7605,13,-1567.0187903514475,-1567.02,7.719419997852581e-7
nlpmodel,gpp500-4,501,500,"OPTIMAL",5.9662,5.9662,13,-1567.0187903514475,-1567.02,7.719419997852581e-7
nlpmodel,gpp500-4,501,500,"OPTIMAL",5.8086,5.8085,13,-1567.0187903514475,-1567.02,7.719419997852581e-7
nlpmodel,gpp500-4,501,500,"OPTIMAL",6.8905,6.8903,13,-1567.0187903514475,-1567.02,7.719419997852581e-7
nlpmodel,gpp500-4,501,500,"OPTIMAL",6.2953,6.2951,13,-1567.0187903514475,-1567.02,7.719419997852581e-7
nlpmodel,gpp500-4,501,500,"OPTIMAL",6.3769,6.3768,13,-1567.0187903514475,-1567.02,7.719419997852581e-7
nlpmodel,gpp500-4,501,500,"OPTIMAL",4.5015,4.5014,13,-1567.0187903514475,-1567.02,7.719419997852581e-7
nlpmodel,gpp500-4,501,500,"OPTIMAL",3.8215,3.8215,13,-1567.0187903514475,-1567.02,7.719419997852581e-7
nlpmodel,gpp500-4,501,500,"OPTIMAL",4.6411,4.6411,13,-1567.0187903514475,-1567.02,7.719419997852581e-7
nlpmodel,gpp500-4,501,500,"OPTIMAL",3.686,3.6859,13,-1567.0187903514475,-1567.02,7.719419997852581e-7
nlpmodel,gpp500-4,501,500,"OPTIMAL",4.0283,4.0283,13,-1567.0187903514475,-1567.02,7.719419997852581e-7
nlpmodel,gpp500-4,501,500,"OPTIMAL",3.7507,3.7506,13,-1567.0187903514475,-1567.02,7.719419997852581e-7
nlpmodel,gpp500-4,501,500,"OPTIMAL",3.7026,3.7025,13,-1567.0187903514475,-1567.02,7.719419997852581e-7
nlpmodel,gpp500-4,501,500,"OPTIMAL",3.7116,3.7115,13,-1567.0187903514475,-1567.02,7.719419997852581e-7
nlpmodel,gpp500-4,501,500,"OPTIMAL",4.1344,4.1343,13,-1567.0187903514475,-1567.02,7.719419997852581e-7
nlpmodel,gpp500-4,501,500,"OPTIMAL",4.1098,4.1097,13,-1567.0187903514475,-1567.02,7.719419997852581e-7
nlpmodel,gpp500-4,501,500,"OPTIMAL",3.8837,3.8836,13,-1567.0187903514475,-1567.02,7.719419997852581e-7
nlpmodel,gpp500-4,501,500,"OPTIMAL",4.3004,4.3003,13,-1567.0187903514475,-1567.02,7.719419997852581e-7
nlpmodel,gpp500-4,501,500,"OPTIMAL",5.0502,5.0501,13,-1567.0187903514475,-1567.02,7.719419997852581e-7
nlpmodel,gpp500-4,501,500,"OPTIMAL",6.469,6.4689,13,-1567.0187903514475,-1567.02,7.719419997852581e-7
nlpmodel,gpp500-4,501,500,"OPTIMAL",7.3861,7.386,13,-1567.0187903514475,-1567.02,7.719419997852581e-7
nlpmodel,gpp500-4,501,500,"OPTIMAL",7.0766,7.0765,13,-1567.0187903514475,-1567.02,7.719419997852581e-7
nlpmodel,gpp500-4,501,500,"OPTIMAL",7.5461,7.546,13,-1567.0187903514475,-1567.02,7.719419997852581e-7
nlpmodel,gpp500-4,501,500,"OPTIMAL",6.1903,6.1902,13,-1567.0187903514475,-1567.02,7.719419997852581e-7
nlpmodel,gpp500-4,501,500,"OPTIMAL",7.3874,7.3873,13,-1567.0187903514475,-1567.02,7.719419997852581e-7
nlpmodel,gpp500-4,501,500,"OPTIMAL",7.1685,7.1683,13,-1567.0187903514475,-1567.02,7.719419997852581e-7
nlpmodel,gpp500-4,501,500,"OPTIMAL",7.4723,7.4722,13,-1567.0187903514475,-1567.02,7.719419997852581e-7
nlpmodel,gpp500-4,501,500,"OPTIMAL",7.0763,7.0762,13,-1567.0187903514475,-1567.02,7.719419997852581e-7
nlpmodel,mcp500-1,500,500,"OPTIMAL",6.7967,6.7965,14,598.1485261254,598.1485,4.367711369443411e-8
nlpmodel,mcp500-1,500,500,"OPTIMAL",7.2823,7.2822,14,598.1485261254,598.1485,4.367711369443411e-8
nlpmodel,mcp500-1,500,500,"OPTIMAL",7.0027,7.0026,14,598.1485261254,598.1485,4.367711369443411e-8
nlpmodel,mcp500-1,500,500,"OPTIMAL",6.5373,6.5372,14,598.1485261254,598.1485,4.367711369443411e-8
nlpmodel,mcp500-1,500,500,"OPTIMAL",6.4114,6.4114,14,598.1485261254,598.1485,4.367711369443411e-8
nlpmodel,mcp500-1,500,500,"OPTIMAL",5.078,5.0779,14,598.1485261254,598.1485,4.367711369443411e-8
nlpmodel,mcp500-1,500,500,"OPTIMAL",6.785,6.7849,14,598.1485261254,598.1485,4.367711369443411e-8
nlpmodel,mcp500-1,500,500,"OPTIMAL",6.7736,6.7735,14,598.1485261254,598.1485,4.367711369443411e-8
nlpmodel,mcp500-1,500,500,"OPTIMAL",6.6827,6.6826,14,598.1485261254,598.1485,4.367711369443411e-8
nlpmodel,mcp500-1,500,500,"OPTIMAL",6.8372,6.8371,14,598.1485261254,598.1485,4.367711369443411e-8
nlpmodel,mcp500-1,500,500,"OPTIMAL",4.7843,4.7843,14,598.1485261254,598.1485,4.367711369443411e-8
nlpmodel,mcp500-1,500,500,"OPTIMAL",4.3773,4.3772,14,598.1485261254,598.1485,4.367711369443411e-8
nlpmodel,mcp500-1,500,500,"OPTIMAL",3.5435,3.5434,14,598.1485261254,598.1485,4.367711369443411e-8
nlpmodel,mcp500-1,500,500,"OPTIMAL",3.9318,3.9317,14,598.1485261254,598.1485,4.367711369443411e-8
nlpmodel,mcp500-1,500,500,"OPTIMAL",5.2292,5.2292,14,598.1485261254,598.1485,4.367711369443411e-8
nlpmodel,mcp500-1,500,500,"OPTIMAL",3.5928,3.5928,14,598.1485261254,598.1485,4.367711369443411e-8
nlpmodel,mcp500-1,500,500,"OPTIMAL",3.8716,3.8715,14,598.1485261254,598.1485,4.367711369443411e-8
nlpmodel,mcp500-1,500,500,"OPTIMAL",3.5745,3.5744,14,598.1485261254,598.1485,4.367711369443411e-8
nlpmodel,mcp500-1,500,500,"OPTIMAL",5.925,5.9249,14,598.1485261254,598.1485,4.367711369443411e-8
nlpmodel,mcp500-1,500,500,"OPTIMAL",4.1326,4.1325,14,598.1485261254,598.1485,4.367711369443411e-8
nlpmodel,mcp500-1,500,500,"OPTIMAL",5.231,5.2309,14,598.1485261254,598.1485,4.367711369443411e-8
nlpmodel,mcp500-1,500,500,"OPTIMAL",3.9822,3.9821,14,598.1485261254,598.1485,4.367711369443411e-8
nlpmodel,mcp500-1,500,500,"OPTIMAL",4.7205,4.7204,14,598.1485261254,598.1485,4.367711369443411e-8
nlpmodel,mcp500-1,500,500,"OPTIMAL",3.5864,3.5864,14,598.1485261254,598.1485,4.367711369443411e-8
nlpmodel,mcp500-1,500,500,"OPTIMAL",3.906,3.9059,14,598.1485261254,598.1485,4.367711369443411e-8
nlpmodel,mcp500-1,500,500,"OPTIMAL",5.0449,5.0449,14,598.1485261254,598.1485,4.367711369443411e-8
nlpmodel,mcp500-1,500,500,"OPTIMAL",3.4933,3.4933,14,598.1485261254,598.1485,4.367711369443411e-8
nlpmodel,mcp500-1,500,500,"OPTIMAL",5.5815,5.5815,14,598.1485261254,598.1485,4.367711369443411e-8
nlpmodel,mcp500-1,500,500,"OPTIMAL",3.4969,3.4968,14,598.1485261254,598.1485,4.367711369443411e-8
nlpmodel,mcp500-1,500,500,"OPTIMAL",5.3552,5.3551,14,598.1485261254,598.1485,4.367711369443411e-8
nlpmodel,mcp500-1,500,500,"OPTIMAL",4.974,4.9739,14,598.1485261254,598.1485,4.367711369443411e-8
nlpmodel,mcp500-1,500,500,"OPTIMAL",3.9786,3.9786,14,598.1485261254,598.1485,4.367711369443411e-8
nlpmodel,mcp500-2,500,500,"OPTIMAL",4.8295,4.8294,13,1070.0567715166217,1070.057,2.1352449294810898e-7
nlpmodel,mcp500-2,500,500,"OPTIMAL",5.6926,5.6925,13,1070.0567715166217,1070.057,2.1352449294810898e-7
nlpmodel,mcp500-2,500,500,"OPTIMAL",6.4173,6.4172,13,1070.0567715166217,1070.057,2.1352449294810898e-7
nlpmodel,mcp500-2,500,500,"OPTIMAL",6.1596,6.1595,13,1070.0567715166217,1070.057,2.1352449294810898e-7
nlpmodel,mcp500-2,500,500,"OPTIMAL",5.114,5.114,13,1070.0567715166217,1070.057,2.1352449294810898e-7
nlpmodel,mcp500-2,500,500,"OPTIMAL",6.2335,6.2334,13,1070.0567715166217,1070.057,2.1352449294810898e-7
nlpmodel,mcp500-2,500,500,"OPTIMAL",4.7089,4.7088,13,1070.0567715166217,1070.057,2.1352449294810898e-7
nlpmodel,mcp500-2,500,500,"OPTIMAL",4.9622,4.9622,13,1070.0567715166217,1070.057,2.1352449294810898e-7
nlpmodel,mcp500-2,500,500,"OPTIMAL",3.7521,3.752,13,1070.0567715166217,1070.057,2.1352449294810898e-7
nlpmodel,mcp500-2,500,500,"OPTIMAL",3.9691,3.969,13,1070.0567715166217,1070.057,2.1352449294810898e-7
nlpmodel,mcp500-2,500,500,"OPTIMAL",4.2854,4.2853,13,1070.0567715166217,1070.057,2.1352449294810898e-7
nlpmodel,mcp500-2,500,500,"OPTIMAL",4.7096,4.7095,13,1070.0567715166217,1070.057,2.1352449294810898e-7
nlpmodel,mcp500-2,500,500,"OPTIMAL",5.2699,5.2698,13,1070.0567715166217,1070.057,2.1352449294810898e-7
nlpmodel,mcp500-2,500,500,"OPTIMAL",5.22,5.2199,13,1070.0567715166217,1070.057,2.1352449294810898e-7
nlpmodel,mcp500-2,500,500,"OPTIMAL",6.5633,6.5632,13,1070.0567715166217,1070.057,2.1352449294810898e-7
nlpmodel,mcp500-2,500,500,"OPTIMAL",6.5389,6.5388,13,1070.0567715166217,1070.057,2.1352449294810898e-7
nlpmodel,mcp500-2,500,500,"OPTIMAL",6.8789,6.8788,13,1070.0567715166217,1070.057,2.1352449294810898e-7
nlpmodel,mcp500-2,500,500,"OPTIMAL",6.3502,6.3501,13,1070.0567715166217,1070.057,2.1352449294810898e-7
nlpmodel,mcp500-2,500,500,"OPTIMAL",6.702,6.7019,13,1070.0567715166217,1070.057,2.1352449294810898e-7
nlpmodel,mcp500-2,500,500,"OPTIMAL",6.3905,6.3904,13,1070.0567715166217,1070.057,2.1352449294810898e-7
nlpmodel,mcp500-2,500,500,"OPTIMAL",6.8554,6.8552,13,1070.0567715166217,1070.057,2.1352449294810898e-7
nlpmodel,mcp500-2,500,500,"OPTIMAL",6.4718,6.4717,13,1070.0567715166217,1070.057,2.1352449294810898e-7
nlpmodel,mcp500-2,500,500,"OPTIMAL",6.3259,6.3258,13,1070.0567715166217,1070.057,2.1352449294810898e-7
nlpmodel,mcp500-2,500,500,"OPTIMAL",6.918,6.9179,13,1070.0567715166217,1070.057,2.1352449294810898e-7
nlpmodel,mcp500-2,500,500,"OPTIMAL",4.1624,4.1623,13,1070.0567715166217,1070.057,2.1352449294810898e-7
nlpmodel,mcp500-2,500,500,"OPTIMAL",3.4315,3.4314,13,1070.0567715166217,1070.057,2.1352449294810898e-7
nlpmodel,mcp500-2,500,500,"OPTIMAL",3.3823,3.3822,13,1070.0567715166217,1070.057,2.1352449294810898e-7
nlpmodel,mcp500-2,500,500,"OPTIMAL",3.6655,3.6654,13,1070.0567715166217,1070.057,2.1352449294810898e-7
nlpmodel,mcp500-2,500,500,"OPTIMAL",3.4288,3.4287,13,1070.0567715166217,1070.057,2.1352449294810898e-7
nlpmodel,mcp500-2,500,500,"OPTIMAL",3.3128,3.3127,13,1070.0567715166217,1070.057,2.1352449294810898e-7
nlpmodel,mcp500-2,500,500,"OPTIMAL",3.379,3.379,13,1070.0567715166217,1070.057,2.1352449294810898e-7
nlpmodel,mcp500-2,500,500,"OPTIMAL",6.1103,6.1103,13,1070.0567715166217,1070.057,2.1352449294810898e-7
nlpmodel,mcp500-3,500,500,"OPTIMAL",3.6787,3.6787,12,1847.970027198672,1847.97,1.4718134973599718e-8
nlpmodel,mcp500-3,500,500,"OPTIMAL",4.2975,4.2974,12,1847.970027198672,1847.97,1.4718134973599718e-8
nlpmodel,mcp500-3,500,500,"OPTIMAL",3.0718,3.0717,12,1847.970027198672,1847.97,1.4718134973599718e-8
nlpmodel,mcp500-3,500,500,"OPTIMAL",3.13,3.1299,12,1847.970027198672,1847.97,1.4718134973599718e-8
nlpmodel,mcp500-3,500,500,"OPTIMAL",3.2312,3.2311,12,1847.970027198672,1847.97,1.4718134973599718e-8
nlpmodel,mcp500-3,500,500,"OPTIMAL",3.7512,3.7511,12,1847.970027198672,1847.97,1.4718134973599718e-8
nlpmodel,mcp500-3,500,500,"OPTIMAL",3.4208,3.4207,12,1847.970027198672,1847.97,1.4718134973599718e-8
nlpmodel,mcp500-3,500,500,"OPTIMAL",3.2335,3.2334,12,1847.970027198672,1847.97,1.4718134973599718e-8
nlpmodel,mcp500-3,500,500,"OPTIMAL",3.2542,3.2542,12,1847.970027198672,1847.97,1.4718134973599718e-8
nlpmodel,mcp500-3,500,500,"OPTIMAL",3.1986,3.1985,12,1847.970027198672,1847.97,1.4718134973599718e-8
nlpmodel,mcp500-3,500,500,"OPTIMAL",3.2881,3.288,12,1847.970027198672,1847.97,1.4718134973599718e-8
nlpmodel,mcp500-3,500,500,"OPTIMAL",3.2633,3.2632,12,1847.970027198672,1847.97,1.4718134973599718e-8
nlpmodel,mcp500-3,500,500,"OPTIMAL",3.4526,3.4525,12,1847.970027198672,1847.97,1.4718134973599718e-8
nlpmodel,mcp500-3,500,500,"OPTIMAL",3.5422,3.5421,12,1847.970027198672,1847.97,1.4718134973599718e-8
nlpmodel,mcp500-3,500,500,"OPTIMAL",3.3157,3.3156,12,1847.970027198672,1847.97,1.4718134973599718e-8
nlpmodel,mcp500-3,500,500,"OPTIMAL",3.3731,3.373,12,1847.970027198672,1847.97,1.4718134973599718e-8
nlpmodel,mcp500-3,500,500,"OPTIMAL",3.2769,3.2768,12,1847.970027198672,1847.97,1.4718134973599718e-8
nlpmodel,mcp500-3,500,500,"OPTIMAL",3.3185,3.3184,12,1847.970027198672,1847.97,1.4718134973599718e-8
nlpmodel,mcp500-3,500,500,"OPTIMAL",3.5188,3.5187,12,1847.970027198672,1847.97,1.4718134973599718e-8
nlpmodel,mcp500-3,500,500,"OPTIMAL",3.3992,3.3991,12,1847.970027198672,1847.97,1.4718134973599718e-8
nlpmodel,mcp500-3,500,500,"OPTIMAL",3.4413,3.4412,12,1847.970027198672,1847.97,1.4718134973599718e-8
nlpmodel,mcp500-3,500,500,"OPTIMAL",4.9003,4.9002,12,1847.970027198672,1847.97,1.4718134973599718e-8
nlpmodel,mcp500-3,500,500,"OPTIMAL",3.8954,3.8953,12,1847.970027198672,1847.97,1.4718134973599718e-8
nlpmodel,mcp500-3,500,500,"OPTIMAL",3.2818,3.2817,12,1847.970027198672,1847.97,1.4718134973599718e-8
nlpmodel,mcp500-3,500,500,"OPTIMAL",3.7663,3.7662,12,1847.970027198672,1847.97,1.4718134973599718e-8
nlpmodel,mcp500-3,500,500,"OPTIMAL",5.2126,5.2125,12,1847.970027198672,1847.97,1.4718134973599718e-8
nlpmodel,mcp500-3,500,500,"OPTIMAL",4.8424,4.8423,12,1847.970027198672,1847.97,1.4718134973599718e-8
nlpmodel,mcp500-3,500,500,"OPTIMAL",4.6135,4.6135,12,1847.970027198672,1847.97,1.4718134973599718e-8
nlpmodel,mcp500-3,500,500,"OPTIMAL",3.3755,3.3754,12,1847.970027198672,1847.97,1.4718134973599718e-8
nlpmodel,mcp500-3,500,500,"OPTIMAL",3.4354,3.4353,12,1847.970027198672,1847.97,1.4718134973599718e-8
nlpmodel,mcp500-3,500,500,"OPTIMAL",3.2229,3.2228,12,1847.970027198672,1847.97,1.4718134973599718e-8
nlpmodel,mcp500-3,500,500,"OPTIMAL",3.3119,3.3118,12,1847.970027198672,1847.97,1.4718134973599718e-8
nlpmodel,mcp500-4,500,500,"OPTIMAL",3.3253,3.3252,12,3566.738071906714,3566.738,2.0160357814591e-8
nlpmodel,mcp500-4,500,500,"OPTIMAL",4.1095,4.1094,12,3566.738071906714,3566.738,2.0160357814591e-8
nlpmodel,mcp500-4,500,500,"OPTIMAL",3.2973,3.2973,12,3566.738071906714,3566.738,2.0160357814591e-8
nlpmodel,mcp500-4,500,500,"OPTIMAL",3.9397,3.9396,12,3566.738071906714,3566.738,2.0160357814591e-8
nlpmodel,mcp500-4,500,500,"OPTIMAL",3.2497,3.2496,12,3566.738071906714,3566.738,2.0160357814591e-8
nlpmodel,mcp500-4,500,500,"OPTIMAL",4.2948,4.2947,12,3566.738071906714,3566.738,2.0160357814591e-8
nlpmodel,mcp500-4,500,500,"OPTIMAL",6.0318,6.0317,12,3566.738071906714,3566.738,2.0160357814591e-8
nlpmodel,mcp500-4,500,500,"OPTIMAL",6.2529,6.2527,12,3566.738071906714,3566.738,2.0160357814591e-8
nlpmodel,mcp500-4,500,500,"OPTIMAL",5.5646,5.5644,12,3566.738071906714,3566.738,2.0160357814591e-8
nlpmodel,mcp500-4,500,500,"OPTIMAL",5.0959,5.0958,12,3566.738071906714,3566.738,2.0160357814591e-8
nlpmodel,mcp500-4,500,500,"OPTIMAL",5.076,5.0759,12,3566.738071906714,3566.738,2.0160357814591e-8
nlpmodel,mcp500-4,500,500,"OPTIMAL",5.7466,5.7465,12,3566.738071906714,3566.738,2.0160357814591e-8
nlpmodel,mcp500-4,500,500,"OPTIMAL",3.2024,3.2024,12,3566.738071906714,3566.738,2.0160357814591e-8
nlpmodel,mcp500-4,500,500,"OPTIMAL",3.2086,3.2086,12,3566.738071906714,3566.738,2.0160357814591e-8
nlpmodel,mcp500-4,500,500,"OPTIMAL",3.1644,3.1643,12,3566.738071906714,3566.738,2.0160357814591e-8
nlpmodel,mcp500-4,500,500,"OPTIMAL",3.1108,3.1107,12,3566.738071906714,3566.738,2.0160357814591e-8
nlpmodel,mcp500-4,500,500,"OPTIMAL",3.1596,3.1596,12,3566.738071906714,3566.738,2.0160357814591e-8
nlpmodel,mcp500-4,500,500,"OPTIMAL",3.1376,3.1375,12,3566.738071906714,3566.738,2.0160357814591e-8
nlpmodel,mcp500-4,500,500,"OPTIMAL",3.3242,3.3241,12,3566.738071906714,3566.738,2.0160357814591e-8
nlpmodel,mcp500-4,500,500,"OPTIMAL",3.2638,3.2637,12,3566.738071906714,3566.738,2.0160357814591e-8
nlpmodel,mcp500-4,500,500,"OPTIMAL",4.5585,4.5584,12,3566.738071906714,3566.738,2.0160357814591e-8
nlpmodel,mcp500-4,500,500,"OPTIMAL",5.7175,5.7173,12,3566.738071906714,3566.738,2.0160357814591e-8
nlpmodel,mcp500-4,500,500,"OPTIMAL",6.5827,6.5826,12,3566.738071906714,3566.738,2.0160357814591e-8
nlpmodel,mcp500-4,500,500,"OPTIMAL",6.3575,6.3574,12,3566.738071906714,3566.738,2.0160357814591e-8
nlpmodel,mcp500-4,500,500,"OPTIMAL",5.9196,5.9195,12,3566.738071906714,3566.738,2.0160357814591e-8
nlpmodel,mcp500-4,500,500,"OPTIMAL",5.8981,5.8979,12,3566.738071906714,3566.738,2.0160357814591e-8
nlpmodel,mcp500-4,500,500,"OPTIMAL",6.4038,6.4037,12,3566.738071906714,3566.738,2.0160357814591e-8
nlpmodel,mcp500-4,500,500,"OPTIMAL",5.8567,5.8566,12,3566.738071906714,3566.738,2.0160357814591e-8
nlpmodel,mcp500-4,500,500,"OPTIMAL",5.317,5.3169,12,3566.738071906714,3566.738,2.0160357814591e-8
nlpmodel,mcp500-4,500,500,"OPTIMAL",5.8967,5.8966,12,3566.738071906714,3566.738,2.0160357814591e-8
nlpmodel,mcp500-4,500,500,"OPTIMAL",6.2634,6.2633,12,3566.738071906714,3566.738,2.0160357814591e-8
nlpmodel,mcp500-4,500,500,"OPTIMAL",6.2677,6.2676,12,3566.738071906714,3566.738,2.0160357814591e-8
nlpmodel,truss8,496,628,"OPTIMAL",3.269,3.2689,17,-133.11453953628802,-133.1146,4.542229926318343e-7
nlpmodel,truss8,496,628,"OPTIMAL",3.5229,3.5229,17,-133.11453953628802,-133.1146,4.542229926318343e-7
nlpmodel,truss8,496,628,"OPTIMAL",3.1821,3.1821,17,-133.11453953628802,-133.1146,4.542229926318343e-7
nlpmodel,truss8,496,628,"OPTIMAL",3.7961,3.796,17,-133.11453953628802,-133.1146,4.542229926318343e-7
nlpmodel,truss8,496,628,"OPTIMAL",3.4992,3.4991,17,-133.11453953628802,-133.1146,4.542229926318343e-7
nlpmodel,truss8,496,628,"OPTIMAL",3.5083,3.5082,17,-133.11453953628802,-133.1146,4.542229926318343e-7
nlpmodel,truss8,496,628,"OPTIMAL",3.541,3.5409,17,-133.11453953628802,-133.1146,4.542229926318343e-7
nlpmodel,truss8,496,628,"OPTIMAL",3.8908,3.8907,17,-133.11453953628802,-133.1146,4.542229926318343e-7
nlpmodel,truss8,496,628,"OPTIMAL",3.4727,3.4726,17,-133.11453953628802,-133.1146,4.542229926318343e-7
nlpmodel,truss8,496,628,"OPTIMAL",3.501,3.501,17,-133.11453953628802,-133.1146,4.542229926318343e-7
nlpmodel,truss8,496,628,"OPTIMAL",3.5197,3.5196,17,-133.11453953628802,-133.1146,4.542229926318343e-7
nlpmodel,truss8,496,628,"OPTIMAL",3.5198,3.5197,17,-133.11453953628802,-133.1146,4.542229926318343e-7
nlpmodel,truss8,496,628,"OPTIMAL",3.5242,3.5241,17,-133.11453953628802,-133.1146,4.542229926318343e-7
nlpmodel,truss8,496,628,"OPTIMAL",3.8616,3.8615,17,-133.11453953628802,-133.1146,4.542229926318343e-7
nlpmodel,truss8,496,628,"OPTIMAL",3.5167,3.5166,17,-133.11453953628802,-133.1146,4.542229926318343e-7
nlpmodel,truss8,496,628,"OPTIMAL",3.517,3.5169,17,-133.11453953628802,-133.1146,4.542229926318343e-7
nlpmodel,truss8,496,628,"OPTIMAL",3.516,3.5159,17,-133.11453953628802,-133.1146,4.542229926318343e-7
nlpmodel,truss8,496,628,"OPTIMAL",3.9105,3.9104,17,-133.11453953628802,-133.1146,4.542229926318343e-7
nlpmodel,truss8,496,628,"OPTIMAL",3.4871,3.487,17,-133.11453953628802,-133.1146,4.542229926318343e-7
nlpmodel,truss8,496,628,"OPTIMAL",3.5018,3.5017,17,-133.11453953628802,-133.1146,4.542229926318343e-7
nlpmodel,truss8,496,628,"OPTIMAL",3.5361,3.536,17,-133.11453953628802,-133.1146,4.542229926318343e-7
nlpmodel,truss8,496,628,"OPTIMAL",3.5305,3.5304,17,-133.11453953628802,-133.1146,4.542229926318343e-7
nlpmodel,truss8,496,628,"OPTIMAL",3.8762,3.8761,17,-133.11453953628802,-133.1146,4.542229926318343e-7
nlpmodel,truss8,496,628,"OPTIMAL",3.5032,3.5031,17,-133.11453953628802,-133.1146,4.542229926318343e-7
nlpmodel,truss8,496,628,"OPTIMAL",3.5293,3.5292,17,-133.11453953628802,-133.1146,4.542229926318343e-7
nlpmodel,truss8,496,628,"OPTIMAL",3.5191,3.5189,17,-133.11453953628802,-133.1146,4.542229926318343e-7
nlpmodel,truss8,496,628,"OPTIMAL",3.6004,3.6003,17,-133.11453953628802,-133.1146,4.542229926318343e-7
nlpmodel,truss8,496,628,"OPTIMAL",3.4621,3.462,17,-133.11453953628802,-133.1146,4.542229926318343e-7
nlpmodel,truss8,496,628,"OPTIMAL",3.5194,3.5193,17,-133.11453953628802,-133.1146,4.542229926318343e-7
nlpmodel,truss8,496,628,"OPTIMAL",3.5187,3.5186,17,-133.11453953628802,-133.1146,4.542229926318343e-7
nlpmodel,truss8,496,628,"OPTIMAL",3.5262,3.5262,17,-133.11453953628802,-133.1146,4.542229926318343e-7
nlpmodel,truss8,496,628,"OPTIMAL",3.8896,3.8895,17,-133.11453953628802,-133.1146,4.542229926318343e-7
nlpmodel,maxG11,800,800,"OPTIMAL",22.397,22.397,13,629.1647851961515,629.1648,2.3529365529788452e-8
nlpmodel,maxG11,800,800,"OPTIMAL",22.557,22.557,13,629.1647851961515,629.1648,2.3529365529788452e-8
nlpmodel,maxG11,800,800,"OPTIMAL",23.836,23.836,13,629.1647851961515,629.1648,2.3529365529788452e-8
nlpmodel,maxG11,800,800,"OPTIMAL",21.81,21.81,13,629.1647851961515,629.1648,2.3529365529788452e-8
nlpmodel,maxG11,800,800,"OPTIMAL",22.295,22.294,13,629.1647851961515,629.1648,2.3529365529788452e-8
nlpmodel,maxG11,800,800,"OPTIMAL",24.048,24.048,13,629.1647851961515,629.1648,2.3529365529788452e-8
nlpmodel,maxG11,800,800,"OPTIMAL",24.548,24.548,13,629.1647851961515,629.1648,2.3529365529788452e-8
nlpmodel,maxG11,800,800,"OPTIMAL",22.33,22.33,13,629.1647851961515,629.1648,2.3529365529788452e-8
nlpmodel,maxG11,800,800,"OPTIMAL",22.102,22.102,13,629.1647851961515,629.1648,2.3529365529788452e-8
nlpmodel,maxG11,800,800,"OPTIMAL",23.806,23.806,13,629.1647851961515,629.1648,2.3529365529788452e-8
nlpmodel,maxG11,800,800,"OPTIMAL",24.229,24.229,13,629.1647851961515,629.1648,2.3529365529788452e-8
nlpmodel,maxG11,800,800,"OPTIMAL",23.665,23.665,13,629.1647851961515,629.1648,2.3529365529788452e-8
nlpmodel,maxG11,800,800,"OPTIMAL",24.054,24.054,13,629.1647851961515,629.1648,2.3529365529788452e-8
nlpmodel,maxG11,800,800,"OPTIMAL",24.72,24.72,13,629.1647851961515,629.1648,2.3529365529788452e-8
nlpmodel,maxG11,800,800,"OPTIMAL",24.197,24.197,13,629.1647851961515,629.1648,2.3529365529788452e-8
nlpmodel,maxG11,800,800,"OPTIMAL",24.044,24.044,13,629.1647851961515,629.1648,2.3529365529788452e-8
nlpmodel,maxG11,800,800,"OPTIMAL",23.971,23.971,13,629.1647851961515,629.1648,2.3529365529788452e-8
nlpmodel,equalG11,801,801,"OPTIMAL",26.325,26.325,13,629.1553023836166,629.1553,3.788598079073883e-9
nlpmodel,equalG11,801,801,"OPTIMAL",28.128,28.128,13,629.1553023836166,629.1553,3.788598079073883e-9
nlpmodel,equalG11,801,801,"OPTIMAL",27.647,27.647,13,629.1553023836166,629.1553,3.788598079073883e-9
nlpmodel,equalG11,801,801,"OPTIMAL",28.306,28.306,13,629.1553023836166,629.1553,3.788598079073883e-9
nlpmodel,equalG11,801,801,"OPTIMAL",28.533,28.533,13,629.1553023836166,629.1553,3.788598079073883e-9
nlpmodel,equalG11,801,801,"OPTIMAL",27.594,27.594,13,629.1553023836166,629.1553,3.788598079073883e-9
nlpmodel,equalG11,801,801,"OPTIMAL",27.662,27.662,13,629.1553023836166,629.1553,3.788598079073883e-9
nlpmodel,equalG11,801,801,"OPTIMAL",27.621,27.621,13,629.1553023836166,629.1553,3.788598079073883e-9
nlpmodel,equalG11,801,801,"OPTIMAL",28.166,28.166,13,629.1553023836166,629.1553,3.788598079073883e-9
nlpmodel,equalG11,801,801,"OPTIMAL",21.542,21.542,13,629.1553023836166,629.1553,3.788598079073883e-9
nlpmodel,equalG11,801,801,"OPTIMAL",26.975,26.975,13,629.1553023836166,629.1553,3.788598079073883e-9
nlpmodel,equalG11,801,801,"OPTIMAL",27.434,27.434,13,629.1553023836166,629.1553,3.788598079073883e-9
nlpmodel,equalG11,801,801,"OPTIMAL",26.517,26.516,13,629.1553023836166,629.1553,3.788598079073883e-9
nlpmodel,equalG11,801,801,"OPTIMAL",27.141,27.141,13,629.1553023836166,629.1553,3.788598079073883e-9
nlpmodel,thetaG11,2401,801,"TIMEOUT",500.0,NaN,-1,NaN,400.0,NaN
nlpmodel,maxG51,1000,1000,"OPTIMAL",45.948,45.948,14,4006.25552836665,4003.809,0.0006110502190913702
nlpmodel,maxG51,1000,1000,"OPTIMAL",44.414,44.414,14,4006.25552836665,4003.809,0.0006110502190913702
nlpmodel,maxG51,1000,1000,"OPTIMAL",44.396,44.396,14,4006.25552836665,4003.809,0.0006110502190913702
nlpmodel,maxG51,1000,1000,"OPTIMAL",45.909,45.909,14,4006.25552836665,4003.809,0.0006110502190913702
nlpmodel,maxG51,1000,1000,"OPTIMAL",45.629,45.629,14,4006.25552836665,4003.809,0.0006110502190913702
nlpmodel,maxG51,1000,1000,"OPTIMAL",45.174,45.173,14,4006.25552836665,4003.809,0.0006110502190913702
nlpmodel,maxG51,1000,1000,"OPTIMAL",46.27,46.27,14,4006.25552836665,4003.809,0.0006110502190913702
nlpmodel,maxG51,1000,1000,"OPTIMAL",45.561,45.56,14,4006.25552836665,4003.809,0.0006110502190913702
nlpmodel,truss1,6,13,"OPTIMAL",0.0023404,0.0022709,11,-8.999996330813893,-8.999996,3.6757115626718404e-8
nlpmodel,truss1,6,13,"OPTIMAL",0.0022793,0.0022571,11,-8.999996330813893,-8.999996,3.6757115626718404e-8
nlpmodel,truss1,6,13,"OPTIMAL",0.0021707,0.0021551,11,-8.999996330813893,-8.999996,3.6757115626718404e-8
nlpmodel,truss1,6,13,"OPTIMAL",0.0021701,0.002156,11,-8.999996330813893,-8.999996,3.6757115626718404e-8
nlpmodel,truss1,6,13,"OPTIMAL",0.0023535,0.0023401,11,-8.999996330813893,-8.999996,3.6757115626718404e-8
nlpmodel,truss1,6,13,"OPTIMAL",0.0022595,0.0022461,11,-8.999996330813893,-8.999996,3.6757115626718404e-8
nlpmodel,truss1,6,13,"OPTIMAL",0.0021908,0.0021791,11,-8.999996330813893,-8.999996,3.6757115626718404e-8
nlpmodel,truss1,6,13,"OPTIMAL",0.0019123,0.0019031,11,-8.999996330813893,-8.999996,3.6757115626718404e-8
nlpmodel,truss1,6,13,"OPTIMAL",0.0016102,0.0016019,11,-8.999996330813893,-8.999996,3.6757115626718404e-8
nlpmodel,truss1,6,13,"OPTIMAL",0.0014332,0.001425,11,-8.999996330813893,-8.999996,3.6757115626718404e-8
nlpmodel,truss1,6,13,"OPTIMAL",0.0013275,0.0013199,11,-8.999996330813893,-8.999996,3.6757115626718404e-8
nlpmodel,truss1,6,13,"OPTIMAL",0.0013282,0.001322,11,-8.999996330813893,-8.999996,3.6757115626718404e-8
nlpmodel,truss1,6,13,"OPTIMAL",0.0011698,0.001163,11,-8.999996330813893,-8.999996,3.6757115626718404e-8
nlpmodel,truss1,6,13,"OPTIMAL",0.0011037,0.0010979,11,-8.999996330813893,-8.999996,3.6757115626718404e-8
nlpmodel,truss1,6,13,"OPTIMAL",0.0010526,0.0010459,11,-8.999996330813893,-8.999996,3.6757115626718404e-8
nlpmodel,truss1,6,13,"OPTIMAL",0.00098284,0.00097799,11,-8.999996330813893,-8.999996,3.6757115626718404e-8
nlpmodel,truss1,6,13,"OPTIMAL",0.00091066,0.00090694,11,-8.999996330813893,-8.999996,3.6757115626718404e-8
nlpmodel,truss1,6,13,"OPTIMAL",0.00094479,0.0009408,11,-8.999996330813893,-8.999996,3.6757115626718404e-8
nlpmodel,truss1,6,13,"OPTIMAL",0.00089223,0.00088811,11,-8.999996330813893,-8.999996,3.6757115626718404e-8
nlpmodel,truss1,6,13,"OPTIMAL",0.00095616,0.00095296,11,-8.999996330813893,-8.999996,3.6757115626718404e-8
nlpmodel,truss1,6,13,"OPTIMAL",0.00090957,0.00090408,11,-8.999996330813893,-8.999996,3.6757115626718404e-8
nlpmodel,truss1,6,13,"OPTIMAL",0.00089883,0.00089312,11,-8.999996330813893,-8.999996,3.6757115626718404e-8
nlpmodel,truss1,6,13,"OPTIMAL",0.00090507,0.00090098,11,-8.999996330813893,-8.999996,3.6757115626718404e-8
nlpmodel,truss1,6,13,"OPTIMAL",0.0015569,0.0015531,11,-8.999996330813893,-8.999996,3.6757115626718404e-8
nlpmodel,truss1,6,13,"OPTIMAL",0.00096244,0.00094795,11,-8.999996330813893,-8.999996,3.6757115626718404e-8
nlpmodel,truss1,6,13,"OPTIMAL",0.00098077,0.00097394,11,-8.999996330813893,-8.999996,3.6757115626718404e-8
nlpmodel,truss1,6,13,"OPTIMAL",0.00097142,0.00096583,11,-8.999996330813893,-8.999996,3.6757115626718404e-8
nlpmodel,truss1,6,13,"OPTIMAL",0.00095082,0.00094581,11,-8.999996330813893,-8.999996,3.6757115626718404e-8
nlpmodel,truss1,6,13,"OPTIMAL",0.00097558,0.00097084,11,-8.999996330813893,-8.999996,3.6757115626718404e-8
nlpmodel,truss1,6,13,"OPTIMAL",0.00095895,0.0009551,11,-8.999996330813893,-8.999996,3.6757115626718404e-8
nlpmodel,truss1,6,13,"OPTIMAL",0.00098643,0.00098205,11,-8.999996330813893,-8.999996,3.6757115626718404e-8
nlpmodel,truss1,6,13,"OPTIMAL",0.0015047,0.0014989,11,-8.999996330813893,-8.999996,3.6757115626718404e-8
nlpmodel,hinf1,13,14,"DUAL_INFEASIBLE",0.005424,0.0053582,23,2.0326504449612215,2.0326,2.4817948057428732e-5
nlpmodel,hinf1,13,14,"DUAL_INFEASIBLE",0.076579,0.07652,23,2.0326504449612215,2.0326,2.4817948057428732e-5
nlpmodel,hinf1,13,14,"DUAL_INFEASIBLE",0.0047295,0.004667,23,2.0326504449612215,2.0326,2.4817948057428732e-5
nlpmodel,hinf1,13,14,"DUAL_INFEASIBLE",0.0041614,0.004138,23,2.0326504449612215,2.0326,2.4817948057428732e-5
nlpmodel,hinf1,13,14,"DUAL_INFEASIBLE",0.0040058,0.003988,23,2.0326504449612215,2.0326,2.4817948057428732e-5
nlpmodel,hinf1,13,14,"DUAL_INFEASIBLE",0.0040161,0.0039999,23,2.0326504449612215,2.0326,2.4817948057428732e-5
nlpmodel,hinf1,13,14,"DUAL_INFEASIBLE",0.0039588,0.003943,23,2.0326504449612215,2.0326,2.4817948057428732e-5
nlpmodel,hinf1,13,14,"DUAL_INFEASIBLE",0.0038237,0.0038109,23,2.0326504449612215,2.0326,2.4817948057428732e-5
nlpmodel,hinf1,13,14,"DUAL_INFEASIBLE",0.0036129,0.0036011,23,2.0326504449612215,2.0326,2.4817948057428732e-5
nlpmodel,hinf1,13,14,"DUAL_INFEASIBLE",0.0035041,0.00349,23,2.0326504449612215,2.0326,2.4817948057428732e-5
nlpmodel,hinf1,13,14,"DUAL_INFEASIBLE",0.0034486,0.003437,23,2.0326504449612215,2.0326,2.4817948057428732e-5
nlpmodel,hinf1,13,14,"DUAL_INFEASIBLE",0.0033533,0.0033419,23,2.0326504449612215,2.0326,2.4817948057428732e-5
nlpmodel,hinf1,13,14,"DUAL_INFEASIBLE",0.0033341,0.003324,23,2.0326504449612215,2.0326,2.4817948057428732e-5
nlpmodel,hinf1,13,14,"DUAL_INFEASIBLE",0.003359,0.0033479,23,2.0326504449612215,2.0326,2.4817948057428732e-5
nlpmodel,hinf1,13,14,"DUAL_INFEASIBLE",0.0034296,0.0034189,23,2.0326504449612215,2.0326,2.4817948057428732e-5
nlpmodel,hinf1,13,14,"DUAL_INFEASIBLE",0.0034409,0.003428,23,2.0326504449612215,2.0326,2.4817948057428732e-5
nlpmodel,hinf1,13,14,"DUAL_INFEASIBLE",0.0034207,0.0034089,23,2.0326504449612215,2.0326,2.4817948057428732e-5
nlpmodel,hinf1,13,14,"DUAL_INFEASIBLE",0.0056326,0.005615,23,2.0326504449612215,2.0326,2.4817948057428732e-5
nlpmodel,hinf1,13,14,"DUAL_INFEASIBLE",0.0035521,0.003521,23,2.0326504449612215,2.0326,2.4817948057428732e-5
nlpmodel,hinf1,13,14,"DUAL_INFEASIBLE",0.0034847,0.003468,23,2.0326504449612215,2.0326,2.4817948057428732e-5
nlpmodel,hinf1,13,14,"DUAL_INFEASIBLE",0.0034358,0.0034211,23,2.0326504449612215,2.0326,2.4817948057428732e-5
nlpmodel,hinf1,13,14,"DUAL_INFEASIBLE",0.0033708,0.0033569,23,2.0326504449612215,2.0326,2.4817948057428732e-5
nlpmodel,hinf1,13,14,"DUAL_INFEASIBLE",0.0032897,0.0032771,23,2.0326504449612215,2.0326,2.4817948057428732e-5
nlpmodel,hinf1,13,14,"DUAL_INFEASIBLE",0.0033334,0.0033209,23,2.0326504449612215,2.0326,2.4817948057428732e-5
nlpmodel,hinf1,13,14,"DUAL_INFEASIBLE",0.0034642,0.0034521,23,2.0326504449612215,2.0326,2.4817948057428732e-5
nlpmodel,hinf1,13,14,"DUAL_INFEASIBLE",0.0034342,0.003423,23,2.0326504449612215,2.0326,2.4817948057428732e-5
nlpmodel,hinf1,13,14,"DUAL_INFEASIBLE",0.0034028,0.003391,23,2.0326504449612215,2.0326,2.4817948057428732e-5
nlpmodel,hinf1,13,14,"DUAL_INFEASIBLE",0.0034491,0.003438,23,2.0326504449612215,2.0326,2.4817948057428732e-5
nlpmodel,hinf1,13,14,"DUAL_INFEASIBLE",0.0034372,0.0034261,23,2.0326504449612215,2.0326,2.4817948057428732e-5
nlpmodel,hinf1,13,14,"DUAL_INFEASIBLE",0.0033762,0.003366,23,2.0326504449612215,2.0326,2.4817948057428732e-5
nlpmodel,hinf1,13,14,"DUAL_INFEASIBLE",0.0034304,0.0034182,23,2.0326504449612215,2.0326,2.4817948057428732e-5
nlpmodel,hinf1,13,14,"DUAL_INFEASIBLE",0.0033168,0.0033052,23,2.0326504449612215,2.0326,2.4817948057428732e-5
nlpmodel,control1,21,15,"OPTIMAL",0.0058474,0.0058138,24,17.784627919832833,17.78463,1.1696432073124062e-7
nlpmodel,control1,21,15,"OPTIMAL",0.0050403,0.0050161,24,17.784627919832833,17.78463,1.1696432073124062e-7
nlpmodel,control1,21,15,"OPTIMAL",0.0036321,0.003617,24,17.784627919832833,17.78463,1.1696432073124062e-7
nlpmodel,control1,21,15,"OPTIMAL",0.0029383,0.002928,24,17.784627919832833,17.78463,1.1696432073124062e-7
nlpmodel,control1,21,15,"OPTIMAL",0.0025123,0.0025032,24,17.784627919832833,17.78463,1.1696432073124062e-7
nlpmodel,control1,21,15,"OPTIMAL",0.0022331,0.0022249,24,17.784627919832833,17.78463,1.1696432073124062e-7
nlpmodel,control1,21,15,"OPTIMAL",0.002304,0.0022972,24,17.784627919832833,17.78463,1.1696432073124062e-7
nlpmodel,control1,21,15,"OPTIMAL",0.0026966,0.0026889,24,17.784627919832833,17.78463,1.1696432073124062e-7
nlpmodel,control1,21,15,"OPTIMAL",0.0027024,0.0026941,24,17.784627919832833,17.78463,1.1696432073124062e-7
nlpmodel,control1,21,15,"OPTIMAL",0.0026224,0.002614,24,17.784627919832833,17.78463,1.1696432073124062e-7
nlpmodel,control1,21,15,"OPTIMAL",0.0030177,0.00301,24,17.784627919832833,17.78463,1.1696432073124062e-7
nlpmodel,control1,21,15,"OPTIMAL",0.0026787,0.0026691,24,17.784627919832833,17.78463,1.1696432073124062e-7
nlpmodel,control1,21,15,"OPTIMAL",0.0026671,0.0026588,24,17.784627919832833,17.78463,1.1696432073124062e-7
nlpmodel,control1,21,15,"OPTIMAL",0.0031515,0.003144,24,17.784627919832833,17.78463,1.1696432073124062e-7
nlpmodel,control1,21,15,"OPTIMAL",0.0027687,0.0027599,24,17.784627919832833,17.78463,1.1696432073124062e-7
nlpmodel,control1,21,15,"OPTIMAL",0.0026932,0.002686,24,17.784627919832833,17.78463,1.1696432073124062e-7
nlpmodel,control1,21,15,"OPTIMAL",0.019101,0.019092,24,17.784627919832833,17.78463,1.1696432073124062e-7
nlpmodel,control1,21,15,"OPTIMAL",0.0023198,0.0022869,24,17.784627919832833,17.78463,1.1696432073124062e-7
nlpmodel,control1,21,15,"OPTIMAL",0.0022012,0.0021911,24,17.784627919832833,17.78463,1.1696432073124062e-7
nlpmodel,control1,21,15,"OPTIMAL",0.0021722,0.0021641,24,17.784627919832833,17.78463,1.1696432073124062e-7
nlpmodel,control1,21,15,"OPTIMAL",0.0021736,0.002167,24,17.784627919832833,17.78463,1.1696432073124062e-7
nlpmodel,control1,21,15,"OPTIMAL",0.0021738,0.0021658,24,17.784627919832833,17.78463,1.1696432073124062e-7
nlpmodel,control1,21,15,"OPTIMAL",0.0021816,0.0021751,24,17.784627919832833,17.78463,1.1696432073124062e-7
nlpmodel,control1,21,15,"OPTIMAL",0.0021643,0.0021582,24,17.784627919832833,17.78463,1.1696432073124062e-7
nlpmodel,control1,21,15,"OPTIMAL",0.0022063,0.0022001,24,17.784627919832833,17.78463,1.1696432073124062e-7
nlpmodel,control1,21,15,"OPTIMAL",0.0021604,0.0021532,24,17.784627919832833,17.78463,1.1696432073124062e-7
nlpmodel,control1,21,15,"OPTIMAL",0.0021531,0.002147,24,17.784627919832833,17.78463,1.1696432073124062e-7
nlpmodel,control1,21,15,"OPTIMAL",0.002167,0.002161,24,17.784627919832833,17.78463,1.1696432073124062e-7
nlpmodel,control1,21,15,"OPTIMAL",0.0021656,0.0021601,24,17.784627919832833,17.78463,1.1696432073124062e-7
nlpmodel,control1,21,15,"OPTIMAL",0.0021669,0.002161,24,17.784627919832833,17.78463,1.1696432073124062e-7
nlpmodel,control1,21,15,"OPTIMAL",0.0021738,0.002167,24,17.784627919832833,17.78463,1.1696432073124062e-7
nlpmodel,control1,21,15,"OPTIMAL",0.0021741,0.002167,24,17.784627919832833,17.78463,1.1696432073124062e-7
nlpmodel,hinf2,13,16,"DUAL_INFEASIBLE",0.0050956,0.0050609,24,10.967141412779547,10.967,1.2894390402727489e-5
nlpmodel,hinf2,13,16,"DUAL_INFEASIBLE",0.0051367,0.0051131,24,10.967141412779547,10.967,1.2894390402727489e-5
nlpmodel,hinf2,13,16,"DUAL_INFEASIBLE",0.0039823,0.003963,24,10.967141412779547,10.967,1.2894390402727489e-5
nlpmodel,hinf2,13,16,"DUAL_INFEASIBLE",0.0029221,0.002913,24,10.967141412779547,10.967,1.2894390402727489e-5
nlpmodel,hinf2,13,16,"DUAL_INFEASIBLE",0.0021983,0.0021908,24,10.967141412779547,10.967,1.2894390402727489e-5
nlpmodel,hinf2,13,16,"DUAL_INFEASIBLE",0.0020514,0.0020461,24,10.967141412779547,10.967,1.2894390402727489e-5
nlpmodel,hinf2,13,16,"DUAL_INFEASIBLE",0.0019614,0.001956,24,10.967141412779547,10.967,1.2894390402727489e-5
nlpmodel,hinf2,13,16,"DUAL_INFEASIBLE",0.0018929,0.0018868,24,10.967141412779547,10.967,1.2894390402727489e-5
nlpmodel,hinf2,13,16,"DUAL_INFEASIBLE",0.001886,0.0018809,24,10.967141412779547,10.967,1.2894390402727489e-5
nlpmodel,hinf2,13,16,"DUAL_INFEASIBLE",0.0018729,0.0018668,24,10.967141412779547,10.967,1.2894390402727489e-5
nlpmodel,hinf2,13,16,"DUAL_INFEASIBLE",0.0022781,0.0022731,24,10.967141412779547,10.967,1.2894390402727489e-5
nlpmodel,hinf2,13,16,"DUAL_INFEASIBLE",0.0023382,0.002332,24,10.967141412779547,10.967,1.2894390402727489e-5
nlpmodel,hinf2,13,16,"DUAL_INFEASIBLE",0.0023301,0.0023232,24,10.967141412779547,10.967,1.2894390402727489e-5
nlpmodel,hinf2,13,16,"DUAL_INFEASIBLE",0.002747,0.002738,24,10.967141412779547,10.967,1.2894390402727489e-5
nlpmodel,hinf2,13,16,"DUAL_INFEASIBLE",0.0096438,0.0096278,24,10.967141412779547,10.967,1.2894390402727489e-5
nlpmodel,hinf2,13,16,"DUAL_INFEASIBLE",0.0019432,0.0019238,24,10.967141412779547,10.967,1.2894390402727489e-5
nlpmodel,hinf2,13,16,"DUAL_INFEASIBLE",0.0018832,0.001874,24,10.967141412779547,10.967,1.2894390402727489e-5
nlpmodel,hinf2,13,16,"DUAL_INFEASIBLE",0.0019243,0.001915,24,10.967141412779547,10.967,1.2894390402727489e-5
nlpmodel,hinf2,13,16,"DUAL_INFEASIBLE",0.0019142,0.0019081,24,10.967141412779547,10.967,1.2894390402727489e-5
nlpmodel,hinf2,13,16,"DUAL_INFEASIBLE",0.0018907,0.001883,24,10.967141412779547,10.967,1.2894390402727489e-5
nlpmodel,hinf2,13,16,"DUAL_INFEASIBLE",0.0018852,0.0018759,24,10.967141412779547,10.967,1.2894390402727489e-5
nlpmodel,hinf2,13,16,"DUAL_INFEASIBLE",0.0018888,0.0018828,24,10.967141412779547,10.967,1.2894390402727489e-5
nlpmodel,hinf2,13,16,"DUAL_INFEASIBLE",0.0018873,0.0018811,24,10.967141412779547,10.967,1.2894390402727489e-5
nlpmodel,hinf2,13,16,"DUAL_INFEASIBLE",0.001903,0.0018961,24,10.967141412779547,10.967,1.2894390402727489e-5
nlpmodel,hinf2,13,16,"DUAL_INFEASIBLE",0.0020271,0.0020201,24,10.967141412779547,10.967,1.2894390402727489e-5
nlpmodel,hinf2,13,16,"DUAL_INFEASIBLE",0.0019341,0.0019269,24,10.967141412779547,10.967,1.2894390402727489e-5
nlpmodel,hinf2,13,16,"DUAL_INFEASIBLE",0.0018774,0.0018709,24,10.967141412779547,10.967,1.2894390402727489e-5
nlpmodel,hinf2,13,16,"DUAL_INFEASIBLE",0.0019182,0.0019119,24,10.967141412779547,10.967,1.2894390402727489e-5
nlpmodel,hinf2,13,16,"DUAL_INFEASIBLE",0.0018956,0.001889,24,10.967141412779547,10.967,1.2894390402727489e-5
nlpmodel,hinf2,13,16,"DUAL_INFEASIBLE",0.0022751,0.0022681,24,10.967141412779547,10.967,1.2894390402727489e-5
nlpmodel,hinf2,13,16,"DUAL_INFEASIBLE",0.0019387,0.001924,24,10.967141412779547,10.967,1.2894390402727489e-5
nlpmodel,hinf2,13,16,"DUAL_INFEASIBLE",0.0018911,0.0018821,24,10.967141412779547,10.967,1.2894390402727489e-5
nlpmodel,hinf3,13,16,"DUAL_INFEASIBLE",0.0062519,0.006222,29,56.948495040287504,56.9,0.0008522854180580972
nlpmodel,hinf3,13,16,"DUAL_INFEASIBLE",0.0059254,0.0059009,29,56.948495040287504,56.9,0.0008522854180580972
nlpmodel,hinf3,13,16,"DUAL_INFEASIBLE",0.0043663,0.0043499,29,56.948495040287504,56.9,0.0008522854180580972
nlpmodel,hinf3,13,16,"DUAL_INFEASIBLE",0.0030729,0.003063,29,56.948495040287504,56.9,0.0008522854180580972
nlpmodel,hinf3,13,16,"DUAL_INFEASIBLE",0.0024317,0.002424,29,56.948495040287504,56.9,0.0008522854180580972
nlpmodel,hinf3,13,16,"DUAL_INFEASIBLE",0.0022731,0.0022659,29,56.948495040287504,56.9,0.0008522854180580972
nlpmodel,hinf3,13,16,"DUAL_INFEASIBLE",0.0022648,0.002259,29,56.948495040287504,56.9,0.0008522854180580972
nlpmodel,hinf3,13,16,"DUAL_INFEASIBLE",0.002381,0.0023749,29,56.948495040287504,56.9,0.0008522854180580972
nlpmodel,hinf3,13,16,"DUAL_INFEASIBLE",0.0028765,0.0028701,29,56.948495040287504,56.9,0.0008522854180580972
nlpmodel,hinf3,13,16,"DUAL_INFEASIBLE",0.0085542,0.0085461,29,56.948495040287504,56.9,0.0008522854180580972
nlpmodel,hinf3,13,16,"DUAL_INFEASIBLE",0.0022962,0.002275,29,56.948495040287504,56.9,0.0008522854180580972
nlpmodel,hinf3,13,16,"DUAL_INFEASIBLE",0.0022739,0.002265,29,56.948495040287504,56.9,0.0008522854180580972
nlpmodel,hinf3,13,16,"DUAL_INFEASIBLE",0.0022682,0.00226,29,56.948495040287504,56.9,0.0008522854180580972
nlpmodel,hinf3,13,16,"DUAL_INFEASIBLE",0.0022742,0.0022669,29,56.948495040287504,56.9,0.0008522854180580972
nlpmodel,hinf3,13,16,"DUAL_INFEASIBLE",0.0022713,0.002265,29,56.948495040287504,56.9,0.0008522854180580972
nlpmodel,hinf3,13,16,"DUAL_INFEASIBLE",0.0022602,0.002254,29,56.948495040287504,56.9,0.0008522854180580972
nlpmodel,hinf3,13,16,"DUAL_INFEASIBLE",0.0022596,0.0022531,29,56.948495040287504,56.9,0.0008522854180580972
nlpmodel,hinf3,13,16,"DUAL_INFEASIBLE",0.0022752,0.0022688,29,56.948495040287504,56.9,0.0008522854180580972
nlpmodel,hinf3,13,16,"DUAL_INFEASIBLE",0.0022609,0.002255,29,56.948495040287504,56.9,0.0008522854180580972
nlpmodel,hinf3,13,16,"DUAL_INFEASIBLE",0.002247,0.0022409,29,56.948495040287504,56.9,0.0008522854180580972
nlpmodel,hinf3,13,16,"DUAL_INFEASIBLE",0.0022581,0.0022519,29,56.948495040287504,56.9,0.0008522854180580972
nlpmodel,hinf3,13,16,"DUAL_INFEASIBLE",0.0023187,0.0023129,29,56.948495040287504,56.9,0.0008522854180580972
nlpmodel,hinf3,13,16,"DUAL_INFEASIBLE",0.0023008,0.0022938,29,56.948495040287504,56.9,0.0008522854180580972
nlpmodel,hinf3,13,16,"DUAL_INFEASIBLE",0.0022596,0.002254,29,56.948495040287504,56.9,0.0008522854180580972
nlpmodel,hinf3,13,16,"DUAL_INFEASIBLE",0.0022746,0.0022681,29,56.948495040287504,56.9,0.0008522854180580972
nlpmodel,hinf3,13,16,"DUAL_INFEASIBLE",0.0022757,0.0022702,29,56.948495040287504,56.9,0.0008522854180580972
nlpmodel,hinf3,13,16,"DUAL_INFEASIBLE",0.0022694,0.0022631,29,56.948495040287504,56.9,0.0008522854180580972
nlpmodel,hinf3,13,16,"DUAL_INFEASIBLE",0.0022618,0.0022562,29,56.948495040287504,56.9,0.0008522854180580972
nlpmodel,hinf3,13,16,"DUAL_INFEASIBLE",0.0022745,0.002269,29,56.948495040287504,56.9,0.0008522854180580972
nlpmodel,hinf3,13,16,"DUAL_INFEASIBLE",0.0071576,0.0071511,29,56.948495040287504,56.9,0.0008522854180580972
nlpmodel,hinf3,13,16,"DUAL_INFEASIBLE",0.0023381,0.0023229,29,56.948495040287504,56.9,0.0008522854180580972
nlpmodel,hinf3,13,16,"DUAL_INFEASIBLE",0.0022748,0.0022659,29,56.948495040287504,56.9,0.0008522854180580972
nlpmodel,hinf4,13,16,"DUAL_INFEASIBLE",0.0067644,0.006726,32,274.7642980515421,274.764,1.084754706127869e-6
nlpmodel,hinf4,13,16,"DUAL_INFEASIBLE",0.0055147,0.005492,32,274.7642980515421,274.764,1.084754706127869e-6
nlpmodel,hinf4,13,16,"DUAL_INFEASIBLE",0.0036904,0.003679,32,274.7642980515421,274.764,1.084754706127869e-6
nlpmodel,hinf4,13,16,"DUAL_INFEASIBLE",0.0027556,0.002748,32,274.7642980515421,274.764,1.084754706127869e-6
nlpmodel,hinf4,13,16,"DUAL_INFEASIBLE",0.0025105,0.0025041,32,274.7642980515421,274.764,1.084754706127869e-6
nlpmodel,hinf4,13,16,"DUAL_INFEASIBLE",0.002628,0.0026209,32,274.7642980515421,274.764,1.084754706127869e-6
nlpmodel,hinf4,13,16,"DUAL_INFEASIBLE",0.0026379,0.0026309,32,274.7642980515421,274.764,1.084754706127869e-6
nlpmodel,hinf4,13,16,"DUAL_INFEASIBLE",0.0024933,0.002486,32,274.7642980515421,274.764,1.084754706127869e-6
nlpmodel,hinf4,13,16,"DUAL_INFEASIBLE",0.0024992,0.0024931,32,274.7642980515421,274.764,1.084754706127869e-6
nlpmodel,hinf4,13,16,"DUAL_INFEASIBLE",0.0025034,0.0024981,32,274.7642980515421,274.764,1.084754706127869e-6
nlpmodel,hinf4,13,16,"DUAL_INFEASIBLE",0.0025761,0.002569,32,274.7642980515421,274.764,1.084754706127869e-6
nlpmodel,hinf4,13,16,"DUAL_INFEASIBLE",0.0026382,0.0026319,32,274.7642980515421,274.764,1.084754706127869e-6
nlpmodel,hinf4,13,16,"DUAL_INFEASIBLE",0.002539,0.002532,32,274.7642980515421,274.764,1.084754706127869e-6
nlpmodel,hinf4,13,16,"DUAL_INFEASIBLE",0.0075872,0.00758,32,274.7642980515421,274.764,1.084754706127869e-6
nlpmodel,hinf4,13,16,"DUAL_INFEASIBLE",0.0025299,0.002507,32,274.7642980515421,274.764,1.084754706127869e-6
nlpmodel,hinf4,13,16,"DUAL_INFEASIBLE",0.002521,0.002511,32,274.7642980515421,274.764,1.084754706127869e-6
nlpmodel,hinf4,13,16,"DUAL_INFEASIBLE",0.0026816,0.0026741,32,274.7642980515421,274.764,1.084754706127869e-6
nlpmodel,hinf4,13,16,"DUAL_INFEASIBLE",0.0025577,0.0025499,32,274.7642980515421,274.764,1.084754706127869e-6
nlpmodel,hinf4,13,16,"DUAL_INFEASIBLE",0.0026006,0.002594,32,274.7642980515421,274.764,1.084754706127869e-6
nlpmodel,hinf4,13,16,"DUAL_INFEASIBLE",0.0025731,0.002564,32,274.7642980515421,274.764,1.084754706127869e-6
nlpmodel,hinf4,13,16,"DUAL_INFEASIBLE",0.002533,0.0025251,32,274.7642980515421,274.764,1.084754706127869e-6
nlpmodel,hinf4,13,16,"DUAL_INFEASIBLE",0.0025342,0.002527,32,274.7642980515421,274.764,1.084754706127869e-6
nlpmodel,hinf4,13,16,"DUAL_INFEASIBLE",0.0026084,0.0026009,32,274.7642980515421,274.764,1.084754706127869e-6
nlpmodel,hinf4,13,16,"DUAL_INFEASIBLE",0.0025944,0.0025871,32,274.7642980515421,274.764,1.084754706127869e-6
nlpmodel,hinf4,13,16,"DUAL_INFEASIBLE",0.0026225,0.0026131,32,274.7642980515421,274.764,1.084754706127869e-6
nlpmodel,hinf4,13,16,"DUAL_INFEASIBLE",0.0025402,0.002533,32,274.7642980515421,274.764,1.084754706127869e-6
nlpmodel,hinf4,13,16,"DUAL_INFEASIBLE",0.0025356,0.0025291,32,274.7642980515421,274.764,1.084754706127869e-6
nlpmodel,hinf4,13,16,"DUAL_INFEASIBLE",0.0075577,0.007551,32,274.7642980515421,274.764,1.084754706127869e-6
nlpmodel,hinf4,13,16,"DUAL_INFEASIBLE",0.0025296,0.0025098,32,274.7642980515421,274.764,1.084754706127869e-6
nlpmodel,hinf4,13,16,"DUAL_INFEASIBLE",0.0025001,0.002491,32,274.7642980515421,274.764,1.084754706127869e-6
nlpmodel,hinf4,13,16,"DUAL_INFEASIBLE",0.0025005,0.0024929,32,274.7642980515421,274.764,1.084754706127869e-6
nlpmodel,hinf4,13,16,"DUAL_INFEASIBLE",0.0024998,0.002492,32,274.7642980515421,274.764,1.084754706127869e-6
nlpmodel,hinf5,13,16,"DUAL_INFEASIBLE",0.006136,0.0061011,29,362.9128090755157,363.0,0.00024019538425420236
nlpmodel,hinf5,13,16,"DUAL_INFEASIBLE",0.0047121,0.004688,29,362.9128090755157,363.0,0.00024019538425420236
nlpmodel,hinf5,13,16,"DUAL_INFEASIBLE",0.0036999,0.0036871,29,362.9128090755157,363.0,0.00024019538425420236
nlpmodel,hinf5,13,16,"DUAL_INFEASIBLE",0.0026278,0.002619,29,362.9128090755157,363.0,0.00024019538425420236
nlpmodel,hinf5,13,16,"DUAL_INFEASIBLE",0.0023296,0.002322,29,362.9128090755157,363.0,0.00024019538425420236
nlpmodel,hinf5,13,16,"DUAL_INFEASIBLE",0.0023556,0.0023479,29,362.9128090755157,363.0,0.00024019538425420236
nlpmodel,hinf5,13,16,"DUAL_INFEASIBLE",0.0023743,0.002367,29,362.9128090755157,363.0,0.00024019538425420236
nlpmodel,hinf5,13,16,"DUAL_INFEASIBLE",0.0023478,0.002341,29,362.9128090755157,363.0,0.00024019538425420236
nlpmodel,hinf5,13,16,"DUAL_INFEASIBLE",0.0023127,0.002306,29,362.9128090755157,363.0,0.00024019538425420236
nlpmodel,hinf5,13,16,"DUAL_INFEASIBLE",0.0023041,0.0022969,29,362.9128090755157,363.0,0.00024019538425420236
nlpmodel,hinf5,13,16,"DUAL_INFEASIBLE",0.0070979,0.0070901,29,362.9128090755157,363.0,0.00024019538425420236
nlpmodel,hinf5,13,16,"DUAL_INFEASIBLE",0.0023216,0.0023019,29,362.9128090755157,363.0,0.00024019538425420236
nlpmodel,hinf5,13,16,"DUAL_INFEASIBLE",0.0022836,0.002274,29,362.9128090755157,363.0,0.00024019538425420236
nlpmodel,hinf5,13,16,"DUAL_INFEASIBLE",0.0023224,0.002315,29,362.9128090755157,363.0,0.00024019538425420236
nlpmodel,hinf5,13,16,"DUAL_INFEASIBLE",0.0023781,0.0023708,29,362.9128090755157,363.0,0.00024019538425420236
nlpmodel,hinf5,13,16,"DUAL_INFEASIBLE",0.0023105,0.0023031,29,362.9128090755157,363.0,0.00024019538425420236
nlpmodel,hinf5,13,16,"DUAL_INFEASIBLE",0.0022982,0.0022912,29,362.9128090755157,363.0,0.00024019538425420236
nlpmodel,hinf5,13,16,"DUAL_INFEASIBLE",0.0023097,0.0023019,29,362.9128090755157,363.0,0.00024019538425420236
nlpmodel,hinf5,13,16,"DUAL_INFEASIBLE",0.0023109,0.0023038,29,362.9128090755157,363.0,0.00024019538425420236
nlpmodel,hinf5,13,16,"DUAL_INFEASIBLE",0.0022989,0.0022919,29,362.9128090755157,363.0,0.00024019538425420236
nlpmodel,hinf5,13,16,"DUAL_INFEASIBLE",0.0023033,0.0022969,29,362.9128090755157,363.0,0.00024019538425420236
nlpmodel,hinf5,13,16,"DUAL_INFEASIBLE",0.0023648,0.002358,29,362.9128090755157,363.0,0.00024019538425420236
nlpmodel,hinf5,13,16,"DUAL_INFEASIBLE",0.0023285,0.002321,29,362.9128090755157,363.0,0.00024019538425420236
nlpmodel,hinf5,13,16,"DUAL_INFEASIBLE",0.0023006,0.0022941,29,362.9128090755157,363.0,0.00024019538425420236
nlpmodel,hinf5,13,16,"DUAL_INFEASIBLE",0.0023017,0.002295,29,362.9128090755157,363.0,0.00024019538425420236
nlpmodel,hinf5,13,16,"DUAL_INFEASIBLE",0.0023102,0.0023041,29,362.9128090755157,363.0,0.00024019538425420236
nlpmodel,hinf5,13,16,"DUAL_INFEASIBLE",0.0024872,0.002481,29,362.9128090755157,363.0,0.00024019538425420236
nlpmodel,hinf5,13,16,"DUAL_INFEASIBLE",0.0073138,0.0073061,29,362.9128090755157,363.0,0.00024019538425420236
nlpmodel,hinf5,13,16,"DUAL_INFEASIBLE",0.0023221,0.0022981,29,362.9128090755157,363.0,0.00024019538425420236
nlpmodel,hinf5,13,16,"DUAL_INFEASIBLE",0.002284,0.0022759,29,362.9128090755157,363.0,0.00024019538425420236
nlpmodel,hinf5,13,16,"DUAL_INFEASIBLE",0.0022839,0.0022769,29,362.9128090755157,363.0,0.00024019538425420236
nlpmodel,hinf5,13,16,"DUAL_INFEASIBLE",0.0022976,0.002291,29,362.9128090755157,363.0,0.00024019538425420236
nlpmodel,hinf6,13,16,"DUAL_INFEASIBLE",0.0065697,0.0065382,31,448.9408899687181,449.0,0.00013164817657433255
nlpmodel,hinf6,13,16,"DUAL_INFEASIBLE",0.0057952,0.0057731,31,448.9408899687181,449.0,0.00013164817657433255
nlpmodel,hinf6,13,16,"DUAL_INFEASIBLE",0.0038478,0.003834,31,448.9408899687181,449.0,0.00013164817657433255
nlpmodel,hinf6,13,16,"DUAL_INFEASIBLE",0.0028408,0.0028322,31,448.9408899687181,449.0,0.00013164817657433255
nlpmodel,hinf6,13,16,"DUAL_INFEASIBLE",0.0024918,0.002485,31,448.9408899687181,449.0,0.00013164817657433255
nlpmodel,hinf6,13,16,"DUAL_INFEASIBLE",0.0024253,0.002418,31,448.9408899687181,449.0,0.00013164817657433255
nlpmodel,hinf6,13,16,"DUAL_INFEASIBLE",0.0024298,0.002423,31,448.9408899687181,449.0,0.00013164817657433255
nlpmodel,hinf6,13,16,"DUAL_INFEASIBLE",0.0024282,0.0024221,31,448.9408899687181,449.0,0.00013164817657433255
nlpmodel,hinf6,13,16,"DUAL_INFEASIBLE",0.0024373,0.0024312,31,448.9408899687181,449.0,0.00013164817657433255
nlpmodel,hinf6,13,16,"DUAL_INFEASIBLE",0.007732,0.007725,31,448.9408899687181,449.0,0.00013164817657433255
nlpmodel,hinf6,13,16,"DUAL_INFEASIBLE",0.0024541,0.0024338,31,448.9408899687181,449.0,0.00013164817657433255
nlpmodel,hinf6,13,16,"DUAL_INFEASIBLE",0.002423,0.002413,31,448.9408899687181,449.0,0.00013164817657433255
nlpmodel,hinf6,13,16,"DUAL_INFEASIBLE",0.0024474,0.002439,31,448.9408899687181,449.0,0.00013164817657433255
nlpmodel,hinf6,13,16,"DUAL_INFEASIBLE",0.0024277,0.0024199,31,448.9408899687181,449.0,0.00013164817657433255
nlpmodel,hinf6,13,16,"DUAL_INFEASIBLE",0.0024471,0.0024412,31,448.9408899687181,449.0,0.00013164817657433255
nlpmodel,hinf6,13,16,"DUAL_INFEASIBLE",0.0024438,0.0024362,31,448.9408899687181,449.0,0.00013164817657433255
nlpmodel,hinf6,13,16,"DUAL_INFEASIBLE",0.0024682,0.00246,31,448.9408899687181,449.0,0.00013164817657433255
nlpmodel,hinf6,13,16,"DUAL_INFEASIBLE",0.0024528,0.002445,31,448.9408899687181,449.0,0.00013164817657433255
nlpmodel,hinf6,13,16,"DUAL_INFEASIBLE",0.0024381,0.00243,31,448.9408899687181,449.0,0.00013164817657433255
nlpmodel,hinf6,13,16,"DUAL_INFEASIBLE",0.0024409,0.002434,31,448.9408899687181,449.0,0.00013164817657433255
nlpmodel,hinf6,13,16,"DUAL_INFEASIBLE",0.0024328,0.0024261,31,448.9408899687181,449.0,0.00013164817657433255
nlpmodel,hinf6,13,16,"DUAL_INFEASIBLE",0.0024772,0.002471,31,448.9408899687181,449.0,0.00013164817657433255
nlpmodel,hinf6,13,16,"DUAL_INFEASIBLE",0.002444,0.0024371,31,448.9408899687181,449.0,0.00013164817657433255
nlpmodel,hinf6,13,16,"DUAL_INFEASIBLE",0.0024361,0.002429,31,448.9408899687181,449.0,0.00013164817657433255
nlpmodel,hinf6,13,16,"DUAL_INFEASIBLE",0.0024649,0.002459,31,448.9408899687181,449.0,0.00013164817657433255
nlpmodel,hinf6,13,16,"DUAL_INFEASIBLE",0.0072611,0.0072529,31,448.9408899687181,449.0,0.00013164817657433255
nlpmodel,hinf6,13,16,"DUAL_INFEASIBLE",0.0024597,0.0024359,31,448.9408899687181,449.0,0.00013164817657433255
nlpmodel,hinf6,13,16,"DUAL_INFEASIBLE",0.0024365,0.0024281,31,448.9408899687181,449.0,0.00013164817657433255
nlpmodel,hinf6,13,16,"DUAL_INFEASIBLE",0.0024495,0.0024419,31,448.9408899687181,449.0,0.00013164817657433255
nlpmodel,hinf6,13,16,"DUAL_INFEASIBLE",0.0024556,0.002449,31,448.9408899687181,449.0,0.00013164817657433255
nlpmodel,hinf6,13,16,"DUAL_INFEASIBLE",0.0024454,0.002439,31,448.9408899687181,449.0,0.00013164817657433255
nlpmodel,hinf6,13,16,"DUAL_INFEASIBLE",0.0024608,0.002454,31,448.9408899687181,449.0,0.00013164817657433255
nlpmodel,hinf7,13,16,"DUAL_INFEASIBLE",0.005649,0.005615,26,390.8121912940862,391.0,0.00048032917113509924
nlpmodel,hinf7,13,16,"DUAL_INFEASIBLE",0.0052088,0.0051851,26,390.8121912940862,391.0,0.00048032917113509924
nlpmodel,hinf7,13,16,"DUAL_INFEASIBLE",0.0042523,0.004235,26,390.8121912940862,391.0,0.00048032917113509924
nlpmodel,hinf7,13,16,"DUAL_INFEASIBLE",0.0029604,0.0029469,26,390.8121912940862,391.0,0.00048032917113509924
nlpmodel,hinf7,13,16,"DUAL_INFEASIBLE",0.0023505,0.002341,26,390.8121912940862,391.0,0.00048032917113509924
nlpmodel,hinf7,13,16,"DUAL_INFEASIBLE",0.002097,0.002089,26,390.8121912940862,391.0,0.00048032917113509924
nlpmodel,hinf7,13,16,"DUAL_INFEASIBLE",0.0022043,0.002197,26,390.8121912940862,391.0,0.00048032917113509924
nlpmodel,hinf7,13,16,"DUAL_INFEASIBLE",0.0021403,0.002131,26,390.8121912940862,391.0,0.00048032917113509924
nlpmodel,hinf7,13,16,"DUAL_INFEASIBLE",0.0071363,0.007129,26,390.8121912940862,391.0,0.00048032917113509924
nlpmodel,hinf7,13,16,"DUAL_INFEASIBLE",0.002089,0.0020678,26,390.8121912940862,391.0,0.00048032917113509924
nlpmodel,hinf7,13,16,"DUAL_INFEASIBLE",0.0020669,0.002058,26,390.8121912940862,391.0,0.00048032917113509924
nlpmodel,hinf7,13,16,"DUAL_INFEASIBLE",0.002053,0.0020461,26,390.8121912940862,391.0,0.00048032917113509924
nlpmodel,hinf7,13,16,"DUAL_INFEASIBLE",0.0020645,0.002058,26,390.8121912940862,391.0,0.00048032917113509924
nlpmodel,hinf7,13,16,"DUAL_INFEASIBLE",0.0021033,0.0020969,26,390.8121912940862,391.0,0.00048032917113509924
nlpmodel,hinf7,13,16,"DUAL_INFEASIBLE",0.0021645,0.002157,26,390.8121912940862,391.0,0.00048032917113509924
nlpmodel,hinf7,13,16,"DUAL_INFEASIBLE",0.0020778,0.0020719,26,390.8121912940862,391.0,0.00048032917113509924
nlpmodel,hinf7,13,16,"DUAL_INFEASIBLE",0.0020567,0.0020509,26,390.8121912940862,391.0,0.00048032917113509924
nlpmodel,hinf7,13,16,"DUAL_INFEASIBLE",0.0020692,0.002063,26,390.8121912940862,391.0,0.00048032917113509924
nlpmodel,hinf7,13,16,"DUAL_INFEASIBLE",0.0020555,0.002049,26,390.8121912940862,391.0,0.00048032917113509924
nlpmodel,hinf7,13,16,"DUAL_INFEASIBLE",0.0020533,0.002048,26,390.8121912940862,391.0,0.00048032917113509924
nlpmodel,hinf7,13,16,"DUAL_INFEASIBLE",0.0020571,0.0020511,26,390.8121912940862,391.0,0.00048032917113509924
nlpmodel,hinf7,13,16,"DUAL_INFEASIBLE",0.0020368,0.002032,26,390.8121912940862,391.0,0.00048032917113509924
nlpmodel,hinf7,13,16,"DUAL_INFEASIBLE",0.0020304,0.0020251,26,390.8121912940862,391.0,0.00048032917113509924
nlpmodel,hinf7,13,16,"DUAL_INFEASIBLE",0.0020579,0.0020521,26,390.8121912940862,391.0,0.00048032917113509924
nlpmodel,hinf7,13,16,"DUAL_INFEASIBLE",0.002082,0.0020761,26,390.8121912940862,391.0,0.00048032917113509924
nlpmodel,hinf7,13,16,"DUAL_INFEASIBLE",0.0020496,0.002044,26,390.8121912940862,391.0,0.00048032917113509924
nlpmodel,hinf7,13,16,"DUAL_INFEASIBLE",0.0065426,0.006536,26,390.8121912940862,391.0,0.00048032917113509924
nlpmodel,hinf7,13,16,"DUAL_INFEASIBLE",0.0020753,0.002058,26,390.8121912940862,391.0,0.00048032917113509924
nlpmodel,hinf7,13,16,"DUAL_INFEASIBLE",0.002068,0.0020609,26,390.8121912940862,391.0,0.00048032917113509924
nlpmodel,hinf7,13,16,"DUAL_INFEASIBLE",0.0020575,0.0020509,26,390.8121912940862,391.0,0.00048032917113509924
nlpmodel,hinf7,13,16,"DUAL_INFEASIBLE",0.0020593,0.002053,26,390.8121912940862,391.0,0.00048032917113509924
nlpmodel,hinf7,13,16,"DUAL_INFEASIBLE",0.0020618,0.0020561,26,390.8121912940862,391.0,0.00048032917113509924
nlpmodel,hinf8,13,16,"DUAL_INFEASIBLE",0.0048804,0.0048499,23,116.21251475539718,116.0,0.0018320237534239657
nlpmodel,hinf8,13,16,"DUAL_INFEASIBLE",0.0047362,0.0047152,23,116.21251475539718,116.0,0.0018320237534239657
nlpmodel,hinf8,13,16,"DUAL_INFEASIBLE",0.0038456,0.0038309,23,116.21251475539718,116.0,0.0018320237534239657
nlpmodel,hinf8,13,16,"DUAL_INFEASIBLE",0.0028585,0.0028479,23,116.21251475539718,116.0,0.0018320237534239657
nlpmodel,hinf8,13,16,"DUAL_INFEASIBLE",0.002344,0.002336,23,116.21251475539718,116.0,0.0018320237534239657
nlpmodel,hinf8,13,16,"DUAL_INFEASIBLE",0.0020148,0.002008,23,116.21251475539718,116.0,0.0018320237534239657
nlpmodel,hinf8,13,16,"DUAL_INFEASIBLE",0.0019146,0.001909,23,116.21251475539718,116.0,0.0018320237534239657
nlpmodel,hinf8,13,16,"DUAL_INFEASIBLE",0.0017899,0.0017841,23,116.21251475539718,116.0,0.0018320237534239657
nlpmodel,hinf8,13,16,"DUAL_INFEASIBLE",0.0017849,0.0017791,23,116.21251475539718,116.0,0.0018320237534239657
nlpmodel,hinf8,13,16,"DUAL_INFEASIBLE",0.0017805,0.001775,23,116.21251475539718,116.0,0.0018320237534239657
nlpmodel,hinf8,13,16,"DUAL_INFEASIBLE",0.0018075,0.0018029,23,116.21251475539718,116.0,0.0018320237534239657
nlpmodel,hinf8,13,16,"DUAL_INFEASIBLE",0.0017941,0.0017889,23,116.21251475539718,116.0,0.0018320237534239657
nlpmodel,hinf8,13,16,"DUAL_INFEASIBLE",0.0017721,0.0017669,23,116.21251475539718,116.0,0.0018320237534239657
nlpmodel,hinf8,13,16,"DUAL_INFEASIBLE",0.0075834,0.0075772,23,116.21251475539718,116.0,0.0018320237534239657
nlpmodel,hinf8,13,16,"DUAL_INFEASIBLE",0.0019352,0.001915,23,116.21251475539718,116.0,0.0018320237534239657
nlpmodel,hinf8,13,16,"DUAL_INFEASIBLE",0.0018181,0.001811,23,116.21251475539718,116.0,0.0018320237534239657
nlpmodel,hinf8,13,16,"DUAL_INFEASIBLE",0.0018309,0.0018241,23,116.21251475539718,116.0,0.0018320237534239657
nlpmodel,hinf8,13,16,"DUAL_INFEASIBLE",0.0018191,0.0018129,23,116.21251475539718,116.0,0.0018320237534239657
nlpmodel,hinf8,13,16,"DUAL_INFEASIBLE",0.0018277,0.001822,23,116.21251475539718,116.0,0.0018320237534239657
nlpmodel,hinf8,13,16,"DUAL_INFEASIBLE",0.0018189,0.0018129,23,116.21251475539718,116.0,0.0018320237534239657
nlpmodel,hinf8,13,16,"DUAL_INFEASIBLE",0.0018245,0.0018191,23,116.21251475539718,116.0,0.0018320237534239657
nlpmodel,hinf8,13,16,"DUAL_INFEASIBLE",0.0018218,0.001816,23,116.21251475539718,116.0,0.0018320237534239657
nlpmodel,hinf8,13,16,"DUAL_INFEASIBLE",0.0018136,0.0018082,23,116.21251475539718,116.0,0.0018320237534239657
nlpmodel,hinf8,13,16,"DUAL_INFEASIBLE",0.0019902,0.0019851,23,116.21251475539718,116.0,0.0018320237534239657
nlpmodel,hinf8,13,16,"DUAL_INFEASIBLE",0.0018753,0.0018699,23,116.21251475539718,116.0,0.0018320237534239657
nlpmodel,hinf8,13,16,"DUAL_INFEASIBLE",0.0018169,0.0018098,23,116.21251475539718,116.0,0.0018320237534239657
nlpmodel,hinf8,13,16,"DUAL_INFEASIBLE",0.0018176,0.0018129,23,116.21251475539718,116.0,0.0018320237534239657
nlpmodel,hinf8,13,16,"DUAL_INFEASIBLE",0.0018239,0.0018191,23,116.21251475539718,116.0,0.0018320237534239657
nlpmodel,hinf8,13,16,"DUAL_INFEASIBLE",0.0018187,0.0018129,23,116.21251475539718,116.0,0.0018320237534239657
nlpmodel,hinf8,13,16,"DUAL_INFEASIBLE",0.0018138,0.0018091,23,116.21251475539718,116.0,0.0018320237534239657
nlpmodel,hinf8,13,16,"DUAL_INFEASIBLE",0.0018221,0.001817,23,116.21251475539718,116.0,0.0018320237534239657
nlpmodel,hinf8,13,16,"DUAL_INFEASIBLE",0.0018187,0.0018141,23,116.21251475539718,116.0,0.0018320237534239657
nlpmodel,hinf9,13,16,"OPTIMAL",0.015382,0.015337,27,236.24926099959075,236.25,3.1280440603353705e-6
nlpmodel,hinf9,13,16,"OPTIMAL",0.0049348,0.0048921,27,236.24926099959075,236.25,3.1280440603353705e-6
nlpmodel,hinf9,13,16,"OPTIMAL",0.0038341,0.0038202,27,236.24926099959075,236.25,3.1280440603353705e-6
nlpmodel,hinf9,13,16,"OPTIMAL",0.0030759,0.003067,27,236.24926099959075,236.25,3.1280440603353705e-6
nlpmodel,hinf9,13,16,"OPTIMAL",0.0028018,0.002794,27,236.24926099959075,236.25,3.1280440603353705e-6
nlpmodel,hinf9,13,16,"OPTIMAL",0.0026719,0.002665,27,236.24926099959075,236.25,3.1280440603353705e-6
nlpmodel,hinf9,13,16,"OPTIMAL",0.0023986,0.0023918,27,236.24926099959075,236.25,3.1280440603353705e-6
nlpmodel,hinf9,13,16,"OPTIMAL",0.0021765,0.002171,27,236.24926099959075,236.25,3.1280440603353705e-6
nlpmodel,hinf9,13,16,"OPTIMAL",0.0021474,0.002142,27,236.24926099959075,236.25,3.1280440603353705e-6
nlpmodel,hinf9,13,16,"OPTIMAL",0.0021634,0.002157,27,236.24926099959075,236.25,3.1280440603353705e-6
nlpmodel,hinf9,13,16,"OPTIMAL",0.002166,0.0021598,27,236.24926099959075,236.25,3.1280440603353705e-6
nlpmodel,hinf9,13,16,"OPTIMAL",0.002205,0.0021989,27,236.24926099959075,236.25,3.1280440603353705e-6
nlpmodel,hinf9,13,16,"OPTIMAL",0.0023619,0.0023561,27,236.24926099959075,236.25,3.1280440603353705e-6
nlpmodel,hinf9,13,16,"OPTIMAL",0.0021798,0.0021739,27,236.24926099959075,236.25,3.1280440603353705e-6
nlpmodel,hinf9,13,16,"OPTIMAL",0.0021828,0.002177,27,236.24926099959075,236.25,3.1280440603353705e-6
nlpmodel,hinf9,13,16,"OPTIMAL",0.0021783,0.0021729,27,236.24926099959075,236.25,3.1280440603353705e-6
nlpmodel,hinf9,13,16,"OPTIMAL",0.0021403,0.002135,27,236.24926099959075,236.25,3.1280440603353705e-6
nlpmodel,hinf9,13,16,"OPTIMAL",0.002117,0.002111,27,236.24926099959075,236.25,3.1280440603353705e-6
nlpmodel,hinf9,13,16,"OPTIMAL",0.006896,0.0068879,27,236.24926099959075,236.25,3.1280440603353705e-6
nlpmodel,hinf9,13,16,"OPTIMAL",0.002185,0.0021591,27,236.24926099959075,236.25,3.1280440603353705e-6
nlpmodel,hinf9,13,16,"OPTIMAL",0.0021393,0.00213,27,236.24926099959075,236.25,3.1280440603353705e-6
nlpmodel,hinf9,13,16,"OPTIMAL",0.0021244,0.0021181,27,236.24926099959075,236.25,3.1280440603353705e-6
nlpmodel,hinf9,13,16,"OPTIMAL",0.0021217,0.002115,27,236.24926099959075,236.25,3.1280440603353705e-6
nlpmodel,hinf9,13,16,"OPTIMAL",0.0022292,0.002223,27,236.24926099959075,236.25,3.1280440603353705e-6
nlpmodel,hinf9,13,16,"OPTIMAL",0.0022063,0.0021989,27,236.24926099959075,236.25,3.1280440603353705e-6
nlpmodel,hinf9,13,16,"OPTIMAL",0.002182,0.002176,27,236.24926099959075,236.25,3.1280440603353705e-6
nlpmodel,hinf9,13,16,"OPTIMAL",0.0021767,0.0021698,27,236.24926099959075,236.25,3.1280440603353705e-6
nlpmodel,hinf9,13,16,"OPTIMAL",0.0021552,0.0021489,27,236.24926099959075,236.25,3.1280440603353705e-6
nlpmodel,hinf9,13,16,"OPTIMAL",0.0021154,0.0021091,27,236.24926099959075,236.25,3.1280440603353705e-6
nlpmodel,hinf9,13,16,"OPTIMAL",0.0021211,0.002115,27,236.24926099959075,236.25,3.1280440603353705e-6
nlpmodel,hinf9,13,16,"OPTIMAL",0.0021204,0.0021141,27,236.24926099959075,236.25,3.1280440603353705e-6
nlpmodel,hinf9,13,16,"OPTIMAL",0.0021095,0.0021029,27,236.24926099959075,236.25,3.1280440603353705e-6
nlpmodel,hinf10,21,18,"DUAL_INFEASIBLE",0.0075573,0.0075119,30,108.86606742521606,109.0,0.001228739218201294
nlpmodel,hinf10,21,18,"DUAL_INFEASIBLE",0.0053978,0.0053639,30,108.86606742521606,109.0,0.001228739218201294
nlpmodel,hinf10,21,18,"DUAL_INFEASIBLE",0.0098426,0.0098271,30,108.86606742521606,109.0,0.001228739218201294
nlpmodel,hinf10,21,18,"DUAL_INFEASIBLE",0.0032257,0.003206,30,108.86606742521606,109.0,0.001228739218201294
nlpmodel,hinf10,21,18,"DUAL_INFEASIBLE",0.0029795,0.00297,30,108.86606742521606,109.0,0.001228739218201294
nlpmodel,hinf10,21,18,"DUAL_INFEASIBLE",0.0030065,0.0029981,30,108.86606742521606,109.0,0.001228739218201294
nlpmodel,hinf10,21,18,"DUAL_INFEASIBLE",0.0028839,0.0028751,30,108.86606742521606,109.0,0.001228739218201294
nlpmodel,hinf10,21,18,"DUAL_INFEASIBLE",0.0028532,0.002845,30,108.86606742521606,109.0,0.001228739218201294
nlpmodel,hinf10,21,18,"DUAL_INFEASIBLE",0.0028598,0.002851,30,108.86606742521606,109.0,0.001228739218201294
nlpmodel,hinf10,21,18,"DUAL_INFEASIBLE",0.0028845,0.002877,30,108.86606742521606,109.0,0.001228739218201294
nlpmodel,hinf10,21,18,"DUAL_INFEASIBLE",0.0028769,0.0028689,30,108.86606742521606,109.0,0.001228739218201294
nlpmodel,hinf10,21,18,"DUAL_INFEASIBLE",0.0028739,0.002867,30,108.86606742521606,109.0,0.001228739218201294
nlpmodel,hinf10,21,18,"DUAL_INFEASIBLE",0.0028588,0.002851,30,108.86606742521606,109.0,0.001228739218201294
nlpmodel,hinf10,21,18,"DUAL_INFEASIBLE",0.0082454,0.0082359,30,108.86606742521606,109.0,0.001228739218201294
nlpmodel,hinf10,21,18,"DUAL_INFEASIBLE",0.0028922,0.0028689,30,108.86606742521606,109.0,0.001228739218201294
nlpmodel,hinf10,21,18,"DUAL_INFEASIBLE",0.0028713,0.002861,30,108.86606742521606,109.0,0.001228739218201294
nlpmodel,hinf10,21,18,"DUAL_INFEASIBLE",0.0029355,0.0029271,30,108.86606742521606,109.0,0.001228739218201294
nlpmodel,hinf10,21,18,"DUAL_INFEASIBLE",0.0030135,0.003005,30,108.86606742521606,109.0,0.001228739218201294
nlpmodel,hinf10,21,18,"DUAL_INFEASIBLE",0.0029422,0.002933,30,108.86606742521606,109.0,0.001228739218201294
nlpmodel,hinf10,21,18,"DUAL_INFEASIBLE",0.0030024,0.0029931,30,108.86606742521606,109.0,0.001228739218201294
nlpmodel,hinf10,21,18,"DUAL_INFEASIBLE",0.0029987,0.0029891,30,108.86606742521606,109.0,0.001228739218201294
nlpmodel,hinf10,21,18,"DUAL_INFEASIBLE",0.0029524,0.0029428,30,108.86606742521606,109.0,0.001228739218201294
nlpmodel,hinf10,21,18,"DUAL_INFEASIBLE",0.0028922,0.0028839,30,108.86606742521606,109.0,0.001228739218201294
nlpmodel,hinf10,21,18,"DUAL_INFEASIBLE",0.0029244,0.0029161,30,108.86606742521606,109.0,0.001228739218201294
nlpmodel,hinf10,21,18,"DUAL_INFEASIBLE",0.0078265,0.0078161,30,108.86606742521606,109.0,0.001228739218201294
nlpmodel,hinf10,21,18,"DUAL_INFEASIBLE",0.003079,0.0030379,30,108.86606742521606,109.0,0.001228739218201294
nlpmodel,hinf10,21,18,"DUAL_INFEASIBLE",0.0028936,0.002882,30,108.86606742521606,109.0,0.001228739218201294
nlpmodel,hinf10,21,18,"DUAL_INFEASIBLE",0.0028886,0.002878,30,108.86606742521606,109.0,0.001228739218201294
nlpmodel,hinf10,21,18,"DUAL_INFEASIBLE",0.0029089,0.0029001,30,108.86606742521606,109.0,0.001228739218201294
nlpmodel,hinf10,21,18,"DUAL_INFEASIBLE",0.0029734,0.002965,30,108.86606742521606,109.0,0.001228739218201294
nlpmodel,hinf10,21,18,"DUAL_INFEASIBLE",0.0029367,0.0029268,30,108.86606742521606,109.0,0.001228739218201294
nlpmodel,hinf10,21,18,"DUAL_INFEASIBLE",0.002902,0.0028942,30,108.86606742521606,109.0,0.001228739218201294
nlpmodel,truss4,12,19,"OPTIMAL",0.0026259,0.0025971,11,-9.009996032797835,-9.009996,3.6401609455254036e-9
nlpmodel,truss4,12,19,"OPTIMAL",0.0025547,0.002537,11,-9.009996032797835,-9.009996,3.6401609455254036e-9
nlpmodel,truss4,12,19,"OPTIMAL",0.0025683,0.002553,11,-9.009996032797835,-9.009996,3.6401609455254036e-9
nlpmodel,truss4,12,19,"OPTIMAL",0.0025775,0.0025642,11,-9.009996032797835,-9.009996,3.6401609455254036e-9
nlpmodel,truss4,12,19,"OPTIMAL",0.002362,0.0023499,11,-9.009996032797835,-9.009996,3.6401609455254036e-9
nlpmodel,truss4,12,19,"OPTIMAL",0.0019485,0.0019388,11,-9.009996032797835,-9.009996,3.6401609455254036e-9
nlpmodel,truss4,12,19,"OPTIMAL",0.0016548,0.0016479,11,-9.009996032797835,-9.009996,3.6401609455254036e-9
nlpmodel,truss4,12,19,"OPTIMAL",0.0014509,0.0014441,11,-9.009996032797835,-9.009996,3.6401609455254036e-9
nlpmodel,truss4,12,19,"OPTIMAL",0.0012727,0.001267,11,-9.009996032797835,-9.009996,3.6401609455254036e-9
nlpmodel,truss4,12,19,"OPTIMAL",0.0011464,0.0011411,11,-9.009996032797835,-9.009996,3.6401609455254036e-9
nlpmodel,truss4,12,19,"OPTIMAL",0.0010872,0.0010831,11,-9.009996032797835,-9.009996,3.6401609455254036e-9
nlpmodel,truss4,12,19,"OPTIMAL",0.0010214,0.0010159,11,-9.009996032797835,-9.009996,3.6401609455254036e-9
nlpmodel,truss4,12,19,"OPTIMAL",0.00101,0.001004,11,-9.009996032797835,-9.009996,3.6401609455254036e-9
nlpmodel,truss4,12,19,"OPTIMAL",0.0010194,0.0010149,11,-9.009996032797835,-9.009996,3.6401609455254036e-9
nlpmodel,truss4,12,19,"OPTIMAL",0.0009651,0.00096011,11,-9.009996032797835,-9.009996,3.6401609455254036e-9
nlpmodel,truss4,12,19,"OPTIMAL",0.00093923,0.00093484,11,-9.009996032797835,-9.009996,3.6401609455254036e-9
nlpmodel,truss4,12,19,"OPTIMAL",0.00093905,0.00093508,11,-9.009996032797835,-9.009996,3.6401609455254036e-9
nlpmodel,truss4,12,19,"OPTIMAL",0.00093509,0.00093198,11,-9.009996032797835,-9.009996,3.6401609455254036e-9
nlpmodel,truss4,12,19,"OPTIMAL",0.00094086,0.00093699,11,-9.009996032797835,-9.009996,3.6401609455254036e-9
nlpmodel,truss4,12,19,"OPTIMAL",0.00093732,0.00093317,11,-9.009996032797835,-9.009996,3.6401609455254036e-9
nlpmodel,truss4,12,19,"OPTIMAL",0.00095141,0.000947,11,-9.009996032797835,-9.009996,3.6401609455254036e-9
nlpmodel,truss4,12,19,"OPTIMAL",0.00093839,0.00093389,11,-9.009996032797835,-9.009996,3.6401609455254036e-9
nlpmodel,truss4,12,19,"OPTIMAL",0.00094388,0.00093913,11,-9.009996032797835,-9.009996,3.6401609455254036e-9
nlpmodel,truss4,12,19,"OPTIMAL",0.00094023,0.00093603,11,-9.009996032797835,-9.009996,3.6401609455254036e-9
nlpmodel,truss4,12,19,"OPTIMAL",0.00094334,0.00093889,11,-9.009996032797835,-9.009996,3.6401609455254036e-9
nlpmodel,truss4,12,19,"OPTIMAL",0.00093788,0.00093412,11,-9.009996032797835,-9.009996,3.6401609455254036e-9
nlpmodel,truss4,12,19,"OPTIMAL",0.00093174,0.00092697,11,-9.009996032797835,-9.009996,3.6401609455254036e-9
nlpmodel,truss4,12,19,"OPTIMAL",0.00094266,0.00093889,11,-9.009996032797835,-9.009996,3.6401609455254036e-9
nlpmodel,truss4,12,19,"OPTIMAL",0.0085851,0.008579,11,-9.009996032797835,-9.009996,3.6401609455254036e-9
nlpmodel,truss4,12,19,"OPTIMAL",0.0010214,0.00099587,11,-9.009996032797835,-9.009996,3.6401609455254036e-9
nlpmodel,truss4,12,19,"OPTIMAL",0.00096785,0.00096202,11,-9.009996032797835,-9.009996,3.6401609455254036e-9
nlpmodel,truss4,12,19,"OPTIMAL",0.00095706,0.00095296,11,-9.009996032797835,-9.009996,3.6401609455254036e-9
nlpmodel,hinf11,31,22,"DUAL_INFEASIBLE",0.0086314,0.0085821,34,65.91384547913144,65.9,0.0002100983176241742
nlpmodel,hinf11,31,22,"DUAL_INFEASIBLE",0.0059316,0.0059049,34,65.91384547913144,65.9,0.0002100983176241742
nlpmodel,hinf11,31,22,"DUAL_INFEASIBLE",0.0054386,0.00542,34,65.91384547913144,65.9,0.0002100983176241742
nlpmodel,hinf11,31,22,"DUAL_INFEASIBLE",0.0056623,0.0056438,34,65.91384547913144,65.9,0.0002100983176241742
nlpmodel,hinf11,31,22,"DUAL_INFEASIBLE",0.0049247,0.0049071,34,65.91384547913144,65.9,0.0002100983176241742
nlpmodel,hinf11,31,22,"DUAL_INFEASIBLE",0.010306,0.01029,34,65.91384547913144,65.9,0.0002100983176241742
nlpmodel,hinf11,31,22,"DUAL_INFEASIBLE",0.0048748,0.0048461,34,65.91384547913144,65.9,0.0002100983176241742
nlpmodel,hinf11,31,22,"DUAL_INFEASIBLE",0.0048378,0.004823,34,65.91384547913144,65.9,0.0002100983176241742
nlpmodel,hinf11,31,22,"DUAL_INFEASIBLE",0.0048608,0.0048468,34,65.91384547913144,65.9,0.0002100983176241742
nlpmodel,hinf11,31,22,"DUAL_INFEASIBLE",0.0048612,0.004848,34,65.91384547913144,65.9,0.0002100983176241742
nlpmodel,hinf11,31,22,"DUAL_INFEASIBLE",0.0048397,0.0048261,34,65.91384547913144,65.9,0.0002100983176241742
nlpmodel,hinf11,31,22,"DUAL_INFEASIBLE",0.010044,0.01003,34,65.91384547913144,65.9,0.0002100983176241742
nlpmodel,hinf11,31,22,"DUAL_INFEASIBLE",0.0048782,0.0048549,34,65.91384547913144,65.9,0.0002100983176241742
nlpmodel,hinf11,31,22,"DUAL_INFEASIBLE",0.0057133,0.0057001,34,65.91384547913144,65.9,0.0002100983176241742
nlpmodel,hinf11,31,22,"DUAL_INFEASIBLE",0.0090719,0.0090539,34,65.91384547913144,65.9,0.0002100983176241742
nlpmodel,hinf11,31,22,"DUAL_INFEASIBLE",0.0065663,0.006552,34,65.91384547913144,65.9,0.0002100983176241742
nlpmodel,hinf11,31,22,"DUAL_INFEASIBLE",0.0064768,0.0064652,34,65.91384547913144,65.9,0.0002100983176241742
nlpmodel,hinf11,31,22,"DUAL_INFEASIBLE",0.0049431,0.0049322,34,65.91384547913144,65.9,0.0002100983176241742
nlpmodel,hinf11,31,22,"DUAL_INFEASIBLE",0.0093628,0.0093501,34,65.91384547913144,65.9,0.0002100983176241742
nlpmodel,hinf11,31,22,"DUAL_INFEASIBLE",0.0046746,0.0046411,34,65.91384547913144,65.9,0.0002100983176241742
nlpmodel,hinf11,31,22,"DUAL_INFEASIBLE",0.0045754,0.0045559,34,65.91384547913144,65.9,0.0002100983176241742
nlpmodel,hinf11,31,22,"DUAL_INFEASIBLE",0.0046481,0.004631,34,65.91384547913144,65.9,0.0002100983176241742
nlpmodel,hinf11,31,22,"DUAL_INFEASIBLE",0.0047638,0.0047419,34,65.91384547913144,65.9,0.0002100983176241742
nlpmodel,hinf11,31,22,"DUAL_INFEASIBLE",0.0044876,0.004472,34,65.91384547913144,65.9,0.0002100983176241742
nlpmodel,hinf11,31,22,"DUAL_INFEASIBLE",0.019421,0.019403,34,65.91384547913144,65.9,0.0002100983176241742
nlpmodel,hinf11,31,22,"DUAL_INFEASIBLE",0.0094752,0.009407,34,65.91384547913144,65.9,0.0002100983176241742
nlpmodel,hinf11,31,22,"DUAL_INFEASIBLE",0.0062417,0.006218,34,65.91384547913144,65.9,0.0002100983176241742
nlpmodel,hinf11,31,22,"DUAL_INFEASIBLE",0.0046188,0.0046,34,65.91384547913144,65.9,0.0002100983176241742
nlpmodel,hinf11,31,22,"DUAL_INFEASIBLE",0.0043729,0.00436,34,65.91384547913144,65.9,0.0002100983176241742
nlpmodel,hinf11,31,22,"DUAL_INFEASIBLE",0.0043728,0.004359,34,65.91384547913144,65.9,0.0002100983176241742
nlpmodel,hinf11,31,22,"DUAL_INFEASIBLE",0.0088863,0.0088751,34,65.91384547913144,65.9,0.0002100983176241742
nlpmodel,hinf11,31,22,"DUAL_INFEASIBLE",0.0043965,0.0043778,34,65.91384547913144,65.9,0.0002100983176241742
nlpmodel,hinf12,43,24,"ITERATION_LIMIT",0.024104,0.024064,101,9.90350180120055e-9,0.2,0.19999999009649821
nlpmodel,hinf12,43,24,"ITERATION_LIMIT",0.019986,0.019919,101,9.90350180120055e-9,0.2,0.19999999009649821
nlpmodel,hinf12,43,24,"ITERATION_LIMIT",0.023639,0.023593,101,9.90350180120055e-9,0.2,0.19999999009649821
nlpmodel,hinf12,43,24,"ITERATION_LIMIT",0.06407,0.064029,101,9.90350180120055e-9,0.2,0.19999999009649821
nlpmodel,hinf12,43,24,"ITERATION_LIMIT",0.025135,0.025095,101,9.90350180120055e-9,0.2,0.19999999009649821
nlpmodel,hinf12,43,24,"ITERATION_LIMIT",0.021846,0.021793,101,9.90350180120055e-9,0.2,0.19999999009649821
nlpmodel,hinf12,43,24,"ITERATION_LIMIT",0.017962,0.017931,101,9.90350180120055e-9,0.2,0.19999999009649821
nlpmodel,hinf12,43,24,"ITERATION_LIMIT",0.038398,0.038373,101,9.90350180120055e-9,0.2,0.19999999009649821
nlpmodel,hinf12,43,24,"ITERATION_LIMIT",0.017808,0.017767,101,9.90350180120055e-9,0.2,0.19999999009649821
nlpmodel,hinf12,43,24,"ITERATION_LIMIT",0.022224,0.022198,101,9.90350180120055e-9,0.2,0.19999999009649821
nlpmodel,hinf12,43,24,"ITERATION_LIMIT",0.041478,0.041446,101,9.90350180120055e-9,0.2,0.19999999009649821
nlpmodel,hinf12,43,24,"ITERATION_LIMIT",0.022931,0.022884,101,9.90350180120055e-9,0.2,0.19999999009649821
nlpmodel,hinf12,43,24,"ITERATION_LIMIT",0.021837,0.021792,101,9.90350180120055e-9,0.2,0.19999999009649821
nlpmodel,hinf12,43,24,"ITERATION_LIMIT",0.017861,0.017826,101,9.90350180120055e-9,0.2,0.19999999009649821
nlpmodel,hinf12,43,24,"ITERATION_LIMIT",0.043545,0.043522,101,9.90350180120055e-9,0.2,0.19999999009649821
nlpmodel,hinf12,43,24,"ITERATION_LIMIT",0.022367,0.022328,101,9.90350180120055e-9,0.2,0.19999999009649821
nlpmodel,hinf12,43,24,"ITERATION_LIMIT",0.018728,0.018688,101,9.90350180120055e-9,0.2,0.19999999009649821
nlpmodel,hinf12,43,24,"ITERATION_LIMIT",0.040684,0.040637,101,9.90350180120055e-9,0.2,0.19999999009649821
nlpmodel,hinf12,43,24,"ITERATION_LIMIT",0.018889,0.018842,101,9.90350180120055e-9,0.2,0.19999999009649821
nlpmodel,hinf12,43,24,"ITERATION_LIMIT",0.023414,0.023381,101,9.90350180120055e-9,0.2,0.19999999009649821
nlpmodel,hinf12,43,24,"ITERATION_LIMIT",0.022933,0.022888,101,9.90350180120055e-9,0.2,0.19999999009649821
nlpmodel,hinf12,43,24,"ITERATION_LIMIT",0.031184,0.031141,101,9.90350180120055e-9,0.2,0.19999999009649821
nlpmodel,hinf12,43,24,"ITERATION_LIMIT",0.021634,0.021594,101,9.90350180120055e-9,0.2,0.19999999009649821
nlpmodel,hinf12,43,24,"ITERATION_LIMIT",0.017865,0.017829,101,9.90350180120055e-9,0.2,0.19999999009649821
nlpmodel,hinf12,43,24,"ITERATION_LIMIT",0.045446,0.045416,101,9.90350180120055e-9,0.2,0.19999999009649821
nlpmodel,hinf12,43,24,"ITERATION_LIMIT",0.019531,0.019481,101,9.90350180120055e-9,0.2,0.19999999009649821
nlpmodel,hinf12,43,24,"ITERATION_LIMIT",0.022785,0.022752,101,9.90350180120055e-9,0.2,0.19999999009649821
nlpmodel,hinf12,43,24,"ITERATION_LIMIT",0.019251,0.019192,101,9.90350180120055e-9,0.2,0.19999999009649821
nlpmodel,hinf12,43,24,"ITERATION_LIMIT",0.022894,0.022843,101,9.90350180120055e-9,0.2,0.19999999009649821
nlpmodel,hinf12,43,24,"ITERATION_LIMIT",0.041477,0.041435,101,9.90350180120055e-9,0.2,0.19999999009649821
nlpmodel,hinf12,43,24,"ITERATION_LIMIT",0.021179,0.021134,101,9.90350180120055e-9,0.2,0.19999999009649821
nlpmodel,hinf12,43,24,"ITERATION_LIMIT",0.022274,0.022237,101,9.90350180120055e-9,0.2,0.19999999009649821
nlpmodel,qap5,136,26,"OPTIMAL",0.051365,0.051318,10,-435.9999985242466,-436.0,3.3847554565467143e-9
nlpmodel,qap5,136,26,"OPTIMAL",0.02068,0.020627,10,-435.9999985242466,-436.0,3.3847554565467143e-9
nlpmodel,qap5,136,26,"OPTIMAL",0.028827,0.028754,10,-435.9999985242466,-436.0,3.3847554565467143e-9
nlpmodel,qap5,136,26,"OPTIMAL",0.016036,0.015988,10,-435.9999985242466,-436.0,3.3847554565467143e-9
nlpmodel,qap5,136,26,"OPTIMAL",0.021007,0.020961,10,-435.9999985242466,-436.0,3.3847554565467143e-9
nlpmodel,qap5,136,26,"OPTIMAL",0.012915,0.012868,10,-435.9999985242466,-436.0,3.3847554565467143e-9
nlpmodel,qap5,136,26,"OPTIMAL",0.012608,0.01257,10,-435.9999985242466,-436.0,3.3847554565467143e-9
nlpmodel,qap5,136,26,"OPTIMAL",0.020891,0.020855,10,-435.9999985242466,-436.0,3.3847554565467143e-9
nlpmodel,qap5,136,26,"OPTIMAL",0.011613,0.011571,10,-435.9999985242466,-436.0,3.3847554565467143e-9
nlpmodel,qap5,136,26,"OPTIMAL",0.011567,0.011536,10,-435.9999985242466,-436.0,3.3847554565467143e-9
nlpmodel,qap5,136,26,"OPTIMAL",0.011529,0.011506,10,-435.9999985242466,-436.0,3.3847554565467143e-9
nlpmodel,qap5,136,26,"OPTIMAL",0.023377,0.023353,10,-435.9999985242466,-436.0,3.3847554565467143e-9
nlpmodel,qap5,136,26,"OPTIMAL",0.014982,0.014933,10,-435.9999985242466,-436.0,3.3847554565467143e-9
nlpmodel,qap5,136,26,"OPTIMAL",0.017729,0.01768,10,-435.9999985242466,-436.0,3.3847554565467143e-9
nlpmodel,qap5,136,26,"OPTIMAL",0.011547,0.011511,10,-435.9999985242466,-436.0,3.3847554565467143e-9
nlpmodel,qap5,136,26,"OPTIMAL",0.011372,0.011346,10,-435.9999985242466,-436.0,3.3847554565467143e-9
nlpmodel,qap5,136,26,"OPTIMAL",0.011345,0.011319,10,-435.9999985242466,-436.0,3.3847554565467143e-9
nlpmodel,qap5,136,26,"OPTIMAL",0.011458,0.01144,10,-435.9999985242466,-436.0,3.3847554565467143e-9
nlpmodel,qap5,136,26,"OPTIMAL",0.011307,0.011289,10,-435.9999985242466,-436.0,3.3847554565467143e-9
nlpmodel,qap5,136,26,"OPTIMAL",0.014882,0.014861,10,-435.9999985242466,-436.0,3.3847554565467143e-9
nlpmodel,qap5,136,26,"OPTIMAL",0.011542,0.011514,10,-435.9999985242466,-436.0,3.3847554565467143e-9
nlpmodel,qap5,136,26,"OPTIMAL",0.011443,0.011417,10,-435.9999985242466,-436.0,3.3847554565467143e-9
nlpmodel,qap5,136,26,"OPTIMAL",0.011108,0.011082,10,-435.9999985242466,-436.0,3.3847554565467143e-9
nlpmodel,qap5,136,26,"OPTIMAL",0.011226,0.0112,10,-435.9999985242466,-436.0,3.3847554565467143e-9
nlpmodel,qap5,136,26,"OPTIMAL",0.026195,0.02617,10,-435.9999985242466,-436.0,3.3847554565467143e-9
nlpmodel,qap5,136,26,"OPTIMAL",0.015154,0.015094,10,-435.9999985242466,-436.0,3.3847554565467143e-9
nlpmodel,qap5,136,26,"OPTIMAL",0.011253,0.011219,10,-435.9999985242466,-436.0,3.3847554565467143e-9
nlpmodel,qap5,136,26,"OPTIMAL",0.011388,0.011357,10,-435.9999985242466,-436.0,3.3847554565467143e-9
nlpmodel,qap5,136,26,"OPTIMAL",0.014152,0.014126,10,-435.9999985242466,-436.0,3.3847554565467143e-9
nlpmodel,qap5,136,26,"OPTIMAL",0.011517,0.011486,10,-435.9999985242466,-436.0,3.3847554565467143e-9
nlpmodel,qap5,136,26,"OPTIMAL",0.011559,0.011529,10,-435.9999985242466,-436.0,3.3847554565467143e-9
nlpmodel,qap5,136,26,"OPTIMAL",0.014904,0.014881,10,-435.9999985242466,-436.0,3.3847554565467143e-9
nlpmodel,control2,66,30,"OPTIMAL",0.014445,0.014398,25,8.300000707657613,8.3,8.525995331429916e-8
nlpmodel,control2,66,30,"OPTIMAL",0.017919,0.017873,25,8.300000707657613,8.3,8.525995331429916e-8
nlpmodel,control2,66,30,"OPTIMAL",0.012749,0.01271,25,8.300000707657613,8.3,8.525995331429916e-8
nlpmodel,control2,66,30,"OPTIMAL",0.012609,0.012579,25,8.300000707657613,8.3,8.525995331429916e-8
nlpmodel,control2,66,30,"OPTIMAL",0.022194,0.022157,25,8.300000707657613,8.3,8.525995331429916e-8
nlpmodel,control2,66,30,"OPTIMAL",0.022131,0.022068,25,8.300000707657613,8.3,8.525995331429916e-8
nlpmodel,control2,66,30,"OPTIMAL",0.016138,0.016095,25,8.300000707657613,8.3,8.525995331429916e-8
nlpmodel,control2,66,30,"OPTIMAL",0.016642,0.016596,25,8.300000707657613,8.3,8.525995331429916e-8
nlpmodel,control2,66,30,"OPTIMAL",0.012893,0.012853,25,8.300000707657613,8.3,8.525995331429916e-8
nlpmodel,control2,66,30,"OPTIMAL",0.027162,0.02713,25,8.300000707657613,8.3,8.525995331429916e-8
nlpmodel,control2,66,30,"OPTIMAL",0.012934,0.012885,25,8.300000707657613,8.3,8.525995331429916e-8
nlpmodel,control2,66,30,"OPTIMAL",0.016594,0.016555,25,8.300000707657613,8.3,8.525995331429916e-8
nlpmodel,control2,66,30,"OPTIMAL",0.012826,0.012784,25,8.300000707657613,8.3,8.525995331429916e-8
nlpmodel,control2,66,30,"OPTIMAL",0.022962,0.022923,25,8.300000707657613,8.3,8.525995331429916e-8
nlpmodel,control2,66,30,"OPTIMAL",0.021643,0.021576,25,8.300000707657613,8.3,8.525995331429916e-8
nlpmodel,control2,66,30,"OPTIMAL",0.023294,0.02325,25,8.300000707657613,8.3,8.525995331429916e-8
nlpmodel,control2,66,30,"OPTIMAL",0.015571,0.015524,25,8.300000707657613,8.3,8.525995331429916e-8
nlpmodel,control2,66,30,"OPTIMAL",0.037769,0.037727,25,8.300000707657613,8.3,8.525995331429916e-8
nlpmodel,control2,66,30,"OPTIMAL",0.031944,0.031896,25,8.300000707657613,8.3,8.525995331429916e-8
nlpmodel,control2,66,30,"OPTIMAL",0.01775,0.017705,25,8.300000707657613,8.3,8.525995331429916e-8
nlpmodel,control2,66,30,"OPTIMAL",0.029225,0.029179,25,8.300000707657613,8.3,8.525995331429916e-8
nlpmodel,control2,66,30,"OPTIMAL",0.042566,0.042518,25,8.300000707657613,8.3,8.525995331429916e-8
nlpmodel,control2,66,30,"OPTIMAL",0.024444,0.024373,25,8.300000707657613,8.3,8.525995331429916e-8
nlpmodel,control2,66,30,"OPTIMAL",0.023266,0.023222,25,8.300000707657613,8.3,8.525995331429916e-8
nlpmodel,control2,66,30,"OPTIMAL",0.012687,0.012642,25,8.300000707657613,8.3,8.525995331429916e-8
nlpmodel,control2,66,30,"OPTIMAL",0.012758,0.012719,25,8.300000707657613,8.3,8.525995331429916e-8
nlpmodel,control2,66,30,"OPTIMAL",0.01687,0.016828,25,8.300000707657613,8.3,8.525995331429916e-8
nlpmodel,control2,66,30,"OPTIMAL",0.012738,0.012697,25,8.300000707657613,8.3,8.525995331429916e-8
nlpmodel,control2,66,30,"OPTIMAL",0.014781,0.014746,25,8.300000707657613,8.3,8.525995331429916e-8
nlpmodel,control2,66,30,"OPTIMAL",0.040988,0.040924,25,8.300000707657613,8.3,8.525995331429916e-8
nlpmodel,control2,66,30,"OPTIMAL",0.014774,0.014725,25,8.300000707657613,8.3,8.525995331429916e-8
nlpmodel,control2,66,30,"OPTIMAL",0.01304,0.013001,25,8.300000707657613,8.3,8.525995331429916e-8
nlpmodel,hinf13,57,30,"DUAL_INFEASIBLE",0.0087291,0.0086968,24,45.116640534634676,46.0,0.0192034666383766
nlpmodel,hinf13,57,30,"DUAL_INFEASIBLE",0.0087868,0.0087719,24,45.116640534634676,46.0,0.0192034666383766
nlpmodel,hinf13,57,30,"DUAL_INFEASIBLE",0.0082695,0.0082572,24,45.116640534634676,46.0,0.0192034666383766
nlpmodel,hinf13,57,30,"DUAL_INFEASIBLE",0.0084361,0.0084238,24,45.116640534634676,46.0,0.0192034666383766
nlpmodel,hinf13,57,30,"DUAL_INFEASIBLE",0.011934,0.011921,24,45.116640534634676,46.0,0.0192034666383766
nlpmodel,hinf13,57,30,"DUAL_INFEASIBLE",0.0082005,0.008182,24,45.116640534634676,46.0,0.0192034666383766
nlpmodel,hinf13,57,30,"DUAL_INFEASIBLE",0.0082657,0.0082529,24,45.116640534634676,46.0,0.0192034666383766
nlpmodel,hinf13,57,30,"DUAL_INFEASIBLE",0.0083589,0.008348,24,45.116640534634676,46.0,0.0192034666383766
nlpmodel,hinf13,57,30,"DUAL_INFEASIBLE",0.0083902,0.008378,24,45.116640534634676,46.0,0.0192034666383766
nlpmodel,hinf13,57,30,"DUAL_INFEASIBLE",0.013427,0.013412,24,45.116640534634676,46.0,0.0192034666383766
nlpmodel,hinf13,57,30,"DUAL_INFEASIBLE",0.0083834,0.0083649,24,45.116640534634676,46.0,0.0192034666383766
nlpmodel,hinf13,57,30,"DUAL_INFEASIBLE",0.0081904,0.008178,24,45.116640534634676,46.0,0.0192034666383766
nlpmodel,hinf13,57,30,"DUAL_INFEASIBLE",0.008469,0.0084572,24,45.116640534634676,46.0,0.0192034666383766
nlpmodel,hinf13,57,30,"DUAL_INFEASIBLE",0.0084244,0.0084131,24,45.116640534634676,46.0,0.0192034666383766
nlpmodel,hinf13,57,30,"DUAL_INFEASIBLE",0.012899,0.012887,24,45.116640534634676,46.0,0.0192034666383766
nlpmodel,hinf13,57,30,"DUAL_INFEASIBLE",0.0083645,0.0083499,24,45.116640534634676,46.0,0.0192034666383766
nlpmodel,hinf13,57,30,"DUAL_INFEASIBLE",0.0083007,0.0082891,24,45.116640534634676,46.0,0.0192034666383766
nlpmodel,hinf13,57,30,"DUAL_INFEASIBLE",0.0097044,0.0096929,24,45.116640534634676,46.0,0.0192034666383766
nlpmodel,hinf13,57,30,"DUAL_INFEASIBLE",0.0084653,0.0084541,24,45.116640534634676,46.0,0.0192034666383766
nlpmodel,hinf13,57,30,"DUAL_INFEASIBLE",0.011782,0.011766,24,45.116640534634676,46.0,0.0192034666383766
nlpmodel,hinf13,57,30,"DUAL_INFEASIBLE",0.0086306,0.0085988,24,45.116640534634676,46.0,0.0192034666383766
nlpmodel,hinf13,57,30,"DUAL_INFEASIBLE",0.0083154,0.0082901,24,45.116640534634676,46.0,0.0192034666383766
nlpmodel,hinf13,57,30,"DUAL_INFEASIBLE",0.008272,0.00825,24,45.116640534634676,46.0,0.0192034666383766
nlpmodel,hinf13,57,30,"DUAL_INFEASIBLE",0.0084098,0.008394,24,45.116640534634676,46.0,0.0192034666383766
nlpmodel,hinf13,57,30,"DUAL_INFEASIBLE",0.011792,0.011774,24,45.116640534634676,46.0,0.0192034666383766
nlpmodel,hinf13,57,30,"DUAL_INFEASIBLE",0.0082916,0.0082741,24,45.116640534634676,46.0,0.0192034666383766
nlpmodel,hinf13,57,30,"DUAL_INFEASIBLE",0.0084236,0.0084109,24,45.116640534634676,46.0,0.0192034666383766
nlpmodel,hinf13,57,30,"DUAL_INFEASIBLE",0.0083498,0.008338,24,45.116640534634676,46.0,0.0192034666383766
nlpmodel,hinf13,57,30,"DUAL_INFEASIBLE",0.008309,0.0082989,24,45.116640534634676,46.0,0.0192034666383766
nlpmodel,hinf13,57,30,"DUAL_INFEASIBLE",0.011638,0.011627,24,45.116640534634676,46.0,0.0192034666383766
nlpmodel,hinf13,57,30,"DUAL_INFEASIBLE",0.0082987,0.0082822,24,45.116640534634676,46.0,0.0192034666383766
nlpmodel,hinf13,57,30,"DUAL_INFEASIBLE",0.0084674,0.008455,24,45.116640534634676,46.0,0.0192034666383766
nlpmodel,infd1,10,30,"DUAL_INFEASIBLE",0.02288,0.022844,31,-1.428258387922634e58,NaN,NaN
nlpmodel,infd1,10,30,"DUAL_INFEASIBLE",0.024475,0.024426,31,-1.428258387922634e58,NaN,NaN
nlpmodel,infd1,10,30,"DUAL_INFEASIBLE",0.017102,0.017057,31,-1.428258387922634e58,NaN,NaN
nlpmodel,infd1,10,30,"DUAL_INFEASIBLE",0.015306,0.015273,31,-1.428258387922634e58,NaN,NaN
nlpmodel,infd1,10,30,"DUAL_INFEASIBLE",0.018053,0.018017,31,-1.428258387922634e58,NaN,NaN
nlpmodel,infd1,10,30,"DUAL_INFEASIBLE",0.018195,0.018158,31,-1.428258387922634e58,NaN,NaN
nlpmodel,infd1,10,30,"DUAL_INFEASIBLE",0.015238,0.015205,31,-1.428258387922634e58,NaN,NaN
nlpmodel,infd1,10,30,"DUAL_INFEASIBLE",0.018157,0.018144,31,-1.428258387922634e58,NaN,NaN
nlpmodel,infd1,10,30,"DUAL_INFEASIBLE",0.014627,0.014611,31,-1.428258387922634e58,NaN,NaN
nlpmodel,infd1,10,30,"DUAL_INFEASIBLE",0.030014,0.029996,31,-1.428258387922634e58,NaN,NaN
nlpmodel,infd1,10,30,"DUAL_INFEASIBLE",0.017883,0.017833,31,-1.428258387922634e58,NaN,NaN
nlpmodel,infd1,10,30,"DUAL_INFEASIBLE",0.021405,0.021383,31,-1.428258387922634e58,NaN,NaN
nlpmodel,infd1,10,30,"DUAL_INFEASIBLE",0.025255,0.025219,31,-1.428258387922634e58,NaN,NaN
nlpmodel,infd1,10,30,"DUAL_INFEASIBLE",0.01707,0.017046,31,-1.428258387922634e58,NaN,NaN
nlpmodel,infd1,10,30,"DUAL_INFEASIBLE",0.014483,0.014461,31,-1.428258387922634e58,NaN,NaN
nlpmodel,infd1,10,30,"DUAL_INFEASIBLE",0.018173,0.018156,31,-1.428258387922634e58,NaN,NaN
nlpmodel,infd1,10,30,"DUAL_INFEASIBLE",0.016005,0.015979,31,-1.428258387922634e58,NaN,NaN
nlpmodel,infd1,10,30,"DUAL_INFEASIBLE",0.018086,0.018064,31,-1.428258387922634e58,NaN,NaN
nlpmodel,infd1,10,30,"DUAL_INFEASIBLE",0.024177,0.024143,31,-1.428258387922634e58,NaN,NaN
nlpmodel,infd1,10,30,"DUAL_INFEASIBLE",0.014962,0.014924,31,-1.428258387922634e58,NaN,NaN
nlpmodel,infd1,10,30,"DUAL_INFEASIBLE",0.017664,0.017641,31,-1.428258387922634e58,NaN,NaN
nlpmodel,infd1,10,30,"DUAL_INFEASIBLE",0.01823,0.018205,31,-1.428258387922634e58,NaN,NaN
nlpmodel,infd1,10,30,"DUAL_INFEASIBLE",0.014937,0.014912,31,-1.428258387922634e58,NaN,NaN
nlpmodel,infd1,10,30,"DUAL_INFEASIBLE",0.031534,0.031517,31,-1.428258387922634e58,NaN,NaN
nlpmodel,infd1,10,30,"DUAL_INFEASIBLE",0.017721,0.017693,31,-1.428258387922634e58,NaN,NaN
nlpmodel,infd1,10,30,"DUAL_INFEASIBLE",0.014807,0.014786,31,-1.428258387922634e58,NaN,NaN
nlpmodel,infd1,10,30,"DUAL_INFEASIBLE",0.016823,0.016808,31,-1.428258387922634e58,NaN,NaN
nlpmodel,infd1,10,30,"DUAL_INFEASIBLE",0.014288,0.014273,31,-1.428258387922634e58,NaN,NaN
nlpmodel,infd1,10,30,"DUAL_INFEASIBLE",0.023832,0.023812,31,-1.428258387922634e58,NaN,NaN
nlpmodel,infd1,10,30,"DUAL_INFEASIBLE",0.023632,0.023582,31,-1.428258387922634e58,NaN,NaN
nlpmodel,infd1,10,30,"DUAL_INFEASIBLE",0.014801,0.014781,31,-1.428258387922634e58,NaN,NaN
nlpmodel,infd1,10,30,"DUAL_INFEASIBLE",0.016565,0.016548,31,-1.428258387922634e58,NaN,NaN
nlpmodel,infd2,10,30,"DUAL_INFEASIBLE",0.018712,0.01866,24,-1.2620840343632595e57,NaN,NaN
nlpmodel,infd2,10,30,"DUAL_INFEASIBLE",0.011369,0.011356,24,-1.2620840343632595e57,NaN,NaN
nlpmodel,infd2,10,30,"DUAL_INFEASIBLE",0.013491,0.01348,24,-1.2620840343632595e57,NaN,NaN
nlpmodel,infd2,10,30,"DUAL_INFEASIBLE",0.011008,0.010991,24,-1.2620840343632595e57,NaN,NaN
nlpmodel,infd2,10,30,"DUAL_INFEASIBLE",0.013743,0.013728,24,-1.2620840343632595e57,NaN,NaN
nlpmodel,infd2,10,30,"DUAL_INFEASIBLE",0.011376,0.011355,24,-1.2620840343632595e57,NaN,NaN
nlpmodel,infd2,10,30,"DUAL_INFEASIBLE",0.013847,0.013831,24,-1.2620840343632595e57,NaN,NaN
nlpmodel,infd2,10,30,"DUAL_INFEASIBLE",0.012025,0.012003,24,-1.2620840343632595e57,NaN,NaN
nlpmodel,infd2,10,30,"DUAL_INFEASIBLE",0.017553,0.017533,24,-1.2620840343632595e57,NaN,NaN
nlpmodel,infd2,10,30,"DUAL_INFEASIBLE",0.022749,0.022692,24,-1.2620840343632595e57,NaN,NaN
nlpmodel,infd2,10,30,"DUAL_INFEASIBLE",0.015548,0.015525,24,-1.2620840343632595e57,NaN,NaN
nlpmodel,infd2,10,30,"DUAL_INFEASIBLE",0.011198,0.011177,24,-1.2620840343632595e57,NaN,NaN
nlpmodel,infd2,10,30,"DUAL_INFEASIBLE",0.013652,0.013632,24,-1.2620840343632595e57,NaN,NaN
nlpmodel,infd2,10,30,"DUAL_INFEASIBLE",0.011356,0.011336,24,-1.2620840343632595e57,NaN,NaN
nlpmodel,infd2,10,30,"DUAL_INFEASIBLE",0.014846,0.014817,24,-1.2620840343632595e57,NaN,NaN
nlpmodel,infd2,10,30,"DUAL_INFEASIBLE",0.011699,0.01166,24,-1.2620840343632595e57,NaN,NaN
nlpmodel,infd2,10,30,"DUAL_INFEASIBLE",0.016944,0.0169,24,-1.2620840343632595e57,NaN,NaN
nlpmodel,infd2,10,30,"DUAL_INFEASIBLE",0.021362,0.021292,24,-1.2620840343632595e57,NaN,NaN
nlpmodel,infd2,10,30,"DUAL_INFEASIBLE",0.014946,0.014894,24,-1.2620840343632595e57,NaN,NaN
nlpmodel,infd2,10,30,"DUAL_INFEASIBLE",0.011875,0.011839,24,-1.2620840343632595e57,NaN,NaN
nlpmodel,infd2,10,30,"DUAL_INFEASIBLE",0.014555,0.014532,24,-1.2620840343632595e57,NaN,NaN
nlpmodel,infd2,10,30,"DUAL_INFEASIBLE",0.011663,0.011632,24,-1.2620840343632595e57,NaN,NaN
nlpmodel,infd2,10,30,"DUAL_INFEASIBLE",0.014511,0.014489,24,-1.2620840343632595e57,NaN,NaN
nlpmodel,infd2,10,30,"DUAL_INFEASIBLE",0.017427,0.017401,24,-1.2620840343632595e57,NaN,NaN
nlpmodel,infd2,10,30,"DUAL_INFEASIBLE",0.021785,0.021746,24,-1.2620840343632595e57,NaN,NaN
nlpmodel,infd2,10,30,"DUAL_INFEASIBLE",0.011221,0.011192,24,-1.2620840343632595e57,NaN,NaN
nlpmodel,infd2,10,30,"DUAL_INFEASIBLE",0.013585,0.013571,24,-1.2620840343632595e57,NaN,NaN
nlpmodel,infd2,10,30,"DUAL_INFEASIBLE",0.011281,0.011265,24,-1.2620840343632595e57,NaN,NaN
nlpmodel,infd2,10,30,"DUAL_INFEASIBLE",0.013169,0.013158,24,-1.2620840343632595e57,NaN,NaN
nlpmodel,infd2,10,30,"DUAL_INFEASIBLE",0.010918,0.010904,24,-1.2620840343632595e57,NaN,NaN
nlpmodel,infd2,10,30,"DUAL_INFEASIBLE",0.020472,0.020458,24,-1.2620840343632595e57,NaN,NaN
nlpmodel,infd2,10,30,"DUAL_INFEASIBLE",0.020179,0.020138,24,-1.2620840343632595e57,NaN,NaN
nlpmodel,infp1,10,30,"INFEASIBLE",0.021094,0.02103,23,5.1803466163663066,NaN,NaN
nlpmodel,infp1,10,30,"INFEASIBLE",0.01425,0.014217,23,5.1803466163663066,NaN,NaN
nlpmodel,infp1,10,30,"INFEASIBLE",0.010812,0.010791,23,5.1803466163663066,NaN,NaN
nlpmodel,infp1,10,30,"INFEASIBLE",0.013362,0.013349,23,5.1803466163663066,NaN,NaN
nlpmodel,infp1,10,30,"INFEASIBLE",0.011082,0.011066,23,5.1803466163663066,NaN,NaN
nlpmodel,infp1,10,30,"INFEASIBLE",0.010891,0.010875,23,5.1803466163663066,NaN,NaN
nlpmodel,infp1,10,30,"INFEASIBLE",0.014036,0.014021,23,5.1803466163663066,NaN,NaN
nlpmodel,infp1,10,30,"INFEASIBLE",0.011138,0.011119,23,5.1803466163663066,NaN,NaN
nlpmodel,infp1,10,30,"INFEASIBLE",0.013116,0.013103,23,5.1803466163663066,NaN,NaN
nlpmodel,infp1,10,30,"INFEASIBLE",0.011352,0.011331,23,5.1803466163663066,NaN,NaN
nlpmodel,infp1,10,30,"INFEASIBLE",0.027581,0.027562,23,5.1803466163663066,NaN,NaN
nlpmodel,infp1,10,30,"INFEASIBLE",0.011718,0.011689,23,5.1803466163663066,NaN,NaN
nlpmodel,infp1,10,30,"INFEASIBLE",0.013495,0.013481,23,5.1803466163663066,NaN,NaN
nlpmodel,infp1,10,30,"INFEASIBLE",0.011151,0.011132,23,5.1803466163663066,NaN,NaN
nlpmodel,infp1,10,30,"INFEASIBLE",0.013245,0.013229,23,5.1803466163663066,NaN,NaN
nlpmodel,infp1,10,30,"INFEASIBLE",0.010931,0.010916,23,5.1803466163663066,NaN,NaN
nlpmodel,infp1,10,30,"INFEASIBLE",0.020521,0.0205,23,5.1803466163663066,NaN,NaN
nlpmodel,infp1,10,30,"INFEASIBLE",0.01769,0.01764,23,5.1803466163663066,NaN,NaN
nlpmodel,infp1,10,30,"INFEASIBLE",0.013622,0.013597,23,5.1803466163663066,NaN,NaN
nlpmodel,infp1,10,30,"INFEASIBLE",0.011088,0.011066,23,5.1803466163663066,NaN,NaN
nlpmodel,infp1,10,30,"INFEASIBLE",0.013903,0.013884,23,5.1803466163663066,NaN,NaN
nlpmodel,infp1,10,30,"INFEASIBLE",0.011026,0.011011,23,5.1803466163663066,NaN,NaN
nlpmodel,infp1,10,30,"INFEASIBLE",0.011412,0.0114,23,5.1803466163663066,NaN,NaN
nlpmodel,infp1,10,30,"INFEASIBLE",0.013715,0.013702,23,5.1803466163663066,NaN,NaN
nlpmodel,infp1,10,30,"INFEASIBLE",0.010943,0.010927,23,5.1803466163663066,NaN,NaN
nlpmodel,infp1,10,30,"INFEASIBLE",0.02483,0.024812,23,5.1803466163663066,NaN,NaN
nlpmodel,infp1,10,30,"INFEASIBLE",0.014053,0.014011,23,5.1803466163663066,NaN,NaN
nlpmodel,infp1,10,30,"INFEASIBLE",0.013572,0.013542,23,5.1803466163663066,NaN,NaN
nlpmodel,infp1,10,30,"INFEASIBLE",0.010937,0.010911,23,5.1803466163663066,NaN,NaN
nlpmodel,infp1,10,30,"INFEASIBLE",0.01319,0.013174,23,5.1803466163663066,NaN,NaN
nlpmodel,infp1,10,30,"INFEASIBLE",0.01112,0.011102,23,5.1803466163663066,NaN,NaN
nlpmodel,infp1,10,30,"INFEASIBLE",0.020412,0.020392,23,5.1803466163663066,NaN,NaN
nlpmodel,infp2,10,30,"INFEASIBLE",0.01539,0.015364,23,4.545810967471759,NaN,NaN
nlpmodel,infp2,10,30,"INFEASIBLE",0.010975,0.010954,23,4.545810967471759,NaN,NaN
nlpmodel,infp2,10,30,"INFEASIBLE",0.014173,0.014159,23,4.545810967471759,NaN,NaN
nlpmodel,infp2,10,30,"INFEASIBLE",0.010934,0.010918,23,4.545810967471759,NaN,NaN
nlpmodel,infp2,10,30,"INFEASIBLE",0.013306,0.013293,23,4.545810967471759,NaN,NaN
nlpmodel,infp2,10,30,"INFEASIBLE",0.010894,0.010863,23,4.545810967471759,NaN,NaN
nlpmodel,infp2,10,30,"INFEASIBLE",0.010832,0.01082,23,4.545810967471759,NaN,NaN
nlpmodel,infp2,10,30,"INFEASIBLE",0.01428,0.014267,23,4.545810967471759,NaN,NaN
nlpmodel,infp2,10,30,"INFEASIBLE",0.01068,0.010648,23,4.545810967471759,NaN,NaN
nlpmodel,infp2,10,30,"INFEASIBLE",0.01567,0.015647,23,4.545810967471759,NaN,NaN
nlpmodel,infp2,10,30,"INFEASIBLE",0.020744,0.020704,23,4.545810967471759,NaN,NaN
nlpmodel,infp2,10,30,"INFEASIBLE",0.014359,0.014337,23,4.545810967471759,NaN,NaN
nlpmodel,infp2,10,30,"INFEASIBLE",0.010801,0.010786,23,4.545810967471759,NaN,NaN
nlpmodel,infp2,10,30,"INFEASIBLE",0.013561,0.013549,23,4.545810967471759,NaN,NaN
nlpmodel,infp2,10,30,"INFEASIBLE",0.012116,0.012096,23,4.545810967471759,NaN,NaN
nlpmodel,infp2,10,30,"INFEASIBLE",0.014365,0.014346,23,4.545810967471759,NaN,NaN
nlpmodel,infp2,10,30,"INFEASIBLE",0.015729,0.015709,23,4.545810967471759,NaN,NaN
nlpmodel,infp2,10,30,"INFEASIBLE",0.023131,0.023094,23,4.545810967471759,NaN,NaN
nlpmodel,infp2,10,30,"INFEASIBLE",0.010757,0.010736,23,4.545810967471759,NaN,NaN
nlpmodel,infp2,10,30,"INFEASIBLE",0.013135,0.013123,23,4.545810967471759,NaN,NaN
nlpmodel,infp2,10,30,"INFEASIBLE",0.010516,0.010502,23,4.545810967471759,NaN,NaN
nlpmodel,infp2,10,30,"INFEASIBLE",0.010885,0.010874,23,4.545810967471759,NaN,NaN
nlpmodel,infp2,10,30,"INFEASIBLE",0.012648,0.012637,23,4.545810967471759,NaN,NaN
nlpmodel,infp2,10,30,"INFEASIBLE",0.016073,0.01606,23,4.545810967471759,NaN,NaN
nlpmodel,infp2,10,30,"INFEASIBLE",0.014707,0.014689,23,4.545810967471759,NaN,NaN
nlpmodel,infp2,10,30,"INFEASIBLE",0.010755,0.010735,23,4.545810967471759,NaN,NaN
nlpmodel,infp2,10,30,"INFEASIBLE",0.012175,0.012159,23,4.545810967471759,NaN,NaN
nlpmodel,infp2,10,30,"INFEASIBLE",0.018062,0.018042,23,4.545810967471759,NaN,NaN
nlpmodel,infp2,10,30,"INFEASIBLE",0.022765,0.022723,23,4.545810967471759,NaN,NaN
nlpmodel,infp2,10,30,"INFEASIBLE",0.01139,0.011358,23,4.545810967471759,NaN,NaN
nlpmodel,infp2,10,30,"INFEASIBLE",0.013823,0.013804,23,4.545810967471759,NaN,NaN
nlpmodel,infp2,10,30,"INFEASIBLE",0.010894,0.010877,23,4.545810967471759,NaN,NaN
nlpmodel,truss3,27,31,"OPTIMAL",0.0049239,0.0048819,11,-9.109994520233688,-9.109996,1.6243325606723391e-7
nlpmodel,truss3,27,31,"OPTIMAL",0.0043169,0.0042939,11,-9.109994520233688,-9.109996,1.6243325606723391e-7
nlpmodel,truss3,27,31,"OPTIMAL",0.0039671,0.0039501,11,-9.109994520233688,-9.109996,1.6243325606723391e-7
nlpmodel,truss3,27,31,"OPTIMAL",0.003119,0.0031052,11,-9.109994520233688,-9.109996,1.6243325606723391e-7
nlpmodel,truss3,27,31,"OPTIMAL",0.0023646,0.0023551,11,-9.109994520233688,-9.109996,1.6243325606723391e-7
nlpmodel,truss3,27,31,"OPTIMAL",0.0021196,0.0021112,11,-9.109994520233688,-9.109996,1.6243325606723391e-7
nlpmodel,truss3,27,31,"OPTIMAL",0.0019107,0.001905,11,-9.109994520233688,-9.109996,1.6243325606723391e-7
nlpmodel,truss3,27,31,"OPTIMAL",0.0018741,0.001869,11,-9.109994520233688,-9.109996,1.6243325606723391e-7
nlpmodel,truss3,27,31,"OPTIMAL",0.0074043,0.0073981,11,-9.109994520233688,-9.109996,1.6243325606723391e-7
nlpmodel,truss3,27,31,"OPTIMAL",0.001953,0.0019441,11,-9.109994520233688,-9.109996,1.6243325606723391e-7
nlpmodel,truss3,27,31,"OPTIMAL",0.0018781,0.0018721,11,-9.109994520233688,-9.109996,1.6243325606723391e-7
nlpmodel,truss3,27,31,"OPTIMAL",0.0018657,0.0018601,11,-9.109994520233688,-9.109996,1.6243325606723391e-7
nlpmodel,truss3,27,31,"OPTIMAL",0.0018664,0.001862,11,-9.109994520233688,-9.109996,1.6243325606723391e-7
nlpmodel,truss3,27,31,"OPTIMAL",0.0018633,0.001858,11,-9.109994520233688,-9.109996,1.6243325606723391e-7
nlpmodel,truss3,27,31,"OPTIMAL",0.0018615,0.0018561,11,-9.109994520233688,-9.109996,1.6243325606723391e-7
nlpmodel,truss3,27,31,"OPTIMAL",0.0018797,0.0018749,11,-9.109994520233688,-9.109996,1.6243325606723391e-7
nlpmodel,truss3,27,31,"OPTIMAL",0.0018646,0.0018589,11,-9.109994520233688,-9.109996,1.6243325606723391e-7
nlpmodel,truss3,27,31,"OPTIMAL",0.0018662,0.0018611,11,-9.109994520233688,-9.109996,1.6243325606723391e-7
nlpmodel,truss3,27,31,"OPTIMAL",0.0018624,0.001857,11,-9.109994520233688,-9.109996,1.6243325606723391e-7
nlpmodel,truss3,27,31,"OPTIMAL",0.0018606,0.0018551,11,-9.109994520233688,-9.109996,1.6243325606723391e-7
nlpmodel,truss3,27,31,"OPTIMAL",0.0019366,0.0019319,11,-9.109994520233688,-9.109996,1.6243325606723391e-7
nlpmodel,truss3,27,31,"OPTIMAL",0.001912,0.0019071,11,-9.109994520233688,-9.109996,1.6243325606723391e-7
nlpmodel,truss3,27,31,"OPTIMAL",0.0018552,0.0018492,11,-9.109994520233688,-9.109996,1.6243325606723391e-7
nlpmodel,truss3,27,31,"OPTIMAL",0.0018618,0.0018561,11,-9.109994520233688,-9.109996,1.6243325606723391e-7
nlpmodel,truss3,27,31,"OPTIMAL",0.0018569,0.001852,11,-9.109994520233688,-9.109996,1.6243325606723391e-7
nlpmodel,truss3,27,31,"OPTIMAL",0.0019162,0.0019109,11,-9.109994520233688,-9.109996,1.6243325606723391e-7
nlpmodel,truss3,27,31,"OPTIMAL",0.0033276,0.0033209,11,-9.109994520233688,-9.109996,1.6243325606723391e-7
nlpmodel,truss3,27,31,"OPTIMAL",0.00339,0.0033741,11,-9.109994520233688,-9.109996,1.6243325606723391e-7
nlpmodel,truss3,27,31,"OPTIMAL",0.0075636,0.0075481,11,-9.109994520233688,-9.109996,1.6243325606723391e-7
nlpmodel,truss3,27,31,"OPTIMAL",0.0027501,0.0027211,11,-9.109994520233688,-9.109996,1.6243325606723391e-7
nlpmodel,truss3,27,31,"OPTIMAL",0.0027287,0.0027139,11,-9.109994520233688,-9.109996,1.6243325606723391e-7
nlpmodel,truss3,27,31,"OPTIMAL",0.0026603,0.0026519,11,-9.109994520233688,-9.109996,1.6243325606723391e-7
nlpmodel,hinf14,73,34,"DUAL_INFEASIBLE",0.014823,0.014774,21,12.997482374690478,13.0,0.00019366348534788358
nlpmodel,hinf14,73,34,"DUAL_INFEASIBLE",0.039019,0.038977,21,12.997482374690478,13.0,0.00019366348534788358
nlpmodel,hinf14,73,34,"DUAL_INFEASIBLE",0.037897,0.037847,21,12.997482374690478,13.0,0.00019366348534788358
nlpmodel,hinf14,73,34,"DUAL_INFEASIBLE",0.019531,0.019478,21,12.997482374690478,13.0,0.00019366348534788358
nlpmodel,hinf14,73,34,"DUAL_INFEASIBLE",0.014543,0.014506,21,12.997482374690478,13.0,0.00019366348534788358
nlpmodel,hinf14,73,34,"DUAL_INFEASIBLE",0.012959,0.012926,21,12.997482374690478,13.0,0.00019366348534788358
nlpmodel,hinf14,73,34,"DUAL_INFEASIBLE",0.010979,0.010935,21,12.997482374690478,13.0,0.00019366348534788358
nlpmodel,hinf14,73,34,"DUAL_INFEASIBLE",0.012854,0.01284,21,12.997482374690478,13.0,0.00019366348534788358
nlpmodel,hinf14,73,34,"DUAL_INFEASIBLE",0.01424,0.014222,21,12.997482374690478,13.0,0.00019366348534788358
nlpmodel,hinf14,73,34,"DUAL_INFEASIBLE",0.021825,0.021803,21,12.997482374690478,13.0,0.00019366348534788358
nlpmodel,hinf14,73,34,"DUAL_INFEASIBLE",0.011959,0.01192,21,12.997482374690478,13.0,0.00019366348534788358
nlpmodel,hinf14,73,34,"DUAL_INFEASIBLE",0.013279,0.013253,21,12.997482374690478,13.0,0.00019366348534788358
nlpmodel,hinf14,73,34,"DUAL_INFEASIBLE",0.014117,0.014089,21,12.997482374690478,13.0,0.00019366348534788358
nlpmodel,hinf14,73,34,"DUAL_INFEASIBLE",0.012827,0.012809,21,12.997482374690478,13.0,0.00019366348534788358
nlpmodel,hinf14,73,34,"DUAL_INFEASIBLE",0.015791,0.015768,21,12.997482374690478,13.0,0.00019366348534788358
nlpmodel,hinf14,73,34,"DUAL_INFEASIBLE",0.048681,0.048637,21,12.997482374690478,13.0,0.00019366348534788358
nlpmodel,hinf14,73,34,"DUAL_INFEASIBLE",0.023064,0.022998,21,12.997482374690478,13.0,0.00019366348534788358
nlpmodel,hinf14,73,34,"DUAL_INFEASIBLE",0.017459,0.017419,21,12.997482374690478,13.0,0.00019366348534788358
nlpmodel,hinf14,73,34,"DUAL_INFEASIBLE",0.015763,0.015737,21,12.997482374690478,13.0,0.00019366348534788358
nlpmodel,hinf14,73,34,"DUAL_INFEASIBLE",0.014386,0.014363,21,12.997482374690478,13.0,0.00019366348534788358
nlpmodel,hinf14,73,34,"DUAL_INFEASIBLE",0.02222,0.022201,21,12.997482374690478,13.0,0.00019366348534788358
nlpmodel,hinf14,73,34,"DUAL_INFEASIBLE",0.034342,0.034308,21,12.997482374690478,13.0,0.00019366348534788358
nlpmodel,hinf14,73,34,"DUAL_INFEASIBLE",0.023077,0.023036,21,12.997482374690478,13.0,0.00019366348534788358
nlpmodel,hinf14,73,34,"DUAL_INFEASIBLE",0.027005,0.026981,21,12.997482374690478,13.0,0.00019366348534788358
nlpmodel,hinf14,73,34,"DUAL_INFEASIBLE",0.025026,0.024985,21,12.997482374690478,13.0,0.00019366348534788358
nlpmodel,hinf14,73,34,"DUAL_INFEASIBLE",0.016986,0.016947,21,12.997482374690478,13.0,0.00019366348534788358
nlpmodel,hinf14,73,34,"DUAL_INFEASIBLE",0.035032,0.035,21,12.997482374690478,13.0,0.00019366348534788358
nlpmodel,hinf14,73,34,"DUAL_INFEASIBLE",0.021269,0.021237,21,12.997482374690478,13.0,0.00019366348534788358
nlpmodel,hinf14,73,34,"DUAL_INFEASIBLE",0.021802,0.02177,21,12.997482374690478,13.0,0.00019366348534788358
nlpmodel,hinf14,73,34,"DUAL_INFEASIBLE",0.016174,0.016138,21,12.997482374690478,13.0,0.00019366348534788358
nlpmodel,hinf14,73,34,"DUAL_INFEASIBLE",0.015708,0.01568,21,12.997482374690478,13.0,0.00019366348534788358
nlpmodel,hinf14,73,34,"DUAL_INFEASIBLE",0.023036,0.023003,21,12.997482374690478,13.0,0.00019366348534788358
nlpmodel,hinf15,91,37,"DUAL_INFEASIBLE",0.04392,0.043877,27,24.719252758384243,25.0,0.011229889664630264
nlpmodel,hinf15,91,37,"DUAL_INFEASIBLE",0.045382,0.045314,27,24.719252758384243,25.0,0.011229889664630264
nlpmodel,hinf15,91,37,"DUAL_INFEASIBLE",0.044365,0.044322,27,24.719252758384243,25.0,0.011229889664630264
nlpmodel,hinf15,91,37,"DUAL_INFEASIBLE",0.053705,0.053627,27,24.719252758384243,25.0,0.011229889664630264
nlpmodel,hinf15,91,37,"DUAL_INFEASIBLE",0.037937,0.037895,27,24.719252758384243,25.0,0.011229889664630264
nlpmodel,hinf15,91,37,"DUAL_INFEASIBLE",0.036893,0.036854,27,24.719252758384243,25.0,0.011229889664630264
nlpmodel,hinf15,91,37,"DUAL_INFEASIBLE",0.037937,0.037898,27,24.719252758384243,25.0,0.011229889664630264
nlpmodel,hinf15,91,37,"DUAL_INFEASIBLE",0.033723,0.033681,27,24.719252758384243,25.0,0.011229889664630264
nlpmodel,hinf15,91,37,"DUAL_INFEASIBLE",0.040051,0.040002,27,24.719252758384243,25.0,0.011229889664630264
nlpmodel,hinf15,91,37,"DUAL_INFEASIBLE",0.033145,0.033075,27,24.719252758384243,25.0,0.011229889664630264
nlpmodel,hinf15,91,37,"DUAL_INFEASIBLE",0.040741,0.040704,27,24.719252758384243,25.0,0.011229889664630264
nlpmodel,hinf15,91,37,"DUAL_INFEASIBLE",0.035219,0.035175,27,24.719252758384243,25.0,0.011229889664630264
nlpmodel,hinf15,91,37,"DUAL_INFEASIBLE",0.04114,0.041097,27,24.719252758384243,25.0,0.011229889664630264
nlpmodel,hinf15,91,37,"DUAL_INFEASIBLE",0.033179,0.033136,27,24.719252758384243,25.0,0.011229889664630264
nlpmodel,hinf15,91,37,"DUAL_INFEASIBLE",0.039525,0.039478,27,24.719252758384243,25.0,0.011229889664630264
nlpmodel,hinf15,91,37,"DUAL_INFEASIBLE",0.046031,0.045987,27,24.719252758384243,25.0,0.011229889664630264
nlpmodel,hinf15,91,37,"DUAL_INFEASIBLE",0.038486,0.038442,27,24.719252758384243,25.0,0.011229889664630264
nlpmodel,hinf15,91,37,"DUAL_INFEASIBLE",0.038936,0.038898,27,24.719252758384243,25.0,0.011229889664630264
nlpmodel,hinf15,91,37,"DUAL_INFEASIBLE",0.047746,0.047707,27,24.719252758384243,25.0,0.011229889664630264
nlpmodel,hinf15,91,37,"DUAL_INFEASIBLE",0.037828,0.037788,27,24.719252758384243,25.0,0.011229889664630264
nlpmodel,hinf15,91,37,"DUAL_INFEASIBLE",0.038474,0.038432,27,24.719252758384243,25.0,0.011229889664630264
nlpmodel,hinf15,91,37,"DUAL_INFEASIBLE",0.047707,0.047667,27,24.719252758384243,25.0,0.011229889664630264
nlpmodel,hinf15,91,37,"DUAL_INFEASIBLE",0.051266,0.051211,27,24.719252758384243,25.0,0.011229889664630264
nlpmodel,hinf15,91,37,"DUAL_INFEASIBLE",0.058128,0.058089,27,24.719252758384243,25.0,0.011229889664630264
nlpmodel,hinf15,91,37,"DUAL_INFEASIBLE",0.045361,0.045312,27,24.719252758384243,25.0,0.011229889664630264
nlpmodel,hinf15,91,37,"DUAL_INFEASIBLE",0.031768,0.031692,27,24.719252758384243,25.0,0.011229889664630264
nlpmodel,hinf15,91,37,"DUAL_INFEASIBLE",0.0304,0.030349,27,24.719252758384243,25.0,0.011229889664630264
nlpmodel,hinf15,91,37,"DUAL_INFEASIBLE",0.045688,0.045654,27,24.719252758384243,25.0,0.011229889664630264
nlpmodel,hinf15,91,37,"DUAL_INFEASIBLE",0.037793,0.037751,27,24.719252758384243,25.0,0.011229889664630264
nlpmodel,hinf15,91,37,"DUAL_INFEASIBLE",0.046663,0.046621,27,24.719252758384243,25.0,0.011229889664630264
nlpmodel,hinf15,91,37,"DUAL_INFEASIBLE",0.036642,0.0366,27,24.719252758384243,25.0,0.011229889664630264
nlpmodel,hinf15,91,37,"DUAL_INFEASIBLE",0.03915,0.03911,27,24.719252758384243,25.0,0.011229889664630264
nlpmodel,qap6,229,37,"DUAL_INFEASIBLE",0.087192,0.08713,17,140.50974985949142,-381.44,1.3683665841534487
nlpmodel,qap6,229,37,"DUAL_INFEASIBLE",0.081678,0.081631,17,140.50974985949142,-381.44,1.3683665841534487
nlpmodel,qap6,229,37,"DUAL_INFEASIBLE",0.086597,0.086552,17,140.50974985949142,-381.44,1.3683665841534487
nlpmodel,qap6,229,37,"DUAL_INFEASIBLE",0.081771,0.081723,17,140.50974985949142,-381.44,1.3683665841534487
nlpmodel,qap6,229,37,"DUAL_INFEASIBLE",0.091353,0.091273,17,140.50974985949142,-381.44,1.3683665841534487
nlpmodel,qap6,229,37,"DUAL_INFEASIBLE",0.087156,0.08711,17,140.50974985949142,-381.44,1.3683665841534487
nlpmodel,qap6,229,37,"DUAL_INFEASIBLE",0.083311,0.083264,17,140.50974985949142,-381.44,1.3683665841534487
nlpmodel,qap6,229,37,"DUAL_INFEASIBLE",0.069194,0.06915,17,140.50974985949142,-381.44,1.3683665841534487
nlpmodel,qap6,229,37,"DUAL_INFEASIBLE",0.082275,0.08223,17,140.50974985949142,-381.44,1.3683665841534487
nlpmodel,qap6,229,37,"DUAL_INFEASIBLE",0.080296,0.080248,17,140.50974985949142,-381.44,1.3683665841534487
nlpmodel,qap6,229,37,"DUAL_INFEASIBLE",0.083064,0.082994,17,140.50974985949142,-381.44,1.3683665841534487
nlpmodel,qap6,229,37,"DUAL_INFEASIBLE",0.082763,0.08272,17,140.50974985949142,-381.44,1.3683665841534487
nlpmodel,qap6,229,37,"DUAL_INFEASIBLE",0.086614,0.086571,17,140.50974985949142,-381.44,1.3683665841534487
nlpmodel,qap6,229,37,"DUAL_INFEASIBLE",0.071673,0.071627,17,140.50974985949142,-381.44,1.3683665841534487
nlpmodel,qap6,229,37,"DUAL_INFEASIBLE",0.10091,0.10084,17,140.50974985949142,-381.44,1.3683665841534487
nlpmodel,qap6,229,37,"DUAL_INFEASIBLE",0.068388,0.06834,17,140.50974985949142,-381.44,1.3683665841534487
nlpmodel,qap6,229,37,"DUAL_INFEASIBLE",0.08137,0.081318,17,140.50974985949142,-381.44,1.3683665841534487
nlpmodel,qap6,229,37,"DUAL_INFEASIBLE",0.095302,0.095252,17,140.50974985949142,-381.44,1.3683665841534487
nlpmodel,qap6,229,37,"DUAL_INFEASIBLE",0.078908,0.078828,17,140.50974985949142,-381.44,1.3683665841534487
nlpmodel,qap6,229,37,"DUAL_INFEASIBLE",0.077643,0.077585,17,140.50974985949142,-381.44,1.3683665841534487
nlpmodel,qap6,229,37,"DUAL_INFEASIBLE",0.086495,0.086422,17,140.50974985949142,-381.44,1.3683665841534487
nlpmodel,qap6,229,37,"DUAL_INFEASIBLE",0.089341,0.08928,17,140.50974985949142,-381.44,1.3683665841534487
nlpmodel,qap6,229,37,"DUAL_INFEASIBLE",0.073022,0.072963,17,140.50974985949142,-381.44,1.3683665841534487
nlpmodel,qap6,229,37,"DUAL_INFEASIBLE",0.08569,0.085613,17,140.50974985949142,-381.44,1.3683665841534487
nlpmodel,qap6,229,37,"DUAL_INFEASIBLE",0.086214,0.086137,17,140.50974985949142,-381.44,1.3683665841534487
nlpmodel,qap6,229,37,"DUAL_INFEASIBLE",0.071222,0.071173,17,140.50974985949142,-381.44,1.3683665841534487
nlpmodel,qap6,229,37,"DUAL_INFEASIBLE",0.0871,0.087051,17,140.50974985949142,-381.44,1.3683665841534487
nlpmodel,qap6,229,37,"DUAL_INFEASIBLE",0.086036,0.085957,17,140.50974985949142,-381.44,1.3683665841534487
nlpmodel,qap6,229,37,"DUAL_INFEASIBLE",0.080731,0.080651,17,140.50974985949142,-381.44,1.3683665841534487
nlpmodel,qap6,229,37,"DUAL_INFEASIBLE",0.081314,0.081248,17,140.50974985949142,-381.44,1.3683665841534487
nlpmodel,qap6,229,37,"DUAL_INFEASIBLE",0.090108,0.090047,17,140.50974985949142,-381.44,1.3683665841534487
nlpmodel,qap6,229,37,"DUAL_INFEASIBLE",0.089768,0.089719,17,140.50974985949142,-381.44,1.3683665841534487
nlpmodel,control3,136,45,"OPTIMAL",0.048694,0.048647,25,13.633269472517473,13.63327,3.869082963887258e-8
nlpmodel,control3,136,45,"OPTIMAL",0.064079,0.064047,25,13.633269472517473,13.63327,3.869082963887258e-8
nlpmodel,control3,136,45,"OPTIMAL",0.064076,0.064039,25,13.633269472517473,13.63327,3.869082963887258e-8
nlpmodel,control3,136,45,"OPTIMAL",0.051276,0.051229,25,13.633269472517473,13.63327,3.869082963887258e-8
nlpmodel,control3,136,45,"OPTIMAL",0.069026,0.068985,25,13.633269472517473,13.63327,3.869082963887258e-8
nlpmodel,control3,136,45,"OPTIMAL",0.06825,0.068179,25,13.633269472517473,13.63327,3.869082963887258e-8
nlpmodel,control3,136,45,"OPTIMAL",0.060083,0.06004,25,13.633269472517473,13.63327,3.869082963887258e-8
nlpmodel,control3,136,45,"OPTIMAL",0.058216,0.058176,25,13.633269472517473,13.63327,3.869082963887258e-8
nlpmodel,control3,136,45,"OPTIMAL",0.086673,0.086616,25,13.633269472517473,13.63327,3.869082963887258e-8
nlpmodel,control3,136,45,"OPTIMAL",0.07891,0.078856,25,13.633269472517473,13.63327,3.869082963887258e-8
nlpmodel,control3,136,45,"OPTIMAL",0.062553,0.062501,25,13.633269472517473,13.63327,3.869082963887258e-8
nlpmodel,control3,136,45,"OPTIMAL",0.092437,0.092388,25,13.633269472517473,13.63327,3.869082963887258e-8
nlpmodel,control3,136,45,"OPTIMAL",0.11703,0.11698,25,13.633269472517473,13.63327,3.869082963887258e-8
nlpmodel,control3,136,45,"OPTIMAL",0.067872,0.067823,25,13.633269472517473,13.63327,3.869082963887258e-8
nlpmodel,control3,136,45,"OPTIMAL",0.061135,0.061076,25,13.633269472517473,13.63327,3.869082963887258e-8
nlpmodel,control3,136,45,"OPTIMAL",0.065914,0.065871,25,13.633269472517473,13.63327,3.869082963887258e-8
nlpmodel,control3,136,45,"OPTIMAL",0.079739,0.079698,25,13.633269472517473,13.63327,3.869082963887258e-8
nlpmodel,control3,136,45,"OPTIMAL",0.076363,0.07628,25,13.633269472517473,13.63327,3.869082963887258e-8
nlpmodel,control3,136,45,"OPTIMAL",0.086476,0.086434,25,13.633269472517473,13.63327,3.869082963887258e-8
nlpmodel,control3,136,45,"OPTIMAL",0.070111,0.070063,25,13.633269472517473,13.63327,3.869082963887258e-8
nlpmodel,control3,136,45,"OPTIMAL",0.1323,0.13225,25,13.633269472517473,13.63327,3.869082963887258e-8
nlpmodel,control3,136,45,"OPTIMAL",0.36321,0.36316,25,13.633269472517473,13.63327,3.869082963887258e-8
nlpmodel,control3,136,45,"OPTIMAL",0.06979,0.069743,25,13.633269472517473,13.63327,3.869082963887258e-8
nlpmodel,control3,136,45,"OPTIMAL",0.064368,0.064324,25,13.633269472517473,13.63327,3.869082963887258e-8
nlpmodel,control3,136,45,"OPTIMAL",0.07388,0.073832,25,13.633269472517473,13.63327,3.869082963887258e-8
nlpmodel,control3,136,45,"OPTIMAL",0.087009,0.086967,25,13.633269472517473,13.63327,3.869082963887258e-8
nlpmodel,control3,136,45,"OPTIMAL",0.083874,0.083828,25,13.633269472517473,13.63327,3.869082963887258e-8
nlpmodel,control3,136,45,"OPTIMAL",0.10951,0.10943,25,13.633269472517473,13.63327,3.869082963887258e-8
nlpmodel,control3,136,45,"OPTIMAL",0.082768,0.082719,25,13.633269472517473,13.63327,3.869082963887258e-8
nlpmodel,control3,136,45,"OPTIMAL",0.086763,0.086678,25,13.633269472517473,13.63327,3.869082963887258e-8
nlpmodel,control3,136,45,"OPTIMAL",0.096981,0.096898,25,13.633269472517473,13.63327,3.869082963887258e-8
nlpmodel,control3,136,45,"OPTIMAL",0.083509,0.083464,25,13.633269472517473,13.63327,3.869082963887258e-8
nlpmodel,qap7,358,50,"DUAL_INFEASIBLE",0.20517,0.20509,16,378.732924984477,-425.0,1.8911362940811223
nlpmodel,qap7,358,50,"DUAL_INFEASIBLE",0.20018,0.20013,16,378.732924984477,-425.0,1.8911362940811223
nlpmodel,qap7,358,50,"DUAL_INFEASIBLE",0.20381,0.20376,16,378.732924984477,-425.0,1.8911362940811223
nlpmodel,qap7,358,50,"DUAL_INFEASIBLE",0.17278,0.17272,16,378.732924984477,-425.0,1.8911362940811223
nlpmodel,qap7,358,50,"DUAL_INFEASIBLE",0.20853,0.20848,16,378.732924984477,-425.0,1.8911362940811223
nlpmodel,qap7,358,50,"DUAL_INFEASIBLE",0.19622,0.19617,16,378.732924984477,-425.0,1.8911362940811223
nlpmodel,qap7,358,50,"DUAL_INFEASIBLE",0.19413,0.19408,16,378.732924984477,-425.0,1.8911362940811223
nlpmodel,qap7,358,50,"DUAL_INFEASIBLE",0.19725,0.19717,16,378.732924984477,-425.0,1.8911362940811223
nlpmodel,qap7,358,50,"DUAL_INFEASIBLE",0.20369,0.20364,16,378.732924984477,-425.0,1.8911362940811223
nlpmodel,qap7,358,50,"DUAL_INFEASIBLE",0.20751,0.20743,16,378.732924984477,-425.0,1.8911362940811223
nlpmodel,qap7,358,50,"DUAL_INFEASIBLE",0.19317,0.19312,16,378.732924984477,-425.0,1.8911362940811223
nlpmodel,qap7,358,50,"DUAL_INFEASIBLE",0.1998,0.19976,16,378.732924984477,-425.0,1.8911362940811223
nlpmodel,qap7,358,50,"DUAL_INFEASIBLE",0.20804,0.20798,16,378.732924984477,-425.0,1.8911362940811223
nlpmodel,qap7,358,50,"DUAL_INFEASIBLE",0.20005,0.19998,16,378.732924984477,-425.0,1.8911362940811223
nlpmodel,qap7,358,50,"DUAL_INFEASIBLE",0.20563,0.20559,16,378.732924984477,-425.0,1.8911362940811223
nlpmodel,qap7,358,50,"DUAL_INFEASIBLE",0.19897,0.19889,16,378.732924984477,-425.0,1.8911362940811223
nlpmodel,qap7,358,50,"DUAL_INFEASIBLE",0.19672,0.19667,16,378.732924984477,-425.0,1.8911362940811223
nlpmodel,qap7,358,50,"DUAL_INFEASIBLE",0.19603,0.19598,16,378.732924984477,-425.0,1.8911362940811223
nlpmodel,qap7,358,50,"DUAL_INFEASIBLE",0.21016,0.21012,16,378.732924984477,-425.0,1.8911362940811223
nlpmodel,qap7,358,50,"DUAL_INFEASIBLE",0.19778,0.19773,16,378.732924984477,-425.0,1.8911362940811223
nlpmodel,qap7,358,50,"DUAL_INFEASIBLE",0.71996,0.71988,16,378.732924984477,-425.0,1.8911362940811223
nlpmodel,qap7,358,50,"DUAL_INFEASIBLE",0.35579,0.3557,16,378.732924984477,-425.0,1.8911362940811223
nlpmodel,qap7,358,50,"DUAL_INFEASIBLE",0.37496,0.37487,16,378.732924984477,-425.0,1.8911362940811223
nlpmodel,qap7,358,50,"DUAL_INFEASIBLE",0.32633,0.32627,16,378.732924984477,-425.0,1.8911362940811223
nlpmodel,qap7,358,50,"DUAL_INFEASIBLE",0.21271,0.21266,16,378.732924984477,-425.0,1.8911362940811223
nlpmodel,qap7,358,50,"DUAL_INFEASIBLE",0.19881,0.19873,16,378.732924984477,-425.0,1.8911362940811223
nlpmodel,qap7,358,50,"DUAL_INFEASIBLE",0.17999,0.17991,16,378.732924984477,-425.0,1.8911362940811223
nlpmodel,qap7,358,50,"DUAL_INFEASIBLE",0.21223,0.21218,16,378.732924984477,-425.0,1.8911362940811223
nlpmodel,qap7,358,50,"DUAL_INFEASIBLE",0.19185,0.19177,16,378.732924984477,-425.0,1.8911362940811223
nlpmodel,qap7,358,50,"DUAL_INFEASIBLE",0.20168,0.2016,16,378.732924984477,-425.0,1.8911362940811223
nlpmodel,qap7,358,50,"DUAL_INFEASIBLE",0.19223,0.19217,16,378.732924984477,-425.0,1.8911362940811223
nlpmodel,qap7,358,50,"DUAL_INFEASIBLE",0.19681,0.19672,16,378.732924984477,-425.0,1.8911362940811223
nlpmodel,theta1,104,50,"OPTIMAL",0.028666,0.028579,11,23.000001396192154,23.0,6.070400669090226e-8
nlpmodel,theta1,104,50,"OPTIMAL",0.021163,0.021126,11,23.000001396192154,23.0,6.070400669090226e-8
nlpmodel,theta1,104,50,"OPTIMAL",0.020986,0.020957,11,23.000001396192154,23.0,6.070400669090226e-8
nlpmodel,theta1,104,50,"OPTIMAL",0.024598,0.024572,11,23.000001396192154,23.0,6.070400669090226e-8
nlpmodel,theta1,104,50,"OPTIMAL",0.021063,0.02101,11,23.000001396192154,23.0,6.070400669090226e-8
nlpmodel,theta1,104,50,"OPTIMAL",0.02326,0.023228,11,23.000001396192154,23.0,6.070400669090226e-8
nlpmodel,theta1,104,50,"OPTIMAL",0.024615,0.024576,11,23.000001396192154,23.0,6.070400669090226e-8
nlpmodel,theta1,104,50,"OPTIMAL",0.02091,0.020874,11,23.000001396192154,23.0,6.070400669090226e-8
nlpmodel,theta1,104,50,"OPTIMAL",0.02361,0.023562,11,23.000001396192154,23.0,6.070400669090226e-8
nlpmodel,theta1,104,50,"OPTIMAL",0.022835,0.022779,11,23.000001396192154,23.0,6.070400669090226e-8
nlpmodel,theta1,104,50,"OPTIMAL",0.020607,0.020578,11,23.000001396192154,23.0,6.070400669090226e-8
nlpmodel,theta1,104,50,"OPTIMAL",0.022484,0.022455,11,23.000001396192154,23.0,6.070400669090226e-8
nlpmodel,theta1,104,50,"OPTIMAL",0.022515,0.022478,11,23.000001396192154,23.0,6.070400669090226e-8
nlpmodel,theta1,104,50,"OPTIMAL",0.021139,0.021112,11,23.000001396192154,23.0,6.070400669090226e-8
nlpmodel,theta1,104,50,"OPTIMAL",0.020925,0.020881,11,23.000001396192154,23.0,6.070400669090226e-8
nlpmodel,theta1,104,50,"OPTIMAL",0.031197,0.031169,11,23.000001396192154,23.0,6.070400669090226e-8
nlpmodel,theta1,104,50,"OPTIMAL",0.021071,0.021038,11,23.000001396192154,23.0,6.070400669090226e-8
nlpmodel,theta1,104,50,"OPTIMAL",0.023421,0.023386,11,23.000001396192154,23.0,6.070400669090226e-8
nlpmodel,theta1,104,50,"OPTIMAL",0.026648,0.026617,11,23.000001396192154,23.0,6.070400669090226e-8
nlpmodel,theta1,104,50,"OPTIMAL",0.021187,0.021156,11,23.000001396192154,23.0,6.070400669090226e-8
nlpmodel,theta1,104,50,"OPTIMAL",0.022658,0.02263,11,23.000001396192154,23.0,6.070400669090226e-8
nlpmodel,theta1,104,50,"OPTIMAL",0.023252,0.023204,11,23.000001396192154,23.0,6.070400669090226e-8
nlpmodel,theta1,104,50,"OPTIMAL",0.018645,0.018611,11,23.000001396192154,23.0,6.070400669090226e-8
nlpmodel,theta1,104,50,"OPTIMAL",0.020019,0.019997,11,23.000001396192154,23.0,6.070400669090226e-8
nlpmodel,theta1,104,50,"OPTIMAL",0.019777,0.019743,11,23.000001396192154,23.0,6.070400669090226e-8
nlpmodel,theta1,104,50,"OPTIMAL",0.026262,0.026222,11,23.000001396192154,23.0,6.070400669090226e-8
nlpmodel,theta1,104,50,"OPTIMAL",0.023577,0.023533,11,23.000001396192154,23.0,6.070400669090226e-8
nlpmodel,theta1,104,50,"OPTIMAL",0.021157,0.021105,11,23.000001396192154,23.0,6.070400669090226e-8
nlpmodel,theta1,104,50,"OPTIMAL",0.022367,0.022337,11,23.000001396192154,23.0,6.070400669090226e-8
nlpmodel,theta1,104,50,"OPTIMAL",0.022964,0.022933,11,23.000001396192154,23.0,6.070400669090226e-8
nlpmodel,theta1,104,50,"OPTIMAL",0.021186,0.021158,11,23.000001396192154,23.0,6.070400669090226e-8
nlpmodel,theta1,104,50,"OPTIMAL",0.024583,0.024554,11,23.000001396192154,23.0,6.070400669090226e-8
nlpmodel,control4,231,60,"OPTIMAL",0.17658,0.17654,27,19.794233783949924,19.79423,1.9116429004570814e-7
nlpmodel,control4,231,60,"OPTIMAL",0.19705,0.197,27,19.794233783949924,19.79423,1.9116429004570814e-7
nlpmodel,control4,231,60,"OPTIMAL",0.19882,0.19874,27,19.794233783949924,19.79423,1.9116429004570814e-7
nlpmodel,control4,231,60,"OPTIMAL",0.19576,0.19571,27,19.794233783949924,19.79423,1.9116429004570814e-7
nlpmodel,control4,231,60,"OPTIMAL",0.19059,0.19054,27,19.794233783949924,19.79423,1.9116429004570814e-7
nlpmodel,control4,231,60,"OPTIMAL",0.1987,0.19865,27,19.794233783949924,19.79423,1.9116429004570814e-7
nlpmodel,control4,231,60,"OPTIMAL",0.19572,0.19564,27,19.794233783949924,19.79423,1.9116429004570814e-7
nlpmodel,control4,231,60,"OPTIMAL",0.18861,0.18854,27,19.794233783949924,19.79423,1.9116429004570814e-7
nlpmodel,control4,231,60,"OPTIMAL",0.19709,0.19705,27,19.794233783949924,19.79423,1.9116429004570814e-7
nlpmodel,control4,231,60,"OPTIMAL",0.18572,0.18568,27,19.794233783949924,19.79423,1.9116429004570814e-7
nlpmodel,control4,231,60,"OPTIMAL",0.1946,0.19455,27,19.794233783949924,19.79423,1.9116429004570814e-7
nlpmodel,control4,231,60,"OPTIMAL",0.1987,0.19865,27,19.794233783949924,19.79423,1.9116429004570814e-7
nlpmodel,control4,231,60,"OPTIMAL",0.19596,0.19592,27,19.794233783949924,19.79423,1.9116429004570814e-7
nlpmodel,control4,231,60,"OPTIMAL",0.19896,0.19889,27,19.794233783949924,19.79423,1.9116429004570814e-7
nlpmodel,control4,231,60,"OPTIMAL",0.18291,0.18286,27,19.794233783949924,19.79423,1.9116429004570814e-7
nlpmodel,control4,231,60,"OPTIMAL",0.19284,0.19279,27,19.794233783949924,19.79423,1.9116429004570814e-7
nlpmodel,control4,231,60,"OPTIMAL",0.19312,0.19307,27,19.794233783949924,19.79423,1.9116429004570814e-7
nlpmodel,control4,231,60,"OPTIMAL",0.1909,0.19085,27,19.794233783949924,19.79423,1.9116429004570814e-7
nlpmodel,control4,231,60,"OPTIMAL",0.19741,0.19737,27,19.794233783949924,19.79423,1.9116429004570814e-7
nlpmodel,control4,231,60,"OPTIMAL",0.19615,0.1961,27,19.794233783949924,19.79423,1.9116429004570814e-7
nlpmodel,control4,231,60,"OPTIMAL",0.20206,0.20201,27,19.794233783949924,19.79423,1.9116429004570814e-7
nlpmodel,control4,231,60,"OPTIMAL",0.19039,0.19032,27,19.794233783949924,19.79423,1.9116429004570814e-7
nlpmodel,control4,231,60,"OPTIMAL",0.19547,0.19542,27,19.794233783949924,19.79423,1.9116429004570814e-7
nlpmodel,control4,231,60,"OPTIMAL",0.18417,0.18412,27,19.794233783949924,19.79423,1.9116429004570814e-7
nlpmodel,control4,231,60,"OPTIMAL",0.19036,0.19026,27,19.794233783949924,19.79423,1.9116429004570814e-7
nlpmodel,control4,231,60,"OPTIMAL",0.19597,0.19592,27,19.794233783949924,19.79423,1.9116429004570814e-7
nlpmodel,control4,231,60,"OPTIMAL",0.19142,0.19137,27,19.794233783949924,19.79423,1.9116429004570814e-7
nlpmodel,control4,231,60,"OPTIMAL",0.19665,0.19658,27,19.794233783949924,19.79423,1.9116429004570814e-7
nlpmodel,control4,231,60,"OPTIMAL",0.18711,0.18707,27,19.794233783949924,19.79423,1.9116429004570814e-7
nlpmodel,control4,231,60,"OPTIMAL",0.20795,0.20791,27,19.794233783949924,19.79423,1.9116429004570814e-7
nlpmodel,control4,231,60,"OPTIMAL",0.18423,0.18419,27,19.794233783949924,19.79423,1.9116429004570814e-7
nlpmodel,control4,231,60,"OPTIMAL",0.19354,0.1935,27,19.794233783949924,19.79423,1.9116429004570814e-7
nlpmodel,qap8,529,65,"DUAL_INFEASIBLE",0.80334,0.80324,15,2052.5674494107534,-757.0,3.7114497350208104
nlpmodel,qap8,529,65,"DUAL_INFEASIBLE",0.82654,0.82648,15,2052.5674494107534,-757.0,3.7114497350208104
nlpmodel,qap8,529,65,"DUAL_INFEASIBLE",0.80066,0.80059,15,2052.5674494107534,-757.0,3.7114497350208104
nlpmodel,qap8,529,65,"DUAL_INFEASIBLE",0.78556,0.78546,15,2052.5674494107534,-757.0,3.7114497350208104
nlpmodel,qap8,529,65,"DUAL_INFEASIBLE",0.74287,0.74282,15,2052.5674494107534,-757.0,3.7114497350208104
nlpmodel,qap8,529,65,"DUAL_INFEASIBLE",0.44778,0.44774,15,2052.5674494107534,-757.0,3.7114497350208104
nlpmodel,qap8,529,65,"DUAL_INFEASIBLE",0.67803,0.67798,15,2052.5674494107534,-757.0,3.7114497350208104
nlpmodel,qap8,529,65,"DUAL_INFEASIBLE",0.78995,0.78988,15,2052.5674494107534,-757.0,3.7114497350208104
nlpmodel,qap8,529,65,"DUAL_INFEASIBLE",0.87051,0.87045,15,2052.5674494107534,-757.0,3.7114497350208104
nlpmodel,qap8,529,65,"DUAL_INFEASIBLE",1.1852,1.1851,15,2052.5674494107534,-757.0,3.7114497350208104
nlpmodel,qap8,529,65,"DUAL_INFEASIBLE",0.83036,0.83029,15,2052.5674494107534,-757.0,3.7114497350208104
nlpmodel,qap8,529,65,"DUAL_INFEASIBLE",0.81799,0.81792,15,2052.5674494107534,-757.0,3.7114497350208104
nlpmodel,qap8,529,65,"DUAL_INFEASIBLE",0.76644,0.76633,15,2052.5674494107534,-757.0,3.7114497350208104
nlpmodel,qap8,529,65,"DUAL_INFEASIBLE",0.77791,0.77782,15,2052.5674494107534,-757.0,3.7114497350208104
nlpmodel,qap8,529,65,"DUAL_INFEASIBLE",0.77571,0.77565,15,2052.5674494107534,-757.0,3.7114497350208104
nlpmodel,qap8,529,65,"DUAL_INFEASIBLE",0.77386,0.77379,15,2052.5674494107534,-757.0,3.7114497350208104
nlpmodel,qap8,529,65,"DUAL_INFEASIBLE",0.79136,0.79127,15,2052.5674494107534,-757.0,3.7114497350208104
nlpmodel,qap8,529,65,"DUAL_INFEASIBLE",0.7822,0.78209,15,2052.5674494107534,-757.0,3.7114497350208104
nlpmodel,qap8,529,65,"DUAL_INFEASIBLE",1.1879,1.1878,15,2052.5674494107534,-757.0,3.7114497350208104
nlpmodel,qap8,529,65,"DUAL_INFEASIBLE",0.81913,0.81905,15,2052.5674494107534,-757.0,3.7114497350208104
nlpmodel,qap8,529,65,"DUAL_INFEASIBLE",0.82416,0.82406,15,2052.5674494107534,-757.0,3.7114497350208104
nlpmodel,qap8,529,65,"DUAL_INFEASIBLE",0.76869,0.76862,15,2052.5674494107534,-757.0,3.7114497350208104
nlpmodel,qap8,529,65,"DUAL_INFEASIBLE",0.77742,0.77735,15,2052.5674494107534,-757.0,3.7114497350208104
nlpmodel,qap8,529,65,"DUAL_INFEASIBLE",0.77541,0.77531,15,2052.5674494107534,-757.0,3.7114497350208104
nlpmodel,qap8,529,65,"DUAL_INFEASIBLE",0.44357,0.44347,15,2052.5674494107534,-757.0,3.7114497350208104
nlpmodel,qap8,529,65,"DUAL_INFEASIBLE",0.45274,0.45266,15,2052.5674494107534,-757.0,3.7114497350208104
nlpmodel,qap8,529,65,"DUAL_INFEASIBLE",0.46513,0.46509,15,2052.5674494107534,-757.0,3.7114497350208104
nlpmodel,qap8,529,65,"DUAL_INFEASIBLE",1.0902,1.0901,15,2052.5674494107534,-757.0,3.7114497350208104
nlpmodel,qap8,529,65,"DUAL_INFEASIBLE",0.76788,0.76777,15,2052.5674494107534,-757.0,3.7114497350208104
nlpmodel,qap8,529,65,"DUAL_INFEASIBLE",0.46264,0.46259,15,2052.5674494107534,-757.0,3.7114497350208104
nlpmodel,qap8,529,65,"DUAL_INFEASIBLE",0.43239,0.43234,15,2052.5674494107534,-757.0,3.7114497350208104
nlpmodel,qap8,529,65,"DUAL_INFEASIBLE",0.45117,0.45112,15,2052.5674494107534,-757.0,3.7114497350208104
nlpmodel,control5,351,75,"DUAL_INFEASIBLE",0.54505,0.54497,33,16.883609684921403,16.8836,5.7362892995229e-7
nlpmodel,control5,351,75,"DUAL_INFEASIBLE",0.56866,0.56862,33,16.883609684921403,16.8836,5.7362892995229e-7
nlpmodel,control5,351,75,"DUAL_INFEASIBLE",0.56443,0.56438,33,16.883609684921403,16.8836,5.7362892995229e-7
nlpmodel,control5,351,75,"DUAL_INFEASIBLE",0.9058,0.90575,33,16.883609684921403,16.8836,5.7362892995229e-7
nlpmodel,control5,351,75,"DUAL_INFEASIBLE",0.56879,0.56873,33,16.883609684921403,16.8836,5.7362892995229e-7
nlpmodel,control5,351,75,"DUAL_INFEASIBLE",0.57222,0.57214,33,16.883609684921403,16.8836,5.7362892995229e-7
nlpmodel,control5,351,75,"DUAL_INFEASIBLE",0.87415,0.8741,33,16.883609684921403,16.8836,5.7362892995229e-7
nlpmodel,control5,351,75,"DUAL_INFEASIBLE",0.60094,0.60086,33,16.883609684921403,16.8836,5.7362892995229e-7
nlpmodel,control5,351,75,"DUAL_INFEASIBLE",0.61568,0.61563,33,16.883609684921403,16.8836,5.7362892995229e-7
nlpmodel,control5,351,75,"DUAL_INFEASIBLE",0.55387,0.55379,33,16.883609684921403,16.8836,5.7362892995229e-7
nlpmodel,control5,351,75,"DUAL_INFEASIBLE",0.56054,0.56049,33,16.883609684921403,16.8836,5.7362892995229e-7
nlpmodel,control5,351,75,"DUAL_INFEASIBLE",0.59261,0.59256,33,16.883609684921403,16.8836,5.7362892995229e-7
nlpmodel,control5,351,75,"DUAL_INFEASIBLE",0.76312,0.76303,33,16.883609684921403,16.8836,5.7362892995229e-7
nlpmodel,control5,351,75,"DUAL_INFEASIBLE",0.89314,0.89304,33,16.883609684921403,16.8836,5.7362892995229e-7
nlpmodel,control5,351,75,"DUAL_INFEASIBLE",0.58345,0.58336,33,16.883609684921403,16.8836,5.7362892995229e-7
nlpmodel,control5,351,75,"DUAL_INFEASIBLE",0.58112,0.58104,33,16.883609684921403,16.8836,5.7362892995229e-7
nlpmodel,control5,351,75,"DUAL_INFEASIBLE",0.56063,0.56055,33,16.883609684921403,16.8836,5.7362892995229e-7
nlpmodel,control5,351,75,"DUAL_INFEASIBLE",0.58752,0.58744,33,16.883609684921403,16.8836,5.7362892995229e-7
nlpmodel,control5,351,75,"DUAL_INFEASIBLE",0.58199,0.58192,33,16.883609684921403,16.8836,5.7362892995229e-7
nlpmodel,control5,351,75,"DUAL_INFEASIBLE",0.57415,0.5741,33,16.883609684921403,16.8836,5.7362892995229e-7
nlpmodel,control5,351,75,"DUAL_INFEASIBLE",0.55567,0.55562,33,16.883609684921403,16.8836,5.7362892995229e-7
nlpmodel,control5,351,75,"DUAL_INFEASIBLE",1.2138,1.2138,33,16.883609684921403,16.8836,5.7362892995229e-7
nlpmodel,control5,351,75,"DUAL_INFEASIBLE",1.0458,1.0457,33,16.883609684921403,16.8836,5.7362892995229e-7
nlpmodel,control5,351,75,"DUAL_INFEASIBLE",1.0559,1.0558,33,16.883609684921403,16.8836,5.7362892995229e-7
nlpmodel,control5,351,75,"DUAL_INFEASIBLE",0.9918,0.9917,33,16.883609684921403,16.8836,5.7362892995229e-7
nlpmodel,control5,351,75,"DUAL_INFEASIBLE",0.98515,0.98508,33,16.883609684921403,16.8836,5.7362892995229e-7
nlpmodel,control5,351,75,"DUAL_INFEASIBLE",0.98812,0.98803,33,16.883609684921403,16.8836,5.7362892995229e-7
nlpmodel,control5,351,75,"DUAL_INFEASIBLE",0.99691,0.9968,33,16.883609684921403,16.8836,5.7362892995229e-7
nlpmodel,control5,351,75,"DUAL_INFEASIBLE",0.9949,0.99484,33,16.883609684921403,16.8836,5.7362892995229e-7
nlpmodel,control5,351,75,"DUAL_INFEASIBLE",1.015,1.0149,33,16.883609684921403,16.8836,5.7362892995229e-7
nlpmodel,control5,351,75,"DUAL_INFEASIBLE",0.99376,0.99366,33,16.883609684921403,16.8836,5.7362892995229e-7
nlpmodel,control5,351,75,"DUAL_INFEASIBLE",0.77475,0.77465,33,16.883609684921403,16.8836,5.7362892995229e-7
nlpmodel,qap9,748,82,"DUAL_INFEASIBLE",2.1462,2.1461,17,-348.6863967265235,-1410.0,0.7527046831726784
nlpmodel,qap9,748,82,"DUAL_INFEASIBLE",2.0973,2.0972,17,-348.6863967265235,-1410.0,0.7527046831726784
nlpmodel,qap9,748,82,"DUAL_INFEASIBLE",2.0625,2.0624,17,-348.6863967265235,-1410.0,0.7527046831726784
nlpmodel,qap9,748,82,"DUAL_INFEASIBLE",2.4811,2.4811,17,-348.6863967265235,-1410.0,0.7527046831726784
nlpmodel,qap9,748,82,"DUAL_INFEASIBLE",2.074,2.0739,17,-348.6863967265235,-1410.0,0.7527046831726784
nlpmodel,qap9,748,82,"DUAL_INFEASIBLE",2.0459,2.0458,17,-348.6863967265235,-1410.0,0.7527046831726784
nlpmodel,qap9,748,82,"DUAL_INFEASIBLE",2.4407,2.4406,17,-348.6863967265235,-1410.0,0.7527046831726784
nlpmodel,qap9,748,82,"DUAL_INFEASIBLE",2.0932,2.0931,17,-348.6863967265235,-1410.0,0.7527046831726784
nlpmodel,qap9,748,82,"DUAL_INFEASIBLE",2.0432,2.0431,17,-348.6863967265235,-1410.0,0.7527046831726784
nlpmodel,qap9,748,82,"DUAL_INFEASIBLE",2.4522,2.4521,17,-348.6863967265235,-1410.0,0.7527046831726784
nlpmodel,qap9,748,82,"DUAL_INFEASIBLE",2.1094,2.1094,17,-348.6863967265235,-1410.0,0.7527046831726784
nlpmodel,qap9,748,82,"DUAL_INFEASIBLE",2.0582,2.0581,17,-348.6863967265235,-1410.0,0.7527046831726784
nlpmodel,qap9,748,82,"DUAL_INFEASIBLE",2.0719,2.0718,17,-348.6863967265235,-1410.0,0.7527046831726784
nlpmodel,qap9,748,82,"DUAL_INFEASIBLE",2.4723,2.4723,17,-348.6863967265235,-1410.0,0.7527046831726784
nlpmodel,qap9,748,82,"DUAL_INFEASIBLE",2.1401,2.14,17,-348.6863967265235,-1410.0,0.7527046831726784
nlpmodel,qap9,748,82,"DUAL_INFEASIBLE",2.0504,2.0502,17,-348.6863967265235,-1410.0,0.7527046831726784
nlpmodel,qap9,748,82,"DUAL_INFEASIBLE",2.4896,2.4895,17,-348.6863967265235,-1410.0,0.7527046831726784
nlpmodel,qap9,748,82,"DUAL_INFEASIBLE",2.1128,2.1128,17,-348.6863967265235,-1410.0,0.7527046831726784
nlpmodel,qap9,748,82,"DUAL_INFEASIBLE",1.839,1.8389,17,-348.6863967265235,-1410.0,0.7527046831726784
nlpmodel,qap9,748,82,"DUAL_INFEASIBLE",2.0883,2.0882,17,-348.6863967265235,-1410.0,0.7527046831726784
nlpmodel,qap9,748,82,"DUAL_INFEASIBLE",2.0902,2.0901,17,-348.6863967265235,-1410.0,0.7527046831726784
nlpmodel,qap9,748,82,"DUAL_INFEASIBLE",1.8325,1.8324,17,-348.6863967265235,-1410.0,0.7527046831726784
nlpmodel,qap9,748,82,"DUAL_INFEASIBLE",2.4283,2.4282,17,-348.6863967265235,-1410.0,0.7527046831726784
nlpmodel,qap9,748,82,"DUAL_INFEASIBLE",1.2295,1.2294,17,-348.6863967265235,-1410.0,0.7527046831726784
nlpmodel,qap9,748,82,"DUAL_INFEASIBLE",1.0903,1.0903,17,-348.6863967265235,-1410.0,0.7527046831726784
nlpmodel,qap9,748,82,"DUAL_INFEASIBLE",1.0933,1.0933,17,-348.6863967265235,-1410.0,0.7527046831726784
nlpmodel,qap9,748,82,"DUAL_INFEASIBLE",1.5667,1.5666,17,-348.6863967265235,-1410.0,0.7527046831726784
nlpmodel,qap9,748,82,"DUAL_INFEASIBLE",1.1791,1.1791,17,-348.6863967265235,-1410.0,0.7527046831726784
nlpmodel,qap9,748,82,"DUAL_INFEASIBLE",1.1387,1.1387,17,-348.6863967265235,-1410.0,0.7527046831726784
nlpmodel,qap9,748,82,"DUAL_INFEASIBLE",1.089,1.0889,17,-348.6863967265235,-1410.0,0.7527046831726784
nlpmodel,qap9,748,82,"DUAL_INFEASIBLE",1.4238,1.4238,17,-348.6863967265235,-1410.0,0.7527046831726784
nlpmodel,qap9,748,82,"DUAL_INFEASIBLE",1.1765,1.1764,17,-348.6863967265235,-1410.0,0.7527046831726784
nlpmodel,control6,496,90,"DUAL_INFEASIBLE",1.3598,1.3597,38,37.30443885746748,37.3044,1.041632286811031e-6
nlpmodel,control6,496,90,"DUAL_INFEASIBLE",1.404,1.404,38,37.30443885746748,37.3044,1.041632286811031e-6
nlpmodel,control6,496,90,"DUAL_INFEASIBLE",1.8331,1.833,38,37.30443885746748,37.3044,1.041632286811031e-6
nlpmodel,control6,496,90,"DUAL_INFEASIBLE",1.3262,1.3261,38,37.30443885746748,37.3044,1.041632286811031e-6
nlpmodel,control6,496,90,"DUAL_INFEASIBLE",1.6933,1.6932,38,37.30443885746748,37.3044,1.041632286811031e-6
nlpmodel,control6,496,90,"DUAL_INFEASIBLE",1.4598,1.4598,38,37.30443885746748,37.3044,1.041632286811031e-6
nlpmodel,control6,496,90,"DUAL_INFEASIBLE",1.6891,1.689,38,37.30443885746748,37.3044,1.041632286811031e-6
nlpmodel,control6,496,90,"DUAL_INFEASIBLE",1.6174,1.6173,38,37.30443885746748,37.3044,1.041632286811031e-6
nlpmodel,control6,496,90,"DUAL_INFEASIBLE",1.8084,1.8084,38,37.30443885746748,37.3044,1.041632286811031e-6
nlpmodel,control6,496,90,"DUAL_INFEASIBLE",1.3303,1.3302,38,37.30443885746748,37.3044,1.041632286811031e-6
nlpmodel,control6,496,90,"DUAL_INFEASIBLE",1.3237,1.3237,38,37.30443885746748,37.3044,1.041632286811031e-6
nlpmodel,control6,496,90,"DUAL_INFEASIBLE",1.3586,1.3586,38,37.30443885746748,37.3044,1.041632286811031e-6
nlpmodel,control6,496,90,"DUAL_INFEASIBLE",1.6528,1.6528,38,37.30443885746748,37.3044,1.041632286811031e-6
nlpmodel,control6,496,90,"DUAL_INFEASIBLE",1.32,1.3199,38,37.30443885746748,37.3044,1.041632286811031e-6
nlpmodel,control6,496,90,"DUAL_INFEASIBLE",1.4158,1.4158,38,37.30443885746748,37.3044,1.041632286811031e-6
nlpmodel,control6,496,90,"DUAL_INFEASIBLE",1.383,1.383,38,37.30443885746748,37.3044,1.041632286811031e-6
nlpmodel,control6,496,90,"DUAL_INFEASIBLE",1.3471,1.347,38,37.30443885746748,37.3044,1.041632286811031e-6
nlpmodel,control6,496,90,"DUAL_INFEASIBLE",1.4012,1.4011,38,37.30443885746748,37.3044,1.041632286811031e-6
nlpmodel,control6,496,90,"DUAL_INFEASIBLE",1.5622,1.5622,38,37.30443885746748,37.3044,1.041632286811031e-6
nlpmodel,control6,496,90,"DUAL_INFEASIBLE",1.3723,1.3722,38,37.30443885746748,37.3044,1.041632286811031e-6
nlpmodel,control6,496,90,"DUAL_INFEASIBLE",1.3624,1.3623,38,37.30443885746748,37.3044,1.041632286811031e-6
nlpmodel,control6,496,90,"DUAL_INFEASIBLE",1.3877,1.3877,38,37.30443885746748,37.3044,1.041632286811031e-6
nlpmodel,control6,496,90,"DUAL_INFEASIBLE",1.4351,1.4351,38,37.30443885746748,37.3044,1.041632286811031e-6
nlpmodel,control6,496,90,"DUAL_INFEASIBLE",1.7261,1.726,38,37.30443885746748,37.3044,1.041632286811031e-6
nlpmodel,control6,496,90,"DUAL_INFEASIBLE",1.4125,1.4124,38,37.30443885746748,37.3044,1.041632286811031e-6
nlpmodel,control6,496,90,"DUAL_INFEASIBLE",1.4137,1.4137,38,37.30443885746748,37.3044,1.041632286811031e-6
nlpmodel,control6,496,90,"DUAL_INFEASIBLE",1.421,1.4209,38,37.30443885746748,37.3044,1.041632286811031e-6
nlpmodel,control6,496,90,"DUAL_INFEASIBLE",1.427,1.4269,38,37.30443885746748,37.3044,1.041632286811031e-6
nlpmodel,control6,496,90,"DUAL_INFEASIBLE",1.7628,1.7627,38,37.30443885746748,37.3044,1.041632286811031e-6
nlpmodel,control6,496,90,"DUAL_INFEASIBLE",1.461,1.461,38,37.30443885746748,37.3044,1.041632286811031e-6
nlpmodel,control6,496,90,"DUAL_INFEASIBLE",1.3613,1.3612,38,37.30443885746748,37.3044,1.041632286811031e-6
nlpmodel,control6,496,90,"DUAL_INFEASIBLE",1.3301,1.33,38,37.30443885746748,37.3044,1.041632286811031e-6
nlpmodel,gpp100,101,100,"OPTIMAL",0.065449,0.065406,13,-44.943549757668016,-44.9435,1.10711600155908e-6
nlpmodel,gpp100,101,100,"OPTIMAL",0.06786,0.067814,13,-44.943549757668016,-44.9435,1.10711600155908e-6
nlpmodel,gpp100,101,100,"OPTIMAL",0.065896,0.065851,13,-44.943549757668016,-44.9435,1.10711600155908e-6
nlpmodel,gpp100,101,100,"OPTIMAL",0.085624,0.085578,13,-44.943549757668016,-44.9435,1.10711600155908e-6
nlpmodel,gpp100,101,100,"OPTIMAL",0.067333,0.06727,13,-44.943549757668016,-44.9435,1.10711600155908e-6
nlpmodel,gpp100,101,100,"OPTIMAL",0.098677,0.098632,13,-44.943549757668016,-44.9435,1.10711600155908e-6
nlpmodel,gpp100,101,100,"OPTIMAL",0.093667,0.093609,13,-44.943549757668016,-44.9435,1.10711600155908e-6
nlpmodel,gpp100,101,100,"OPTIMAL",0.075704,0.075635,13,-44.943549757668016,-44.9435,1.10711600155908e-6
nlpmodel,gpp100,101,100,"OPTIMAL",0.064266,0.064222,13,-44.943549757668016,-44.9435,1.10711600155908e-6
nlpmodel,gpp100,101,100,"OPTIMAL",0.064896,0.064853,13,-44.943549757668016,-44.9435,1.10711600155908e-6
nlpmodel,gpp100,101,100,"OPTIMAL",0.088778,0.088733,13,-44.943549757668016,-44.9435,1.10711600155908e-6
nlpmodel,gpp100,101,100,"OPTIMAL",0.069608,0.069565,13,-44.943549757668016,-44.9435,1.10711600155908e-6
nlpmodel,gpp100,101,100,"OPTIMAL",0.06994,0.069893,13,-44.943549757668016,-44.9435,1.10711600155908e-6
nlpmodel,gpp100,101,100,"OPTIMAL",0.06981,0.06973,13,-44.943549757668016,-44.9435,1.10711600155908e-6
nlpmodel,gpp100,101,100,"OPTIMAL",0.069034,0.068988,13,-44.943549757668016,-44.9435,1.10711600155908e-6
nlpmodel,gpp100,101,100,"OPTIMAL",0.069429,0.069385,13,-44.943549757668016,-44.9435,1.10711600155908e-6
nlpmodel,gpp100,101,100,"OPTIMAL",0.069308,0.069261,13,-44.943549757668016,-44.9435,1.10711600155908e-6
nlpmodel,gpp100,101,100,"OPTIMAL",0.068007,0.06796,13,-44.943549757668016,-44.9435,1.10711600155908e-6
nlpmodel,gpp100,101,100,"OPTIMAL",0.083475,0.08343,13,-44.943549757668016,-44.9435,1.10711600155908e-6
nlpmodel,gpp100,101,100,"OPTIMAL",0.089308,0.08926,13,-44.943549757668016,-44.9435,1.10711600155908e-6
nlpmodel,gpp100,101,100,"OPTIMAL",0.067122,0.067077,13,-44.943549757668016,-44.9435,1.10711600155908e-6
nlpmodel,gpp100,101,100,"OPTIMAL",0.07593,0.075872,13,-44.943549757668016,-44.9435,1.10711600155908e-6
nlpmodel,gpp100,101,100,"OPTIMAL",0.096658,0.096557,13,-44.943549757668016,-44.9435,1.10711600155908e-6
nlpmodel,gpp100,101,100,"OPTIMAL",0.068828,0.068781,13,-44.943549757668016,-44.9435,1.10711600155908e-6
nlpmodel,gpp100,101,100,"OPTIMAL",0.43028,0.43019,13,-44.943549757668016,-44.9435,1.10711600155908e-6
nlpmodel,gpp100,101,100,"OPTIMAL",0.1217,0.12162,13,-44.943549757668016,-44.9435,1.10711600155908e-6
nlpmodel,gpp100,101,100,"OPTIMAL",0.14807,0.14798,13,-44.943549757668016,-44.9435,1.10711600155908e-6
nlpmodel,gpp100,101,100,"OPTIMAL",0.1583,0.15825,13,-44.943549757668016,-44.9435,1.10711600155908e-6
nlpmodel,gpp100,101,100,"OPTIMAL",0.15148,0.15142,13,-44.943549757668016,-44.9435,1.10711600155908e-6
nlpmodel,gpp100,101,100,"OPTIMAL",0.097134,0.097075,13,-44.943549757668016,-44.9435,1.10711600155908e-6
nlpmodel,gpp100,101,100,"OPTIMAL",0.08031,0.080251,13,-44.943549757668016,-44.9435,1.10711600155908e-6
nlpmodel,gpp100,101,100,"OPTIMAL",0.087297,0.087217,13,-44.943549757668016,-44.9435,1.10711600155908e-6
nlpmodel,mcp100,100,100,"OPTIMAL",0.080144,0.080086,11,226.1573538084033,226.1574,2.0424534730845568e-7
nlpmodel,mcp100,100,100,"OPTIMAL",0.065518,0.06546,11,226.1573538084033,226.1574,2.0424534730845568e-7
nlpmodel,mcp100,100,100,"OPTIMAL",0.06721,0.067158,11,226.1573538084033,226.1574,2.0424534730845568e-7
nlpmodel,mcp100,100,100,"OPTIMAL",0.054664,0.054616,11,226.1573538084033,226.1574,2.0424534730845568e-7
nlpmodel,mcp100,100,100,"OPTIMAL",0.070987,0.070938,11,226.1573538084033,226.1574,2.0424534730845568e-7
nlpmodel,mcp100,100,100,"OPTIMAL",0.10056,0.10048,11,226.1573538084033,226.1574,2.0424534730845568e-7
nlpmodel,mcp100,100,100,"OPTIMAL",0.084698,0.084628,11,226.1573538084033,226.1574,2.0424534730845568e-7
nlpmodel,mcp100,100,100,"OPTIMAL",0.080418,0.08036,11,226.1573538084033,226.1574,2.0424534730845568e-7
nlpmodel,mcp100,100,100,"OPTIMAL",0.072524,0.072469,11,226.1573538084033,226.1574,2.0424534730845568e-7
nlpmodel,mcp100,100,100,"OPTIMAL",0.068312,0.068255,11,226.1573538084033,226.1574,2.0424534730845568e-7
nlpmodel,mcp100,100,100,"OPTIMAL",0.058343,0.058281,11,226.1573538084033,226.1574,2.0424534730845568e-7
nlpmodel,mcp100,100,100,"OPTIMAL",0.058657,0.058598,11,226.1573538084033,226.1574,2.0424534730845568e-7
nlpmodel,mcp100,100,100,"OPTIMAL",0.059513,0.059458,11,226.1573538084033,226.1574,2.0424534730845568e-7
nlpmodel,mcp100,100,100,"OPTIMAL",0.060441,0.060384,11,226.1573538084033,226.1574,2.0424534730845568e-7
nlpmodel,mcp100,100,100,"OPTIMAL",0.063095,0.063042,11,226.1573538084033,226.1574,2.0424534730845568e-7
nlpmodel,mcp100,100,100,"OPTIMAL",0.060218,0.060162,11,226.1573538084033,226.1574,2.0424534730845568e-7
nlpmodel,mcp100,100,100,"OPTIMAL",0.061022,0.060926,11,226.1573538084033,226.1574,2.0424534730845568e-7
nlpmodel,mcp100,100,100,"OPTIMAL",0.060984,0.060891,11,226.1573538084033,226.1574,2.0424534730845568e-7
nlpmodel,mcp100,100,100,"OPTIMAL",0.061427,0.061372,11,226.1573538084033,226.1574,2.0424534730845568e-7
nlpmodel,mcp100,100,100,"OPTIMAL",0.060996,0.060943,11,226.1573538084033,226.1574,2.0424534730845568e-7
nlpmodel,mcp100,100,100,"OPTIMAL",0.061765,0.061704,11,226.1573538084033,226.1574,2.0424534730845568e-7
nlpmodel,mcp100,100,100,"OPTIMAL",0.055207,0.055114,11,226.1573538084033,226.1574,2.0424534730845568e-7
nlpmodel,mcp100,100,100,"OPTIMAL",0.058272,0.058217,11,226.1573538084033,226.1574,2.0424534730845568e-7
nlpmodel,mcp100,100,100,"OPTIMAL",0.055754,0.055696,11,226.1573538084033,226.1574,2.0424534730845568e-7
nlpmodel,mcp100,100,100,"OPTIMAL",0.058273,0.058181,11,226.1573538084033,226.1574,2.0424534730845568e-7
nlpmodel,mcp100,100,100,"OPTIMAL",0.058703,0.058648,11,226.1573538084033,226.1574,2.0424534730845568e-7
nlpmodel,mcp100,100,100,"OPTIMAL",0.05945,0.059394,11,226.1573538084033,226.1574,2.0424534730845568e-7
nlpmodel,mcp100,100,100,"OPTIMAL",0.053822,0.053766,11,226.1573538084033,226.1574,2.0424534730845568e-7
nlpmodel,mcp100,100,100,"OPTIMAL",0.05531,0.055257,11,226.1573538084033,226.1574,2.0424534730845568e-7
nlpmodel,mcp100,100,100,"OPTIMAL",0.056903,0.056836,11,226.1573538084033,226.1574,2.0424534730845568e-7
nlpmodel,mcp100,100,100,"OPTIMAL",0.056127,0.056075,11,226.1573538084033,226.1574,2.0424534730845568e-7
nlpmodel,mcp100,100,100,"OPTIMAL",0.058734,0.058647,11,226.1573538084033,226.1574,2.0424534730845568e-7
nlpmodel,theta2,498,100,"OPTIMAL",0.46046,0.4604,12,32.87917328340951,32.87917,9.986290728058479e-8
nlpmodel,theta2,498,100,"OPTIMAL",0.51324,0.51316,12,32.87917328340951,32.87917,9.986290728058479e-8
nlpmodel,theta2,498,100,"OPTIMAL",0.88495,0.88487,12,32.87917328340951,32.87917,9.986290728058479e-8
nlpmodel,theta2,498,100,"OPTIMAL",0.48372,0.48366,12,32.87917328340951,32.87917,9.986290728058479e-8
nlpmodel,theta2,498,100,"OPTIMAL",0.47856,0.47848,12,32.87917328340951,32.87917,9.986290728058479e-8
nlpmodel,theta2,498,100,"OPTIMAL",0.41494,0.41489,12,32.87917328340951,32.87917,9.986290728058479e-8
nlpmodel,theta2,498,100,"OPTIMAL",0.42595,0.4259,12,32.87917328340951,32.87917,9.986290728058479e-8
nlpmodel,theta2,498,100,"OPTIMAL",0.47692,0.47686,12,32.87917328340951,32.87917,9.986290728058479e-8
nlpmodel,theta2,498,100,"OPTIMAL",0.44909,0.44903,12,32.87917328340951,32.87917,9.986290728058479e-8
nlpmodel,theta2,498,100,"OPTIMAL",0.42273,0.42268,12,32.87917328340951,32.87917,9.986290728058479e-8
nlpmodel,theta2,498,100,"OPTIMAL",0.46348,0.46343,12,32.87917328340951,32.87917,9.986290728058479e-8
nlpmodel,theta2,498,100,"OPTIMAL",0.44824,0.44818,12,32.87917328340951,32.87917,9.986290728058479e-8
nlpmodel,theta2,498,100,"OPTIMAL",0.45537,0.45532,12,32.87917328340951,32.87917,9.986290728058479e-8
nlpmodel,theta2,498,100,"OPTIMAL",0.78019,0.78014,12,32.87917328340951,32.87917,9.986290728058479e-8
nlpmodel,theta2,498,100,"OPTIMAL",0.4939,0.49383,12,32.87917328340951,32.87917,9.986290728058479e-8
nlpmodel,theta2,498,100,"OPTIMAL",0.52106,0.521,12,32.87917328340951,32.87917,9.986290728058479e-8
nlpmodel,theta2,498,100,"OPTIMAL",0.45416,0.4541,12,32.87917328340951,32.87917,9.986290728058479e-8
nlpmodel,theta2,498,100,"OPTIMAL",0.46986,0.46981,12,32.87917328340951,32.87917,9.986290728058479e-8
nlpmodel,theta2,498,100,"OPTIMAL",0.45959,0.45953,12,32.87917328340951,32.87917,9.986290728058479e-8
nlpmodel,theta2,498,100,"OPTIMAL",0.46754,0.46748,12,32.87917328340951,32.87917,9.986290728058479e-8
nlpmodel,theta2,498,100,"OPTIMAL",0.47021,0.47012,12,32.87917328340951,32.87917,9.986290728058479e-8
nlpmodel,theta2,498,100,"OPTIMAL",0.47306,0.47298,12,32.87917328340951,32.87917,9.986290728058479e-8
nlpmodel,theta2,498,100,"OPTIMAL",0.4581,0.45805,12,32.87917328340951,32.87917,9.986290728058479e-8
nlpmodel,theta2,498,100,"OPTIMAL",0.48617,0.48611,12,32.87917328340951,32.87917,9.986290728058479e-8
nlpmodel,theta2,498,100,"OPTIMAL",0.82928,0.82918,12,32.87917328340951,32.87917,9.986290728058479e-8
nlpmodel,theta2,498,100,"OPTIMAL",0.81731,0.8172,12,32.87917328340951,32.87917,9.986290728058479e-8
nlpmodel,theta2,498,100,"OPTIMAL",0.50882,0.50874,12,32.87917328340951,32.87917,9.986290728058479e-8
nlpmodel,theta2,498,100,"OPTIMAL",0.47238,0.47229,12,32.87917328340951,32.87917,9.986290728058479e-8
nlpmodel,theta2,498,100,"OPTIMAL",0.45938,0.45931,12,32.87917328340951,32.87917,9.986290728058479e-8
nlpmodel,theta2,498,100,"OPTIMAL",0.46079,0.46074,12,32.87917328340951,32.87917,9.986290728058479e-8
nlpmodel,theta2,498,100,"OPTIMAL",0.44603,0.44598,12,32.87917328340951,32.87917,9.986290728058479e-8
nlpmodel,theta2,498,100,"OPTIMAL",0.43932,0.43927,12,32.87917328340951,32.87917,9.986290728058479e-8
nlpmodel,qap10,1021,101,"DUAL_INFEASIBLE",2.2641,2.264,17,-1092.5712849013871,-10.93,98.96077629472892
nlpmodel,qap10,1021,101,"DUAL_INFEASIBLE",2.8521,2.8521,17,-1092.5712849013871,-10.93,98.96077629472892
nlpmodel,qap10,1021,101,"DUAL_INFEASIBLE",3.4633,3.4633,17,-1092.5712849013871,-10.93,98.96077629472892
nlpmodel,qap10,1021,101,"DUAL_INFEASIBLE",2.5055,2.5054,17,-1092.5712849013871,-10.93,98.96077629472892
nlpmodel,qap10,1021,101,"DUAL_INFEASIBLE",2.7967,2.7966,17,-1092.5712849013871,-10.93,98.96077629472892
nlpmodel,qap10,1021,101,"DUAL_INFEASIBLE",2.4343,2.4343,17,-1092.5712849013871,-10.93,98.96077629472892
nlpmodel,qap10,1021,101,"DUAL_INFEASIBLE",2.6785,2.6784,17,-1092.5712849013871,-10.93,98.96077629472892
nlpmodel,qap10,1021,101,"DUAL_INFEASIBLE",2.5976,2.5975,17,-1092.5712849013871,-10.93,98.96077629472892
nlpmodel,qap10,1021,101,"DUAL_INFEASIBLE",2.394,2.3939,17,-1092.5712849013871,-10.93,98.96077629472892
nlpmodel,qap10,1021,101,"DUAL_INFEASIBLE",2.7011,2.7011,17,-1092.5712849013871,-10.93,98.96077629472892
nlpmodel,qap10,1021,101,"DUAL_INFEASIBLE",2.704,2.7039,17,-1092.5712849013871,-10.93,98.96077629472892
nlpmodel,qap10,1021,101,"DUAL_INFEASIBLE",2.3659,2.3658,17,-1092.5712849013871,-10.93,98.96077629472892
nlpmodel,qap10,1021,101,"DUAL_INFEASIBLE",2.5565,2.5564,17,-1092.5712849013871,-10.93,98.96077629472892
nlpmodel,qap10,1021,101,"DUAL_INFEASIBLE",2.6008,2.6007,17,-1092.5712849013871,-10.93,98.96077629472892
nlpmodel,qap10,1021,101,"DUAL_INFEASIBLE",2.4479,2.4478,17,-1092.5712849013871,-10.93,98.96077629472892
nlpmodel,qap10,1021,101,"DUAL_INFEASIBLE",3.941,3.941,17,-1092.5712849013871,-10.93,98.96077629472892
nlpmodel,qap10,1021,101,"DUAL_INFEASIBLE",2.3038,2.3038,17,-1092.5712849013871,-10.93,98.96077629472892
nlpmodel,qap10,1021,101,"DUAL_INFEASIBLE",3.2098,3.2097,17,-1092.5712849013871,-10.93,98.96077629472892
nlpmodel,qap10,1021,101,"DUAL_INFEASIBLE",2.5948,2.5948,17,-1092.5712849013871,-10.93,98.96077629472892
nlpmodel,qap10,1021,101,"DUAL_INFEASIBLE",2.9571,2.957,17,-1092.5712849013871,-10.93,98.96077629472892
nlpmodel,qap10,1021,101,"DUAL_INFEASIBLE",4.7708,4.7707,17,-1092.5712849013871,-10.93,98.96077629472892
nlpmodel,qap10,1021,101,"DUAL_INFEASIBLE",2.5952,2.5951,17,-1092.5712849013871,-10.93,98.96077629472892
nlpmodel,qap10,1021,101,"DUAL_INFEASIBLE",2.9847,2.9846,17,-1092.5712849013871,-10.93,98.96077629472892
nlpmodel,qap10,1021,101,"DUAL_INFEASIBLE",2.6673,2.6672,17,-1092.5712849013871,-10.93,98.96077629472892
nlpmodel,qap10,1021,101,"DUAL_INFEASIBLE",2.4114,2.4113,17,-1092.5712849013871,-10.93,98.96077629472892
nlpmodel,qap10,1021,101,"DUAL_INFEASIBLE",2.6787,2.6786,17,-1092.5712849013871,-10.93,98.96077629472892
nlpmodel,qap10,1021,101,"DUAL_INFEASIBLE",2.3986,2.3986,17,-1092.5712849013871,-10.93,98.96077629472892
nlpmodel,qap10,1021,101,"DUAL_INFEASIBLE",2.6834,2.6834,17,-1092.5712849013871,-10.93,98.96077629472892
nlpmodel,qap10,1021,101,"DUAL_INFEASIBLE",2.6022,2.6021,17,-1092.5712849013871,-10.93,98.96077629472892
nlpmodel,qap10,1021,101,"DUAL_INFEASIBLE",2.281,2.2809,17,-1092.5712849013871,-10.93,98.96077629472892
nlpmodel,qap10,1021,101,"DUAL_INFEASIBLE",2.6678,2.6677,17,-1092.5712849013871,-10.93,98.96077629472892
nlpmodel,qap10,1021,101,"DUAL_INFEASIBLE",2.5821,2.5821,17,-1092.5712849013871,-10.93,98.96077629472892
nlpmodel,control7,666,105,"DUAL_INFEASIBLE",3.063,3.0629,39,20.625075125078457,20.6251,1.206050954565875e-6
nlpmodel,control7,666,105,"DUAL_INFEASIBLE",2.814,2.8139,39,20.625075125078457,20.6251,1.206050954565875e-6
nlpmodel,control7,666,105,"DUAL_INFEASIBLE",2.7488,2.7487,39,20.625075125078457,20.6251,1.206050954565875e-6
nlpmodel,control7,666,105,"DUAL_INFEASIBLE",3.6986,3.6985,39,20.625075125078457,20.6251,1.206050954565875e-6
nlpmodel,control7,666,105,"DUAL_INFEASIBLE",3.6601,3.66,39,20.625075125078457,20.6251,1.206050954565875e-6
nlpmodel,control7,666,105,"DUAL_INFEASIBLE",4.2644,4.2644,39,20.625075125078457,20.6251,1.206050954565875e-6
nlpmodel,control7,666,105,"DUAL_INFEASIBLE",4.2028,4.2028,39,20.625075125078457,20.6251,1.206050954565875e-6
nlpmodel,control7,666,105,"DUAL_INFEASIBLE",3.6904,3.6903,39,20.625075125078457,20.6251,1.206050954565875e-6
nlpmodel,control7,666,105,"DUAL_INFEASIBLE",3.6597,3.6596,39,20.625075125078457,20.6251,1.206050954565875e-6
nlpmodel,control7,666,105,"DUAL_INFEASIBLE",3.8204,3.8203,39,20.625075125078457,20.6251,1.206050954565875e-6
nlpmodel,control7,666,105,"DUAL_INFEASIBLE",4.104,4.104,39,20.625075125078457,20.6251,1.206050954565875e-6
nlpmodel,control7,666,105,"DUAL_INFEASIBLE",2.802,2.8019,39,20.625075125078457,20.6251,1.206050954565875e-6
nlpmodel,control7,666,105,"DUAL_INFEASIBLE",2.8707,2.8707,39,20.625075125078457,20.6251,1.206050954565875e-6
nlpmodel,control7,666,105,"DUAL_INFEASIBLE",3.0442,3.0442,39,20.625075125078457,20.6251,1.206050954565875e-6
nlpmodel,control7,666,105,"DUAL_INFEASIBLE",2.7816,2.7815,39,20.625075125078457,20.6251,1.206050954565875e-6
nlpmodel,control7,666,105,"DUAL_INFEASIBLE",3.1763,3.1763,39,20.625075125078457,20.6251,1.206050954565875e-6
nlpmodel,control7,666,105,"DUAL_INFEASIBLE",2.996,2.9959,39,20.625075125078457,20.6251,1.206050954565875e-6
nlpmodel,control7,666,105,"DUAL_INFEASIBLE",4.0733,4.0732,39,20.625075125078457,20.6251,1.206050954565875e-6
nlpmodel,control7,666,105,"DUAL_INFEASIBLE",4.5335,4.5334,39,20.625075125078457,20.6251,1.206050954565875e-6
nlpmodel,control7,666,105,"DUAL_INFEASIBLE",4.7534,4.7533,39,20.625075125078457,20.6251,1.206050954565875e-6
nlpmodel,control7,666,105,"DUAL_INFEASIBLE",3.2081,3.2081,39,20.625075125078457,20.6251,1.206050954565875e-6
nlpmodel,control7,666,105,"DUAL_INFEASIBLE",3.669,3.6689,39,20.625075125078457,20.6251,1.206050954565875e-6
nlpmodel,control7,666,105,"DUAL_INFEASIBLE",2.9831,2.983,39,20.625075125078457,20.6251,1.206050954565875e-6
nlpmodel,control7,666,105,"DUAL_INFEASIBLE",3.0279,3.0278,39,20.625075125078457,20.6251,1.206050954565875e-6
nlpmodel,control7,666,105,"DUAL_INFEASIBLE",3.4421,3.4421,39,20.625075125078457,20.6251,1.206050954565875e-6
nlpmodel,control7,666,105,"DUAL_INFEASIBLE",2.968,2.968,39,20.625075125078457,20.6251,1.206050954565875e-6
nlpmodel,control7,666,105,"DUAL_INFEASIBLE",3.7993,3.7993,39,20.625075125078457,20.6251,1.206050954565875e-6
nlpmodel,control7,666,105,"DUAL_INFEASIBLE",3.2639,3.2638,39,20.625075125078457,20.6251,1.206050954565875e-6
nlpmodel,control7,666,105,"DUAL_INFEASIBLE",3.1548,3.1547,39,20.625075125078457,20.6251,1.206050954565875e-6
nlpmodel,control7,666,105,"DUAL_INFEASIBLE",3.5928,3.5927,39,20.625075125078457,20.6251,1.206050954565875e-6
nlpmodel,control7,666,105,"DUAL_INFEASIBLE",2.9808,2.9807,39,20.625075125078457,20.6251,1.206050954565875e-6
nlpmodel,control7,666,105,"DUAL_INFEASIBLE",3.1722,3.1722,39,20.625075125078457,20.6251,1.206050954565875e-6
nlpmodel,control8,861,120,"DUAL_INFEASIBLE",5.3953,5.3953,35,20.28636794940655,20.286,1.81380955609148e-5
nlpmodel,control8,861,120,"DUAL_INFEASIBLE",6.4251,6.4251,35,20.28636794940655,20.286,1.81380955609148e-5
nlpmodel,control8,861,120,"DUAL_INFEASIBLE",5.6656,5.6655,35,20.28636794940655,20.286,1.81380955609148e-5
nlpmodel,control8,861,120,"DUAL_INFEASIBLE",5.0157,5.0156,35,20.28636794940655,20.286,1.81380955609148e-5
nlpmodel,control8,861,120,"DUAL_INFEASIBLE",4.537,4.537,35,20.28636794940655,20.286,1.81380955609148e-5
nlpmodel,control8,861,120,"DUAL_INFEASIBLE",4.7554,4.7554,35,20.28636794940655,20.286,1.81380955609148e-5
nlpmodel,control8,861,120,"DUAL_INFEASIBLE",4.7558,4.7558,35,20.28636794940655,20.286,1.81380955609148e-5
nlpmodel,control8,861,120,"DUAL_INFEASIBLE",4.9875,4.9874,35,20.28636794940655,20.286,1.81380955609148e-5
nlpmodel,control8,861,120,"DUAL_INFEASIBLE",5.7096,5.7096,35,20.28636794940655,20.286,1.81380955609148e-5
nlpmodel,control8,861,120,"DUAL_INFEASIBLE",5.3229,5.3228,35,20.28636794940655,20.286,1.81380955609148e-5
nlpmodel,control8,861,120,"DUAL_INFEASIBLE",9.1766,9.1765,35,20.28636794940655,20.286,1.81380955609148e-5
nlpmodel,control8,861,120,"DUAL_INFEASIBLE",8.9372,8.9371,35,20.28636794940655,20.286,1.81380955609148e-5
nlpmodel,control8,861,120,"DUAL_INFEASIBLE",9.0755,9.0754,35,20.28636794940655,20.286,1.81380955609148e-5
nlpmodel,control8,861,120,"DUAL_INFEASIBLE",8.7735,8.7734,35,20.28636794940655,20.286,1.81380955609148e-5
nlpmodel,control8,861,120,"DUAL_INFEASIBLE",9.1646,9.1646,35,20.28636794940655,20.286,1.81380955609148e-5
nlpmodel,control8,861,120,"DUAL_INFEASIBLE",6.1924,6.1923,35,20.28636794940655,20.286,1.81380955609148e-5
nlpmodel,control8,861,120,"DUAL_INFEASIBLE",6.0108,6.0107,35,20.28636794940655,20.286,1.81380955609148e-5
nlpmodel,control8,861,120,"DUAL_INFEASIBLE",4.8224,4.8224,35,20.28636794940655,20.286,1.81380955609148e-5
nlpmodel,control8,861,120,"DUAL_INFEASIBLE",4.7571,4.757,35,20.28636794940655,20.286,1.81380955609148e-5
nlpmodel,control8,861,120,"DUAL_INFEASIBLE",4.5574,4.5574,35,20.28636794940655,20.286,1.81380955609148e-5
nlpmodel,control8,861,120,"DUAL_INFEASIBLE",6.2554,6.2553,35,20.28636794940655,20.286,1.81380955609148e-5
nlpmodel,control8,861,120,"DUAL_INFEASIBLE",8.498,8.498,35,20.28636794940655,20.286,1.81380955609148e-5
nlpmodel,control8,861,120,"DUAL_INFEASIBLE",7.1188,7.1187,35,20.28636794940655,20.286,1.81380955609148e-5
nlpmodel,control8,861,120,"DUAL_INFEASIBLE",4.8711,4.8711,35,20.28636794940655,20.286,1.81380955609148e-5
nlpmodel,control8,861,120,"DUAL_INFEASIBLE",5.0264,5.0263,35,20.28636794940655,20.286,1.81380955609148e-5
nlpmodel,control8,861,120,"DUAL_INFEASIBLE",4.489,4.489,35,20.28636794940655,20.286,1.81380955609148e-5
nlpmodel,control8,861,120,"DUAL_INFEASIBLE",7.5352,7.5351,35,20.28636794940655,20.286,1.81380955609148e-5
nlpmodel,control8,861,120,"DUAL_INFEASIBLE",8.3165,8.3164,35,20.28636794940655,20.286,1.81380955609148e-5
nlpmodel,control8,861,120,"DUAL_INFEASIBLE",9.1743,9.1743,35,20.28636794940655,20.286,1.81380955609148e-5
nlpmodel,control8,861,120,"DUAL_INFEASIBLE",8.5393,8.5392,35,20.28636794940655,20.286,1.81380955609148e-5
nlpmodel,control8,861,120,"DUAL_INFEASIBLE",6.2056,6.2055,35,20.28636794940655,20.286,1.81380955609148e-5
nlpmodel,control8,861,120,"DUAL_INFEASIBLE",8.5786,8.5786,35,20.28636794940655,20.286,1.81380955609148e-5
nlpmodel,gpp124-1,125,124,"DUAL_INFEASIBLE",0.35215,0.35209,24,833.8752940448826,-7.3431,114.55902739236599
nlpmodel,gpp124-1,125,124,"DUAL_INFEASIBLE",0.28221,0.28216,24,833.8752940448826,-7.3431,114.55902739236599
nlpmodel,gpp124-1,125,124,"DUAL_INFEASIBLE",0.30039,0.30035,24,833.8752940448826,-7.3431,114.55902739236599
nlpmodel,gpp124-1,125,124,"DUAL_INFEASIBLE",0.33626,0.33621,24,833.8752940448826,-7.3431,114.55902739236599
nlpmodel,gpp124-1,125,124,"DUAL_INFEASIBLE",0.3259,0.32585,24,833.8752940448826,-7.3431,114.55902739236599
nlpmodel,gpp124-1,125,124,"DUAL_INFEASIBLE",0.32204,0.32199,24,833.8752940448826,-7.3431,114.55902739236599
nlpmodel,gpp124-1,125,124,"DUAL_INFEASIBLE",0.33589,0.33583,24,833.8752940448826,-7.3431,114.55902739236599
nlpmodel,gpp124-1,125,124,"DUAL_INFEASIBLE",0.34918,0.34912,24,833.8752940448826,-7.3431,114.55902739236599
nlpmodel,gpp124-1,125,124,"DUAL_INFEASIBLE",0.32605,0.32599,24,833.8752940448826,-7.3431,114.55902739236599
nlpmodel,gpp124-1,125,124,"DUAL_INFEASIBLE",0.28003,0.27998,24,833.8752940448826,-7.3431,114.55902739236599
nlpmodel,gpp124-1,125,124,"DUAL_INFEASIBLE",0.29588,0.2958,24,833.8752940448826,-7.3431,114.55902739236599
nlpmodel,gpp124-1,125,124,"DUAL_INFEASIBLE",0.69313,0.69308,24,833.8752940448826,-7.3431,114.55902739236599
nlpmodel,gpp124-1,125,124,"DUAL_INFEASIBLE",0.41401,0.41395,24,833.8752940448826,-7.3431,114.55902739236599
nlpmodel,gpp124-1,125,124,"DUAL_INFEASIBLE",0.34728,0.34722,24,833.8752940448826,-7.3431,114.55902739236599
nlpmodel,gpp124-1,125,124,"DUAL_INFEASIBLE",0.33201,0.33194,24,833.8752940448826,-7.3431,114.55902739236599
nlpmodel,gpp124-1,125,124,"DUAL_INFEASIBLE",0.29951,0.29945,24,833.8752940448826,-7.3431,114.55902739236599
nlpmodel,gpp124-1,125,124,"DUAL_INFEASIBLE",0.30629,0.30624,24,833.8752940448826,-7.3431,114.55902739236599
nlpmodel,gpp124-1,125,124,"DUAL_INFEASIBLE",0.31654,0.3165,24,833.8752940448826,-7.3431,114.55902739236599
nlpmodel,gpp124-1,125,124,"DUAL_INFEASIBLE",0.32959,0.32954,24,833.8752940448826,-7.3431,114.55902739236599
nlpmodel,gpp124-1,125,124,"DUAL_INFEASIBLE",0.31297,0.31289,24,833.8752940448826,-7.3431,114.55902739236599
nlpmodel,gpp124-1,125,124,"DUAL_INFEASIBLE",0.32795,0.3279,24,833.8752940448826,-7.3431,114.55902739236599
nlpmodel,gpp124-1,125,124,"DUAL_INFEASIBLE",0.3099,0.30986,24,833.8752940448826,-7.3431,114.55902739236599
nlpmodel,gpp124-1,125,124,"DUAL_INFEASIBLE",0.32633,0.32628,24,833.8752940448826,-7.3431,114.55902739236599
nlpmodel,gpp124-1,125,124,"DUAL_INFEASIBLE",0.30888,0.30882,24,833.8752940448826,-7.3431,114.55902739236599
nlpmodel,gpp124-1,125,124,"DUAL_INFEASIBLE",0.2991,0.29905,24,833.8752940448826,-7.3431,114.55902739236599
nlpmodel,gpp124-1,125,124,"DUAL_INFEASIBLE",0.26827,0.26821,24,833.8752940448826,-7.3431,114.55902739236599
nlpmodel,gpp124-1,125,124,"DUAL_INFEASIBLE",0.2201,0.22005,24,833.8752940448826,-7.3431,114.55902739236599
nlpmodel,gpp124-1,125,124,"DUAL_INFEASIBLE",0.21267,0.21263,24,833.8752940448826,-7.3431,114.55902739236599
nlpmodel,gpp124-1,125,124,"DUAL_INFEASIBLE",0.62704,0.62698,24,833.8752940448826,-7.3431,114.55902739236599
nlpmodel,gpp124-1,125,124,"DUAL_INFEASIBLE",0.38645,0.3864,24,833.8752940448826,-7.3431,114.55902739236599
nlpmodel,gpp124-1,125,124,"DUAL_INFEASIBLE",0.26408,0.26402,24,833.8752940448826,-7.3431,114.55902739236599
nlpmodel,gpp124-1,125,124,"DUAL_INFEASIBLE",0.29713,0.29705,24,833.8752940448826,-7.3431,114.55902739236599
nlpmodel,gpp124-2,125,124,"OPTIMAL",0.36511,0.36503,25,-46.8622935896868,-46.8623,1.3679040929683822e-7
nlpmodel,gpp124-2,125,124,"OPTIMAL",0.36325,0.36316,25,-46.8622935896868,-46.8623,1.3679040929683822e-7
nlpmodel,gpp124-2,125,124,"OPTIMAL",0.34862,0.34857,25,-46.8622935896868,-46.8623,1.3679040929683822e-7
nlpmodel,gpp124-2,125,124,"OPTIMAL",0.3242,0.32415,25,-46.8622935896868,-46.8623,1.3679040929683822e-7
nlpmodel,gpp124-2,125,124,"OPTIMAL",0.33601,0.33595,25,-46.8622935896868,-46.8623,1.3679040929683822e-7
nlpmodel,gpp124-2,125,124,"OPTIMAL",0.32925,0.3292,25,-46.8622935896868,-46.8623,1.3679040929683822e-7
nlpmodel,gpp124-2,125,124,"OPTIMAL",0.34435,0.3443,25,-46.8622935896868,-46.8623,1.3679040929683822e-7
nlpmodel,gpp124-2,125,124,"OPTIMAL",0.34096,0.34091,25,-46.8622935896868,-46.8623,1.3679040929683822e-7
nlpmodel,gpp124-2,125,124,"OPTIMAL",0.35138,0.35133,25,-46.8622935896868,-46.8623,1.3679040929683822e-7
nlpmodel,gpp124-2,125,124,"OPTIMAL",0.37106,0.37101,25,-46.8622935896868,-46.8623,1.3679040929683822e-7
nlpmodel,gpp124-2,125,124,"OPTIMAL",0.3215,0.32142,25,-46.8622935896868,-46.8623,1.3679040929683822e-7
nlpmodel,gpp124-2,125,124,"OPTIMAL",0.40778,0.40773,25,-46.8622935896868,-46.8623,1.3679040929683822e-7
nlpmodel,gpp124-2,125,124,"OPTIMAL",0.67399,0.67391,25,-46.8622935896868,-46.8623,1.3679040929683822e-7
nlpmodel,gpp124-2,125,124,"OPTIMAL",0.38102,0.38097,25,-46.8622935896868,-46.8623,1.3679040929683822e-7
nlpmodel,gpp124-2,125,124,"OPTIMAL",0.31421,0.31416,25,-46.8622935896868,-46.8623,1.3679040929683822e-7
nlpmodel,gpp124-2,125,124,"OPTIMAL",0.33401,0.33396,25,-46.8622935896868,-46.8623,1.3679040929683822e-7
nlpmodel,gpp124-2,125,124,"OPTIMAL",0.36102,0.36097,25,-46.8622935896868,-46.8623,1.3679040929683822e-7
nlpmodel,gpp124-2,125,124,"OPTIMAL",0.31632,0.31627,25,-46.8622935896868,-46.8623,1.3679040929683822e-7
nlpmodel,gpp124-2,125,124,"OPTIMAL",0.32211,0.32206,25,-46.8622935896868,-46.8623,1.3679040929683822e-7
nlpmodel,gpp124-2,125,124,"OPTIMAL",0.25877,0.25872,25,-46.8622935896868,-46.8623,1.3679040929683822e-7
nlpmodel,gpp124-2,125,124,"OPTIMAL",0.21161,0.21157,25,-46.8622935896868,-46.8623,1.3679040929683822e-7
nlpmodel,gpp124-2,125,124,"OPTIMAL",0.21098,0.21093,25,-46.8622935896868,-46.8623,1.3679040929683822e-7
nlpmodel,gpp124-2,125,124,"OPTIMAL",0.21117,0.21112,25,-46.8622935896868,-46.8623,1.3679040929683822e-7
nlpmodel,gpp124-2,125,124,"OPTIMAL",0.20586,0.20582,25,-46.8622935896868,-46.8623,1.3679040929683822e-7
nlpmodel,gpp124-2,125,124,"OPTIMAL",0.20433,0.20428,25,-46.8622935896868,-46.8623,1.3679040929683822e-7
nlpmodel,gpp124-2,125,124,"OPTIMAL",0.20786,0.20781,25,-46.8622935896868,-46.8623,1.3679040929683822e-7
nlpmodel,gpp124-2,125,124,"OPTIMAL",0.20591,0.20587,25,-46.8622935896868,-46.8623,1.3679040929683822e-7
nlpmodel,gpp124-2,125,124,"OPTIMAL",0.55042,0.55037,25,-46.8622935896868,-46.8623,1.3679040929683822e-7
nlpmodel,gpp124-2,125,124,"OPTIMAL",0.4165,0.41643,25,-46.8622935896868,-46.8623,1.3679040929683822e-7
nlpmodel,gpp124-2,125,124,"OPTIMAL",0.35529,0.35524,25,-46.8622935896868,-46.8623,1.3679040929683822e-7
nlpmodel,gpp124-2,125,124,"OPTIMAL",0.30553,0.30548,25,-46.8622935896868,-46.8623,1.3679040929683822e-7
nlpmodel,gpp124-2,125,124,"OPTIMAL",0.27324,0.27315,25,-46.8622935896868,-46.8623,1.3679040929683822e-7
nlpmodel,gpp124-3,125,124,"DUAL_INFEASIBLE",0.32476,0.32471,29,1527.0739471272661,-153.014,10.979962272257872
nlpmodel,gpp124-3,125,124,"DUAL_INFEASIBLE",0.31645,0.3164,29,1527.0739471272661,-153.014,10.979962272257872
nlpmodel,gpp124-3,125,124,"DUAL_INFEASIBLE",0.32208,0.32203,29,1527.0739471272661,-153.014,10.979962272257872
nlpmodel,gpp124-3,125,124,"DUAL_INFEASIBLE",0.32315,0.3231,29,1527.0739471272661,-153.014,10.979962272257872
nlpmodel,gpp124-3,125,124,"DUAL_INFEASIBLE",0.32821,0.32816,29,1527.0739471272661,-153.014,10.979962272257872
nlpmodel,gpp124-3,125,124,"DUAL_INFEASIBLE",0.31318,0.31312,29,1527.0739471272661,-153.014,10.979962272257872
nlpmodel,gpp124-3,125,124,"DUAL_INFEASIBLE",0.34484,0.34478,29,1527.0739471272661,-153.014,10.979962272257872
nlpmodel,gpp124-3,125,124,"DUAL_INFEASIBLE",0.3197,0.31961,29,1527.0739471272661,-153.014,10.979962272257872
nlpmodel,gpp124-3,125,124,"DUAL_INFEASIBLE",0.31665,0.3166,29,1527.0739471272661,-153.014,10.979962272257872
nlpmodel,gpp124-3,125,124,"DUAL_INFEASIBLE",0.72052,0.72047,29,1527.0739471272661,-153.014,10.979962272257872
nlpmodel,gpp124-3,125,124,"DUAL_INFEASIBLE",0.52313,0.52306,29,1527.0739471272661,-153.014,10.979962272257872
nlpmodel,gpp124-3,125,124,"DUAL_INFEASIBLE",0.39498,0.39493,29,1527.0739471272661,-153.014,10.979962272257872
nlpmodel,gpp124-3,125,124,"DUAL_INFEASIBLE",0.38683,0.38678,29,1527.0739471272661,-153.014,10.979962272257872
nlpmodel,gpp124-3,125,124,"DUAL_INFEASIBLE",0.34636,0.3463,29,1527.0739471272661,-153.014,10.979962272257872
nlpmodel,gpp124-3,125,124,"DUAL_INFEASIBLE",0.32569,0.32564,29,1527.0739471272661,-153.014,10.979962272257872
nlpmodel,gpp124-3,125,124,"DUAL_INFEASIBLE",0.32705,0.327,29,1527.0739471272661,-153.014,10.979962272257872
nlpmodel,gpp124-3,125,124,"DUAL_INFEASIBLE",0.37865,0.3786,29,1527.0739471272661,-153.014,10.979962272257872
nlpmodel,gpp124-3,125,124,"DUAL_INFEASIBLE",0.40244,0.40239,29,1527.0739471272661,-153.014,10.979962272257872
nlpmodel,gpp124-3,125,124,"DUAL_INFEASIBLE",0.39872,0.39866,29,1527.0739471272661,-153.014,10.979962272257872
nlpmodel,gpp124-3,125,124,"DUAL_INFEASIBLE",0.39798,0.39792,29,1527.0739471272661,-153.014,10.979962272257872
nlpmodel,gpp124-3,125,124,"DUAL_INFEASIBLE",0.3565,0.35645,29,1527.0739471272661,-153.014,10.979962272257872
nlpmodel,gpp124-3,125,124,"DUAL_INFEASIBLE",0.39889,0.39884,29,1527.0739471272661,-153.014,10.979962272257872
nlpmodel,gpp124-3,125,124,"DUAL_INFEASIBLE",0.37171,0.37165,29,1527.0739471272661,-153.014,10.979962272257872
nlpmodel,gpp124-3,125,124,"DUAL_INFEASIBLE",0.23936,0.23931,29,1527.0739471272661,-153.014,10.979962272257872
nlpmodel,gpp124-3,125,124,"DUAL_INFEASIBLE",0.66428,0.66423,29,1527.0739471272661,-153.014,10.979962272257872
nlpmodel,gpp124-3,125,124,"DUAL_INFEASIBLE",0.35465,0.35459,29,1527.0739471272661,-153.014,10.979962272257872
nlpmodel,gpp124-3,125,124,"DUAL_INFEASIBLE",0.25896,0.25891,29,1527.0739471272661,-153.014,10.979962272257872
nlpmodel,gpp124-3,125,124,"DUAL_INFEASIBLE",0.2548,0.25475,29,1527.0739471272661,-153.014,10.979962272257872
nlpmodel,gpp124-3,125,124,"DUAL_INFEASIBLE",0.26121,0.26115,29,1527.0739471272661,-153.014,10.979962272257872
nlpmodel,gpp124-3,125,124,"DUAL_INFEASIBLE",0.26098,0.26089,29,1527.0739471272661,-153.014,10.979962272257872
nlpmodel,gpp124-3,125,124,"DUAL_INFEASIBLE",0.26828,0.26823,29,1527.0739471272661,-153.014,10.979962272257872
nlpmodel,gpp124-3,125,124,"DUAL_INFEASIBLE",0.2758,0.27574,29,1527.0739471272661,-153.014,10.979962272257872
nlpmodel,gpp124-4,125,124,"OPTIMAL",0.14329,0.14324,15,-418.98762174891795,-418.99,5.676152371330576e-6
nlpmodel,gpp124-4,125,124,"OPTIMAL",0.14287,0.14282,15,-418.98762174891795,-418.99,5.676152371330576e-6
nlpmodel,gpp124-4,125,124,"OPTIMAL",0.14298,0.14293,15,-418.98762174891795,-418.99,5.676152371330576e-6
nlpmodel,gpp124-4,125,124,"OPTIMAL",0.14007,0.14001,15,-418.98762174891795,-418.99,5.676152371330576e-6
nlpmodel,gpp124-4,125,124,"OPTIMAL",0.1432,0.14315,15,-418.98762174891795,-418.99,5.676152371330576e-6
nlpmodel,gpp124-4,125,124,"OPTIMAL",0.14252,0.14246,15,-418.98762174891795,-418.99,5.676152371330576e-6
nlpmodel,gpp124-4,125,124,"OPTIMAL",0.13897,0.13891,15,-418.98762174891795,-418.99,5.676152371330576e-6
nlpmodel,gpp124-4,125,124,"OPTIMAL",0.14162,0.14153,15,-418.98762174891795,-418.99,5.676152371330576e-6
nlpmodel,gpp124-4,125,124,"OPTIMAL",0.14294,0.14289,15,-418.98762174891795,-418.99,5.676152371330576e-6
nlpmodel,gpp124-4,125,124,"OPTIMAL",0.14032,0.14027,15,-418.98762174891795,-418.99,5.676152371330576e-6
nlpmodel,gpp124-4,125,124,"OPTIMAL",0.53223,0.53217,15,-418.98762174891795,-418.99,5.676152371330576e-6
nlpmodel,gpp124-4,125,124,"OPTIMAL",0.29837,0.29831,15,-418.98762174891795,-418.99,5.676152371330576e-6
nlpmodel,gpp124-4,125,124,"OPTIMAL",0.20204,0.20199,15,-418.98762174891795,-418.99,5.676152371330576e-6
nlpmodel,gpp124-4,125,124,"OPTIMAL",0.16072,0.16067,15,-418.98762174891795,-418.99,5.676152371330576e-6
nlpmodel,gpp124-4,125,124,"OPTIMAL",0.17457,0.17451,15,-418.98762174891795,-418.99,5.676152371330576e-6
nlpmodel,gpp124-4,125,124,"OPTIMAL",0.18041,0.18036,15,-418.98762174891795,-418.99,5.676152371330576e-6
nlpmodel,gpp124-4,125,124,"OPTIMAL",0.16938,0.16932,15,-418.98762174891795,-418.99,5.676152371330576e-6
nlpmodel,gpp124-4,125,124,"OPTIMAL",0.16899,0.16893,15,-418.98762174891795,-418.99,5.676152371330576e-6
nlpmodel,gpp124-4,125,124,"OPTIMAL",0.18019,0.18014,15,-418.98762174891795,-418.99,5.676152371330576e-6
nlpmodel,gpp124-4,125,124,"OPTIMAL",0.18531,0.18522,15,-418.98762174891795,-418.99,5.676152371330576e-6
nlpmodel,gpp124-4,125,124,"OPTIMAL",0.1684,0.16834,15,-418.98762174891795,-418.99,5.676152371330576e-6
nlpmodel,gpp124-4,125,124,"OPTIMAL",0.16498,0.16493,15,-418.98762174891795,-418.99,5.676152371330576e-6
nlpmodel,gpp124-4,125,124,"OPTIMAL",0.16756,0.16751,15,-418.98762174891795,-418.99,5.676152371330576e-6
nlpmodel,gpp124-4,125,124,"OPTIMAL",0.17002,0.16997,15,-418.98762174891795,-418.99,5.676152371330576e-6
nlpmodel,gpp124-4,125,124,"OPTIMAL",0.17503,0.17498,15,-418.98762174891795,-418.99,5.676152371330576e-6
nlpmodel,gpp124-4,125,124,"OPTIMAL",0.16777,0.16771,15,-418.98762174891795,-418.99,5.676152371330576e-6
nlpmodel,gpp124-4,125,124,"OPTIMAL",0.16975,0.1697,15,-418.98762174891795,-418.99,5.676152371330576e-6
nlpmodel,gpp124-4,125,124,"OPTIMAL",0.1753,0.17525,15,-418.98762174891795,-418.99,5.676152371330576e-6
nlpmodel,gpp124-4,125,124,"OPTIMAL",0.17499,0.17493,15,-418.98762174891795,-418.99,5.676152371330576e-6
nlpmodel,gpp124-4,125,124,"OPTIMAL",0.17677,0.17672,15,-418.98762174891795,-418.99,5.676152371330576e-6
nlpmodel,gpp124-4,125,124,"OPTIMAL",0.17468,0.17463,15,-418.98762174891795,-418.99,5.676152371330576e-6
nlpmodel,gpp124-4,125,124,"OPTIMAL",0.17195,0.17189,15,-418.98762174891795,-418.99,5.676152371330576e-6
nlpmodel,mcp124-1,124,124,"OPTIMAL",0.11931,0.11926,12,141.99047797038844,141.9905,1.551484892100018e-7
nlpmodel,mcp124-1,124,124,"OPTIMAL",0.1197,0.11961,12,141.99047797038844,141.9905,1.551484892100018e-7
nlpmodel,mcp124-1,124,124,"OPTIMAL",0.11884,0.11878,12,141.99047797038844,141.9905,1.551484892100018e-7
nlpmodel,mcp124-1,124,124,"OPTIMAL",0.47396,0.47391,12,141.99047797038844,141.9905,1.551484892100018e-7
nlpmodel,mcp124-1,124,124,"OPTIMAL",0.20207,0.202,12,141.99047797038844,141.9905,1.551484892100018e-7
nlpmodel,mcp124-1,124,124,"OPTIMAL",0.24332,0.24326,12,141.99047797038844,141.9905,1.551484892100018e-7
nlpmodel,mcp124-1,124,124,"OPTIMAL",0.12226,0.12221,12,141.99047797038844,141.9905,1.551484892100018e-7
nlpmodel,mcp124-1,124,124,"OPTIMAL",0.085941,0.085899,12,141.99047797038844,141.9905,1.551484892100018e-7
nlpmodel,mcp124-1,124,124,"OPTIMAL",0.11501,0.11496,12,141.99047797038844,141.9905,1.551484892100018e-7
nlpmodel,mcp124-1,124,124,"OPTIMAL",0.090881,0.090837,12,141.99047797038844,141.9905,1.551484892100018e-7
nlpmodel,mcp124-1,124,124,"OPTIMAL",0.088571,0.088526,12,141.99047797038844,141.9905,1.551484892100018e-7
nlpmodel,mcp124-1,124,124,"OPTIMAL",0.094974,0.094925,12,141.99047797038844,141.9905,1.551484892100018e-7
nlpmodel,mcp124-1,124,124,"OPTIMAL",0.10978,0.1097,12,141.99047797038844,141.9905,1.551484892100018e-7
nlpmodel,mcp124-1,124,124,"OPTIMAL",0.11368,0.11362,12,141.99047797038844,141.9905,1.551484892100018e-7
nlpmodel,mcp124-1,124,124,"OPTIMAL",0.11503,0.11496,12,141.99047797038844,141.9905,1.551484892100018e-7
nlpmodel,mcp124-1,124,124,"OPTIMAL",0.098261,0.098213,12,141.99047797038844,141.9905,1.551484892100018e-7
nlpmodel,mcp124-1,124,124,"OPTIMAL",0.095906,0.09586,12,141.99047797038844,141.9905,1.551484892100018e-7
nlpmodel,mcp124-1,124,124,"OPTIMAL",0.1268,0.12674,12,141.99047797038844,141.9905,1.551484892100018e-7
nlpmodel,mcp124-1,124,124,"OPTIMAL",0.097555,0.097506,12,141.99047797038844,141.9905,1.551484892100018e-7
nlpmodel,mcp124-1,124,124,"OPTIMAL",0.096191,0.096146,12,141.99047797038844,141.9905,1.551484892100018e-7
nlpmodel,mcp124-1,124,124,"OPTIMAL",0.092187,0.092141,12,141.99047797038844,141.9905,1.551484892100018e-7
nlpmodel,mcp124-1,124,124,"OPTIMAL",0.092978,0.092905,12,141.99047797038844,141.9905,1.551484892100018e-7
nlpmodel,mcp124-1,124,124,"OPTIMAL",0.09481,0.094766,12,141.99047797038844,141.9905,1.551484892100018e-7
nlpmodel,mcp124-1,124,124,"OPTIMAL",0.09203,0.091986,12,141.99047797038844,141.9905,1.551484892100018e-7
nlpmodel,mcp124-1,124,124,"OPTIMAL",0.11711,0.11706,12,141.99047797038844,141.9905,1.551484892100018e-7
nlpmodel,mcp124-1,124,124,"OPTIMAL",0.094255,0.094211,12,141.99047797038844,141.9905,1.551484892100018e-7
nlpmodel,mcp124-1,124,124,"OPTIMAL",0.094178,0.094133,12,141.99047797038844,141.9905,1.551484892100018e-7
nlpmodel,mcp124-1,124,124,"OPTIMAL",0.090425,0.090379,12,141.99047797038844,141.9905,1.551484892100018e-7
nlpmodel,mcp124-1,124,124,"OPTIMAL",0.091885,0.091812,12,141.99047797038844,141.9905,1.551484892100018e-7
nlpmodel,mcp124-1,124,124,"OPTIMAL",0.095398,0.095355,12,141.99047797038844,141.9905,1.551484892100018e-7
nlpmodel,mcp124-1,124,124,"OPTIMAL",0.094176,0.094132,12,141.99047797038844,141.9905,1.551484892100018e-7
nlpmodel,mcp124-1,124,124,"OPTIMAL",0.092996,0.092954,12,141.99047797038844,141.9905,1.551484892100018e-7
nlpmodel,mcp124-2,124,124,"OPTIMAL",0.091849,0.091804,12,269.88017167472503,269.8802,1.0495499472807038e-7
nlpmodel,mcp124-2,124,124,"OPTIMAL",0.11484,0.1148,12,269.88017167472503,269.8802,1.0495499472807038e-7
nlpmodel,mcp124-2,124,124,"OPTIMAL",0.092635,0.092591,12,269.88017167472503,269.8802,1.0495499472807038e-7
nlpmodel,mcp124-2,124,124,"OPTIMAL",0.39046,0.39041,12,269.88017167472503,269.8802,1.0495499472807038e-7
nlpmodel,mcp124-2,124,124,"OPTIMAL",0.099041,0.098963,12,269.88017167472503,269.8802,1.0495499472807038e-7
nlpmodel,mcp124-2,124,124,"OPTIMAL",0.11877,0.11872,12,269.88017167472503,269.8802,1.0495499472807038e-7
nlpmodel,mcp124-2,124,124,"OPTIMAL",0.11936,0.1193,12,269.88017167472503,269.8802,1.0495499472807038e-7
nlpmodel,mcp124-2,124,124,"OPTIMAL",0.091082,0.091029,12,269.88017167472503,269.8802,1.0495499472807038e-7
nlpmodel,mcp124-2,124,124,"OPTIMAL",0.13055,0.13048,12,269.88017167472503,269.8802,1.0495499472807038e-7
nlpmodel,mcp124-2,124,124,"OPTIMAL",0.085637,0.085557,12,269.88017167472503,269.8802,1.0495499472807038e-7
nlpmodel,mcp124-2,124,124,"OPTIMAL",0.10285,0.10281,12,269.88017167472503,269.8802,1.0495499472807038e-7
nlpmodel,mcp124-2,124,124,"OPTIMAL",0.087342,0.087293,12,269.88017167472503,269.8802,1.0495499472807038e-7
nlpmodel,mcp124-2,124,124,"OPTIMAL",0.085844,0.085799,12,269.88017167472503,269.8802,1.0495499472807038e-7
nlpmodel,mcp124-2,124,124,"OPTIMAL",0.086724,0.086678,12,269.88017167472503,269.8802,1.0495499472807038e-7
nlpmodel,mcp124-2,124,124,"OPTIMAL",0.10771,0.10764,12,269.88017167472503,269.8802,1.0495499472807038e-7
nlpmodel,mcp124-2,124,124,"OPTIMAL",0.095058,0.095012,12,269.88017167472503,269.8802,1.0495499472807038e-7
nlpmodel,mcp124-2,124,124,"OPTIMAL",0.091105,0.091064,12,269.88017167472503,269.8802,1.0495499472807038e-7
nlpmodel,mcp124-2,124,124,"OPTIMAL",0.091179,0.091137,12,269.88017167472503,269.8802,1.0495499472807038e-7
nlpmodel,mcp124-2,124,124,"OPTIMAL",0.12007,0.12002,12,269.88017167472503,269.8802,1.0495499472807038e-7
nlpmodel,mcp124-2,124,124,"OPTIMAL",0.090313,0.09027,12,269.88017167472503,269.8802,1.0495499472807038e-7
nlpmodel,mcp124-2,124,124,"OPTIMAL",0.11292,0.11288,12,269.88017167472503,269.8802,1.0495499472807038e-7
nlpmodel,mcp124-2,124,124,"OPTIMAL",0.093607,0.093562,12,269.88017167472503,269.8802,1.0495499472807038e-7
nlpmodel,mcp124-2,124,124,"OPTIMAL",0.089453,0.089409,12,269.88017167472503,269.8802,1.0495499472807038e-7
nlpmodel,mcp124-2,124,124,"OPTIMAL",0.090177,0.090133,12,269.88017167472503,269.8802,1.0495499472807038e-7
nlpmodel,mcp124-2,124,124,"OPTIMAL",0.10826,0.10821,12,269.88017167472503,269.8802,1.0495499472807038e-7
nlpmodel,mcp124-2,124,124,"OPTIMAL",0.093136,0.093089,12,269.88017167472503,269.8802,1.0495499472807038e-7
nlpmodel,mcp124-2,124,124,"OPTIMAL",0.089322,0.089276,12,269.88017167472503,269.8802,1.0495499472807038e-7
nlpmodel,mcp124-2,124,124,"OPTIMAL",0.10653,0.10646,12,269.88017167472503,269.8802,1.0495499472807038e-7
nlpmodel,mcp124-2,124,124,"OPTIMAL",0.11574,0.11568,12,269.88017167472503,269.8802,1.0495499472807038e-7
nlpmodel,mcp124-2,124,124,"OPTIMAL",0.089626,0.089582,12,269.88017167472503,269.8802,1.0495499472807038e-7
nlpmodel,mcp124-2,124,124,"OPTIMAL",0.090321,0.090274,12,269.88017167472503,269.8802,1.0495499472807038e-7
nlpmodel,mcp124-2,124,124,"OPTIMAL",0.096152,0.09608,12,269.88017167472503,269.8802,1.0495499472807038e-7
nlpmodel,mcp124-3,124,124,"OPTIMAL",0.086677,0.086625,11,467.7501178695867,467.7501,3.820327716329571e-8
nlpmodel,mcp124-3,124,124,"OPTIMAL",0.085838,0.085796,11,467.7501178695867,467.7501,3.820327716329571e-8
nlpmodel,mcp124-3,124,124,"OPTIMAL",0.1579,0.15786,11,467.7501178695867,467.7501,3.820327716329571e-8
nlpmodel,mcp124-3,124,124,"OPTIMAL",0.35546,0.35541,11,467.7501178695867,467.7501,3.820327716329571e-8
nlpmodel,mcp124-3,124,124,"OPTIMAL",0.11043,0.11037,11,467.7501178695867,467.7501,3.820327716329571e-8
nlpmodel,mcp124-3,124,124,"OPTIMAL",0.11338,0.11332,11,467.7501178695867,467.7501,3.820327716329571e-8
nlpmodel,mcp124-3,124,124,"OPTIMAL",0.097974,0.097921,11,467.7501178695867,467.7501,3.820327716329571e-8
nlpmodel,mcp124-3,124,124,"OPTIMAL",0.085834,0.085779,11,467.7501178695867,467.7501,3.820327716329571e-8
nlpmodel,mcp124-3,124,124,"OPTIMAL",0.096623,0.096569,11,467.7501178695867,467.7501,3.820327716329571e-8
nlpmodel,mcp124-3,124,124,"OPTIMAL",0.08676,0.086702,11,467.7501178695867,467.7501,3.820327716329571e-8
nlpmodel,mcp124-3,124,124,"OPTIMAL",0.092236,0.092144,11,467.7501178695867,467.7501,3.820327716329571e-8
nlpmodel,mcp124-3,124,124,"OPTIMAL",0.08691,0.086858,11,467.7501178695867,467.7501,3.820327716329571e-8
nlpmodel,mcp124-3,124,124,"OPTIMAL",0.091274,0.091226,11,467.7501178695867,467.7501,3.820327716329571e-8
nlpmodel,mcp124-3,124,124,"OPTIMAL",0.093677,0.093627,11,467.7501178695867,467.7501,3.820327716329571e-8
nlpmodel,mcp124-3,124,124,"OPTIMAL",0.090315,0.090264,11,467.7501178695867,467.7501,3.820327716329571e-8
nlpmodel,mcp124-3,124,124,"OPTIMAL",0.091657,0.091605,11,467.7501178695867,467.7501,3.820327716329571e-8
nlpmodel,mcp124-3,124,124,"OPTIMAL",0.095098,0.095046,11,467.7501178695867,467.7501,3.820327716329571e-8
nlpmodel,mcp124-3,124,124,"OPTIMAL",0.091097,0.091039,11,467.7501178695867,467.7501,3.820327716329571e-8
nlpmodel,mcp124-3,124,124,"OPTIMAL",0.095241,0.095152,11,467.7501178695867,467.7501,3.820327716329571e-8
nlpmodel,mcp124-3,124,124,"OPTIMAL",0.090562,0.09051,11,467.7501178695867,467.7501,3.820327716329571e-8
nlpmodel,mcp124-3,124,124,"OPTIMAL",0.099099,0.099048,11,467.7501178695867,467.7501,3.820327716329571e-8
nlpmodel,mcp124-3,124,124,"OPTIMAL",0.094748,0.094696,11,467.7501178695867,467.7501,3.820327716329571e-8
nlpmodel,mcp124-3,124,124,"OPTIMAL",0.097248,0.097195,11,467.7501178695867,467.7501,3.820327716329571e-8
nlpmodel,mcp124-3,124,124,"OPTIMAL",0.09398,0.093928,11,467.7501178695867,467.7501,3.820327716329571e-8
nlpmodel,mcp124-3,124,124,"OPTIMAL",0.095031,0.094977,11,467.7501178695867,467.7501,3.820327716329571e-8
nlpmodel,mcp124-3,124,124,"OPTIMAL",0.097834,0.09778,11,467.7501178695867,467.7501,3.820327716329571e-8
nlpmodel,mcp124-3,124,124,"OPTIMAL",0.095299,0.095234,11,467.7501178695867,467.7501,3.820327716329571e-8
nlpmodel,mcp124-3,124,124,"OPTIMAL",0.097603,0.097549,11,467.7501178695867,467.7501,3.820327716329571e-8
nlpmodel,mcp124-3,124,124,"OPTIMAL",0.094592,0.094535,11,467.7501178695867,467.7501,3.820327716329571e-8
nlpmodel,mcp124-3,124,124,"OPTIMAL",0.095899,0.095806,11,467.7501178695867,467.7501,3.820327716329571e-8
nlpmodel,mcp124-3,124,124,"OPTIMAL",0.096232,0.096171,11,467.7501178695867,467.7501,3.820327716329571e-8
nlpmodel,mcp124-3,124,124,"OPTIMAL",0.090832,0.09078,11,467.7501178695867,467.7501,3.820327716329571e-8
nlpmodel,mcp124-4,124,124,"OPTIMAL",0.096241,0.096187,11,864.4118669402783,864.4119,3.824533380313396e-8
nlpmodel,mcp124-4,124,124,"OPTIMAL",0.092591,0.092536,11,864.4118669402783,864.4119,3.824533380313396e-8
nlpmodel,mcp124-4,124,124,"OPTIMAL",0.098151,0.098059,11,864.4118669402783,864.4119,3.824533380313396e-8
nlpmodel,mcp124-4,124,124,"OPTIMAL",0.45898,0.45892,11,864.4118669402783,864.4119,3.824533380313396e-8
nlpmodel,mcp124-4,124,124,"OPTIMAL",0.16212,0.16206,11,864.4118669402783,864.4119,3.824533380313396e-8
nlpmodel,mcp124-4,124,124,"OPTIMAL",0.18687,0.18681,11,864.4118669402783,864.4119,3.824533380313396e-8
nlpmodel,mcp124-4,124,124,"OPTIMAL",0.19225,0.1922,11,864.4118669402783,864.4119,3.824533380313396e-8
nlpmodel,mcp124-4,124,124,"OPTIMAL",0.12753,0.12747,11,864.4118669402783,864.4119,3.824533380313396e-8
nlpmodel,mcp124-4,124,124,"OPTIMAL",0.13324,0.13319,11,864.4118669402783,864.4119,3.824533380313396e-8
nlpmodel,mcp124-4,124,124,"OPTIMAL",0.14671,0.14662,11,864.4118669402783,864.4119,3.824533380313396e-8
nlpmodel,mcp124-4,124,124,"OPTIMAL",0.13401,0.13395,11,864.4118669402783,864.4119,3.824533380313396e-8
nlpmodel,mcp124-4,124,124,"OPTIMAL",0.1283,0.12824,11,864.4118669402783,864.4119,3.824533380313396e-8
nlpmodel,mcp124-4,124,124,"OPTIMAL",0.12631,0.12625,11,864.4118669402783,864.4119,3.824533380313396e-8
nlpmodel,mcp124-4,124,124,"OPTIMAL",0.1367,0.13665,11,864.4118669402783,864.4119,3.824533380313396e-8
nlpmodel,mcp124-4,124,124,"OPTIMAL",0.13364,0.13359,11,864.4118669402783,864.4119,3.824533380313396e-8
nlpmodel,mcp124-4,124,124,"OPTIMAL",0.12932,0.12927,11,864.4118669402783,864.4119,3.824533380313396e-8
nlpmodel,mcp124-4,124,124,"OPTIMAL",0.14598,0.14593,11,864.4118669402783,864.4119,3.824533380313396e-8
nlpmodel,mcp124-4,124,124,"OPTIMAL",0.11899,0.11894,11,864.4118669402783,864.4119,3.824533380313396e-8
nlpmodel,mcp124-4,124,124,"OPTIMAL",0.10787,0.10781,11,864.4118669402783,864.4119,3.824533380313396e-8
nlpmodel,mcp124-4,124,124,"OPTIMAL",0.10901,0.10895,11,864.4118669402783,864.4119,3.824533380313396e-8
nlpmodel,mcp124-4,124,124,"OPTIMAL",0.11822,0.11817,11,864.4118669402783,864.4119,3.824533380313396e-8
nlpmodel,mcp124-4,124,124,"OPTIMAL",0.10819,0.10814,11,864.4118669402783,864.4119,3.824533380313396e-8
nlpmodel,mcp124-4,124,124,"OPTIMAL",0.11442,0.11436,11,864.4118669402783,864.4119,3.824533380313396e-8
nlpmodel,mcp124-4,124,124,"OPTIMAL",0.10817,0.10812,11,864.4118669402783,864.4119,3.824533380313396e-8
nlpmodel,mcp124-4,124,124,"OPTIMAL",0.10591,0.10586,11,864.4118669402783,864.4119,3.824533380313396e-8
nlpmodel,mcp124-4,124,124,"OPTIMAL",0.11202,0.11197,11,864.4118669402783,864.4119,3.824533380313396e-8
nlpmodel,mcp124-4,124,124,"OPTIMAL",0.11393,0.11388,11,864.4118669402783,864.4119,3.824533380313396e-8
nlpmodel,mcp124-4,124,124,"OPTIMAL",0.11104,0.11095,11,864.4118669402783,864.4119,3.824533380313396e-8
nlpmodel,mcp124-4,124,124,"OPTIMAL",0.1145,0.11445,11,864.4118669402783,864.4119,3.824533380313396e-8
nlpmodel,mcp124-4,124,124,"OPTIMAL",0.11131,0.11125,11,864.4118669402783,864.4119,3.824533380313396e-8
nlpmodel,mcp124-4,124,124,"OPTIMAL",0.10962,0.10953,11,864.4118669402783,864.4119,3.824533380313396e-8
nlpmodel,mcp124-4,124,124,"OPTIMAL",0.10651,0.10646,11,864.4118669402783,864.4119,3.824533380313396e-8
nlpmodel,truss2,58,133,"OPTIMAL",0.033217,0.033175,15,-123.38035304581688,-123.3804,3.805643612712917e-7
nlpmodel,truss2,58,133,"OPTIMAL",0.023445,0.023408,15,-123.38035304581688,-123.3804,3.805643612712917e-7
nlpmodel,truss2,58,133,"OPTIMAL",0.023507,0.023463,15,-123.38035304581688,-123.3804,3.805643612712917e-7
nlpmodel,truss2,58,133,"OPTIMAL",0.018953,0.018922,15,-123.38035304581688,-123.3804,3.805643612712917e-7
nlpmodel,truss2,58,133,"OPTIMAL",0.019223,0.019199,15,-123.38035304581688,-123.3804,3.805643612712917e-7
nlpmodel,truss2,58,133,"OPTIMAL",0.023632,0.023609,15,-123.38035304581688,-123.3804,3.805643612712917e-7
nlpmodel,truss2,58,133,"OPTIMAL",0.033855,0.033823,15,-123.38035304581688,-123.3804,3.805643612712917e-7
nlpmodel,truss2,58,133,"OPTIMAL",0.019512,0.019471,15,-123.38035304581688,-123.3804,3.805643612712917e-7
nlpmodel,truss2,58,133,"OPTIMAL",0.018394,0.018364,15,-123.38035304581688,-123.3804,3.805643612712917e-7
nlpmodel,truss2,58,133,"OPTIMAL",0.021438,0.02141,15,-123.38035304581688,-123.3804,3.805643612712917e-7
nlpmodel,truss2,58,133,"OPTIMAL",0.020809,0.020755,15,-123.38035304581688,-123.3804,3.805643612712917e-7
nlpmodel,truss2,58,133,"OPTIMAL",0.027964,0.027911,15,-123.38035304581688,-123.3804,3.805643612712917e-7
nlpmodel,truss2,58,133,"OPTIMAL",0.01911,0.019046,15,-123.38035304581688,-123.3804,3.805643612712917e-7
nlpmodel,truss2,58,133,"OPTIMAL",0.019444,0.019415,15,-123.38035304581688,-123.3804,3.805643612712917e-7
nlpmodel,truss2,58,133,"OPTIMAL",0.018133,0.018106,15,-123.38035304581688,-123.3804,3.805643612712917e-7
nlpmodel,truss2,58,133,"OPTIMAL",0.027461,0.027433,15,-123.38035304581688,-123.3804,3.805643612712917e-7
nlpmodel,truss2,58,133,"OPTIMAL",0.021025,0.020985,15,-123.38035304581688,-123.3804,3.805643612712917e-7
nlpmodel,truss2,58,133,"OPTIMAL",0.021338,0.02131,15,-123.38035304581688,-123.3804,3.805643612712917e-7
nlpmodel,truss2,58,133,"OPTIMAL",0.022616,0.022589,15,-123.38035304581688,-123.3804,3.805643612712917e-7
nlpmodel,truss2,58,133,"OPTIMAL",0.021914,0.021878,15,-123.38035304581688,-123.3804,3.805643612712917e-7
nlpmodel,truss2,58,133,"OPTIMAL",0.028716,0.028674,15,-123.38035304581688,-123.3804,3.805643612712917e-7
nlpmodel,truss2,58,133,"OPTIMAL",0.02194,0.021902,15,-123.38035304581688,-123.3804,3.805643612712917e-7
nlpmodel,truss2,58,133,"OPTIMAL",0.017841,0.017794,15,-123.38035304581688,-123.3804,3.805643612712917e-7
nlpmodel,truss2,58,133,"OPTIMAL",0.016774,0.016722,15,-123.38035304581688,-123.3804,3.805643612712917e-7
nlpmodel,truss2,58,133,"OPTIMAL",0.027082,0.027035,15,-123.38035304581688,-123.3804,3.805643612712917e-7
nlpmodel,truss2,58,133,"OPTIMAL",0.023152,0.023119,15,-123.38035304581688,-123.3804,3.805643612712917e-7
nlpmodel,truss2,58,133,"OPTIMAL",0.017984,0.017937,15,-123.38035304581688,-123.3804,3.805643612712917e-7
nlpmodel,truss2,58,133,"OPTIMAL",0.016579,0.016542,15,-123.38035304581688,-123.3804,3.805643612712917e-7
nlpmodel,truss2,58,133,"OPTIMAL",0.017339,0.017309,15,-123.38035304581688,-123.3804,3.805643612712917e-7
nlpmodel,truss2,58,133,"OPTIMAL",0.025599,0.025547,15,-123.38035304581688,-123.3804,3.805643612712917e-7
nlpmodel,truss2,58,133,"OPTIMAL",0.018225,0.018169,15,-123.38035304581688,-123.3804,3.805643612712917e-7
nlpmodel,truss2,58,133,"OPTIMAL",0.015678,0.015653,15,-123.38035304581688,-123.3804,3.805643612712917e-7
nlpmodel,control9,1081,135,"DUAL_INFEASIBLE",14.861,14.861,34,14.675427406200113,14.6754,1.8674925462255413e-6
nlpmodel,control9,1081,135,"DUAL_INFEASIBLE",15.661,15.661,34,14.675427406200113,14.6754,1.8674925462255413e-6
nlpmodel,control9,1081,135,"DUAL_INFEASIBLE",14.515,14.515,34,14.675427406200113,14.6754,1.8674925462255413e-6
nlpmodel,control9,1081,135,"DUAL_INFEASIBLE",15.732,15.732,34,14.675427406200113,14.6754,1.8674925462255413e-6
nlpmodel,control9,1081,135,"DUAL_INFEASIBLE",14.992,14.992,34,14.675427406200113,14.6754,1.8674925462255413e-6
nlpmodel,control9,1081,135,"DUAL_INFEASIBLE",15.893,15.893,34,14.675427406200113,14.6754,1.8674925462255413e-6
nlpmodel,control9,1081,135,"DUAL_INFEASIBLE",11.14,11.14,34,14.675427406200113,14.6754,1.8674925462255413e-6
nlpmodel,control9,1081,135,"DUAL_INFEASIBLE",15.681,15.681,34,14.675427406200113,14.6754,1.8674925462255413e-6
nlpmodel,control9,1081,135,"DUAL_INFEASIBLE",15.477,15.477,34,14.675427406200113,14.6754,1.8674925462255413e-6
nlpmodel,control9,1081,135,"DUAL_INFEASIBLE",15.306,15.306,34,14.675427406200113,14.6754,1.8674925462255413e-6
nlpmodel,control9,1081,135,"DUAL_INFEASIBLE",14.837,14.837,34,14.675427406200113,14.6754,1.8674925462255413e-6
nlpmodel,control9,1081,135,"DUAL_INFEASIBLE",15.872,15.872,34,14.675427406200113,14.6754,1.8674925462255413e-6
nlpmodel,control9,1081,135,"DUAL_INFEASIBLE",15.621,15.621,34,14.675427406200113,14.6754,1.8674925462255413e-6
nlpmodel,control9,1081,135,"DUAL_INFEASIBLE",15.95,15.95,34,14.675427406200113,14.6754,1.8674925462255413e-6
nlpmodel,control9,1081,135,"DUAL_INFEASIBLE",14.487,14.486,34,14.675427406200113,14.6754,1.8674925462255413e-6
nlpmodel,control9,1081,135,"DUAL_INFEASIBLE",11.823,11.823,34,14.675427406200113,14.6754,1.8674925462255413e-6
nlpmodel,control9,1081,135,"DUAL_INFEASIBLE",8.5483,8.5482,34,14.675427406200113,14.6754,1.8674925462255413e-6
nlpmodel,control9,1081,135,"DUAL_INFEASIBLE",8.2691,8.2691,34,14.675427406200113,14.6754,1.8674925462255413e-6
nlpmodel,control9,1081,135,"DUAL_INFEASIBLE",8.0026,8.0026,34,14.675427406200113,14.6754,1.8674925462255413e-6
nlpmodel,control9,1081,135,"DUAL_INFEASIBLE",7.7696,7.7695,34,14.675427406200113,14.6754,1.8674925462255413e-6
nlpmodel,control9,1081,135,"DUAL_INFEASIBLE",8.0678,8.0677,34,14.675427406200113,14.6754,1.8674925462255413e-6
nlpmodel,control9,1081,135,"DUAL_INFEASIBLE",9.2302,9.2302,34,14.675427406200113,14.6754,1.8674925462255413e-6
nlpmodel,control9,1081,135,"DUAL_INFEASIBLE",9.0543,9.0542,34,14.675427406200113,14.6754,1.8674925462255413e-6
nlpmodel,control9,1081,135,"DUAL_INFEASIBLE",8.0862,8.0861,34,14.675427406200113,14.6754,1.8674925462255413e-6
nlpmodel,control9,1081,135,"DUAL_INFEASIBLE",8.1668,8.1667,34,14.675427406200113,14.6754,1.8674925462255413e-6
nlpmodel,control9,1081,135,"DUAL_INFEASIBLE",8.065,8.0649,34,14.675427406200113,14.6754,1.8674925462255413e-6
nlpmodel,control9,1081,135,"DUAL_INFEASIBLE",7.869,7.869,34,14.675427406200113,14.6754,1.8674925462255413e-6
nlpmodel,control9,1081,135,"DUAL_INFEASIBLE",8.0293,8.0292,34,14.675427406200113,14.6754,1.8674925462255413e-6
nlpmodel,control9,1081,135,"DUAL_INFEASIBLE",8.1861,8.186,34,14.675427406200113,14.6754,1.8674925462255413e-6
nlpmodel,control9,1081,135,"DUAL_INFEASIBLE",8.0001,8.0,34,14.675427406200113,14.6754,1.8674925462255413e-6
nlpmodel,control9,1081,135,"DUAL_INFEASIBLE",8.1269,8.1269,34,14.675427406200113,14.6754,1.8674925462255413e-6
nlpmodel,control9,1081,135,"DUAL_INFEASIBLE",8.3864,8.3864,34,14.675427406200113,14.6754,1.8674925462255413e-6
nlpmodel,control10,1326,150,"DUAL_INFEASIBLE",15.809,15.809,38,38.53307452325212,38.533,1.9340111622992225e-6
nlpmodel,control10,1326,150,"DUAL_INFEASIBLE",15.824,15.824,38,38.53307452325212,38.533,1.9340111622992225e-6
nlpmodel,control10,1326,150,"DUAL_INFEASIBLE",17.268,17.268,38,38.53307452325212,38.533,1.9340111622992225e-6
nlpmodel,control10,1326,150,"DUAL_INFEASIBLE",23.364,23.364,38,38.53307452325212,38.533,1.9340111622992225e-6
nlpmodel,control10,1326,150,"DUAL_INFEASIBLE",21.905,21.905,38,38.53307452325212,38.533,1.9340111622992225e-6
nlpmodel,control10,1326,150,"DUAL_INFEASIBLE",19.942,19.942,38,38.53307452325212,38.533,1.9340111622992225e-6
nlpmodel,control10,1326,150,"DUAL_INFEASIBLE",20.258,20.257,38,38.53307452325212,38.533,1.9340111622992225e-6
nlpmodel,control10,1326,150,"DUAL_INFEASIBLE",24.349,24.349,38,38.53307452325212,38.533,1.9340111622992225e-6
nlpmodel,control10,1326,150,"DUAL_INFEASIBLE",18.916,18.916,38,38.53307452325212,38.533,1.9340111622992225e-6
nlpmodel,control10,1326,150,"DUAL_INFEASIBLE",19.735,19.735,38,38.53307452325212,38.533,1.9340111622992225e-6
nlpmodel,control10,1326,150,"DUAL_INFEASIBLE",18.687,18.687,38,38.53307452325212,38.533,1.9340111622992225e-6
nlpmodel,control10,1326,150,"DUAL_INFEASIBLE",23.843,23.843,38,38.53307452325212,38.533,1.9340111622992225e-6
nlpmodel,control10,1326,150,"DUAL_INFEASIBLE",26.101,26.101,38,38.53307452325212,38.533,1.9340111622992225e-6
nlpmodel,control10,1326,150,"DUAL_INFEASIBLE",19.965,19.965,38,38.53307452325212,38.533,1.9340111622992225e-6
nlpmodel,control10,1326,150,"DUAL_INFEASIBLE",16.127,16.127,38,38.53307452325212,38.533,1.9340111622992225e-6
nlpmodel,control10,1326,150,"DUAL_INFEASIBLE",24.258,24.258,38,38.53307452325212,38.533,1.9340111622992225e-6
nlpmodel,control10,1326,150,"DUAL_INFEASIBLE",25.63,25.63,38,38.53307452325212,38.533,1.9340111622992225e-6
nlpmodel,control10,1326,150,"DUAL_INFEASIBLE",24.564,24.564,38,38.53307452325212,38.533,1.9340111622992225e-6
nlpmodel,control10,1326,150,"DUAL_INFEASIBLE",27.54,27.54,38,38.53307452325212,38.533,1.9340111622992225e-6
nlpmodel,theta3,1106,150,"OPTIMAL",5.6189,5.6188,13,42.166982611144654,42.16698,6.192391894344154e-8
nlpmodel,theta3,1106,150,"OPTIMAL",5.3998,5.3996,13,42.166982611144654,42.16698,6.192391894344154e-8
nlpmodel,theta3,1106,150,"OPTIMAL",5.7988,5.7987,13,42.166982611144654,42.16698,6.192391894344154e-8
nlpmodel,theta3,1106,150,"OPTIMAL",5.3861,5.386,13,42.166982611144654,42.16698,6.192391894344154e-8
nlpmodel,theta3,1106,150,"OPTIMAL",4.0781,4.078,13,42.166982611144654,42.16698,6.192391894344154e-8
nlpmodel,theta3,1106,150,"OPTIMAL",5.2111,5.211,13,42.166982611144654,42.16698,6.192391894344154e-8
nlpmodel,theta3,1106,150,"OPTIMAL",5.4425,5.4425,13,42.166982611144654,42.16698,6.192391894344154e-8
nlpmodel,theta3,1106,150,"OPTIMAL",5.3113,5.3112,13,42.166982611144654,42.16698,6.192391894344154e-8
nlpmodel,theta3,1106,150,"OPTIMAL",5.7797,5.7796,13,42.166982611144654,42.16698,6.192391894344154e-8
nlpmodel,theta3,1106,150,"OPTIMAL",5.4812,5.4811,13,42.166982611144654,42.16698,6.192391894344154e-8
nlpmodel,theta3,1106,150,"OPTIMAL",5.5362,5.5361,13,42.166982611144654,42.16698,6.192391894344154e-8
nlpmodel,theta3,1106,150,"OPTIMAL",3.1996,3.1995,13,42.166982611144654,42.16698,6.192391894344154e-8
nlpmodel,theta3,1106,150,"OPTIMAL",2.8981,2.898,13,42.166982611144654,42.16698,6.192391894344154e-8
nlpmodel,theta3,1106,150,"OPTIMAL",3.2408,3.2407,13,42.166982611144654,42.16698,6.192391894344154e-8
nlpmodel,theta3,1106,150,"OPTIMAL",5.0983,5.0982,13,42.166982611144654,42.16698,6.192391894344154e-8
nlpmodel,theta3,1106,150,"OPTIMAL",3.7653,3.7652,13,42.166982611144654,42.16698,6.192391894344154e-8
nlpmodel,theta3,1106,150,"OPTIMAL",4.0723,4.0722,13,42.166982611144654,42.16698,6.192391894344154e-8
nlpmodel,theta3,1106,150,"OPTIMAL",4.7613,4.7612,13,42.166982611144654,42.16698,6.192391894344154e-8
nlpmodel,theta3,1106,150,"OPTIMAL",3.7299,3.7298,13,42.166982611144654,42.16698,6.192391894344154e-8
nlpmodel,theta3,1106,150,"OPTIMAL",4.531,4.531,13,42.166982611144654,42.16698,6.192391894344154e-8
nlpmodel,theta3,1106,150,"OPTIMAL",3.7557,3.7556,13,42.166982611144654,42.16698,6.192391894344154e-8
nlpmodel,theta3,1106,150,"OPTIMAL",4.0189,4.0188,13,42.166982611144654,42.16698,6.192391894344154e-8
nlpmodel,theta3,1106,150,"OPTIMAL",5.7661,5.766,13,42.166982611144654,42.16698,6.192391894344154e-8
nlpmodel,theta3,1106,150,"OPTIMAL",4.5422,4.542,13,42.166982611144654,42.16698,6.192391894344154e-8
nlpmodel,theta3,1106,150,"OPTIMAL",5.0087,5.0085,13,42.166982611144654,42.16698,6.192391894344154e-8
nlpmodel,theta3,1106,150,"OPTIMAL",5.2768,5.2767,13,42.166982611144654,42.16698,6.192391894344154e-8
nlpmodel,theta3,1106,150,"OPTIMAL",5.717,5.7169,13,42.166982611144654,42.16698,6.192391894344154e-8
nlpmodel,theta3,1106,150,"OPTIMAL",5.7492,5.7491,13,42.166982611144654,42.16698,6.192391894344154e-8
nlpmodel,theta3,1106,150,"OPTIMAL",5.3043,5.3041,13,42.166982611144654,42.16698,6.192391894344154e-8
nlpmodel,theta3,1106,150,"OPTIMAL",4.3882,4.3881,13,42.166982611144654,42.16698,6.192391894344154e-8
nlpmodel,theta3,1106,150,"OPTIMAL",4.2551,4.255,13,42.166982611144654,42.16698,6.192391894344154e-8
nlpmodel,theta3,1106,150,"OPTIMAL",4.5603,4.5602,13,42.166982611144654,42.16698,6.192391894344154e-8
nlpmodel,control11,1596,165,"DUAL_INFEASIBLE",31.997,31.997,42,31.958691527512254,31.959,9.65213203621353e-6
nlpmodel,control11,1596,165,"DUAL_INFEASIBLE",41.619,41.619,42,31.958691527512254,31.959,9.65213203621353e-6
nlpmodel,control11,1596,165,"DUAL_INFEASIBLE",37.498,37.498,42,31.958691527512254,31.959,9.65213203621353e-6
nlpmodel,control11,1596,165,"DUAL_INFEASIBLE",43.334,43.334,42,31.958691527512254,31.959,9.65213203621353e-6
nlpmodel,control11,1596,165,"DUAL_INFEASIBLE",41.588,41.588,42,31.958691527512254,31.959,9.65213203621353e-6
nlpmodel,control11,1596,165,"DUAL_INFEASIBLE",42.223,42.223,42,31.958691527512254,31.959,9.65213203621353e-6
nlpmodel,control11,1596,165,"DUAL_INFEASIBLE",47.848,47.848,42,31.958691527512254,31.959,9.65213203621353e-6
nlpmodel,control11,1596,165,"DUAL_INFEASIBLE",49.483,49.483,42,31.958691527512254,31.959,9.65213203621353e-6
nlpmodel,control11,1596,165,"DUAL_INFEASIBLE",50.193,50.192,42,31.958691527512254,31.959,9.65213203621353e-6
nlpmodel,theta4,1949,200,"OPTIMAL",23.351,23.351,14,50.32122327867925,50.32122,6.515500323025503e-8
nlpmodel,theta4,1949,200,"OPTIMAL",23.295,23.295,14,50.32122327867925,50.32122,6.515500323025503e-8
nlpmodel,theta4,1949,200,"OPTIMAL",23.345,23.345,14,50.32122327867925,50.32122,6.515500323025503e-8
nlpmodel,theta4,1949,200,"OPTIMAL",23.533,23.533,14,50.32122327867925,50.32122,6.515500323025503e-8
nlpmodel,theta4,1949,200,"OPTIMAL",23.473,23.473,14,50.32122327867925,50.32122,6.515500323025503e-8
nlpmodel,theta4,1949,200,"OPTIMAL",23.66,23.66,14,50.32122327867925,50.32122,6.515500323025503e-8
nlpmodel,theta4,1949,200,"OPTIMAL",23.641,23.641,14,50.32122327867925,50.32122,6.515500323025503e-8
nlpmodel,theta4,1949,200,"OPTIMAL",23.573,23.572,14,50.32122327867925,50.32122,6.515500323025503e-8
nlpmodel,theta4,1949,200,"OPTIMAL",20.857,20.857,14,50.32122327867925,50.32122,6.515500323025503e-8
nlpmodel,theta4,1949,200,"OPTIMAL",18.771,18.771,14,50.32122327867925,50.32122,6.515500323025503e-8
nlpmodel,theta4,1949,200,"OPTIMAL",19.521,19.52,14,50.32122327867925,50.32122,6.515500323025503e-8
nlpmodel,theta4,1949,200,"OPTIMAL",15.901,15.901,14,50.32122327867925,50.32122,6.515500323025503e-8
nlpmodel,theta4,1949,200,"OPTIMAL",20.681,20.681,14,50.32122327867925,50.32122,6.515500323025503e-8
nlpmodel,theta4,1949,200,"OPTIMAL",19.411,19.411,14,50.32122327867925,50.32122,6.515500323025503e-8
nlpmodel,theta4,1949,200,"OPTIMAL",19.149,19.149,14,50.32122327867925,50.32122,6.515500323025503e-8
nlpmodel,theta4,1949,200,"OPTIMAL",12.864,12.864,14,50.32122327867925,50.32122,6.515500323025503e-8
nlpmodel,theta4,1949,200,"OPTIMAL",14.973,14.973,14,50.32122327867925,50.32122,6.515500323025503e-8
nlpmodel,theta4,1949,200,"OPTIMAL",14.701,14.701,14,50.32122327867925,50.32122,6.515500323025503e-8
nlpmodel,theta4,1949,200,"OPTIMAL",14.545,14.545,14,50.32122327867925,50.32122,6.515500323025503e-8
nlpmodel,gpp250-1,250,250,"DUAL_INFEASIBLE",2.2637,2.2636,33,-15.444915569405408,-15.445,5.466532508396083e-6
nlpmodel,gpp250-1,250,250,"DUAL_INFEASIBLE",2.4146,2.4145,33,-15.444915569405408,-15.445,5.466532508396083e-6
nlpmodel,gpp250-1,250,250,"DUAL_INFEASIBLE",2.2416,2.2415,33,-15.444915569405408,-15.445,5.466532508396083e-6
nlpmodel,gpp250-1,250,250,"DUAL_INFEASIBLE",1.7433,1.7433,33,-15.444915569405408,-15.445,5.466532508396083e-6
nlpmodel,gpp250-1,250,250,"DUAL_INFEASIBLE",2.2928,2.2927,33,-15.444915569405408,-15.445,5.466532508396083e-6
nlpmodel,gpp250-1,250,250,"DUAL_INFEASIBLE",2.3256,2.3255,33,-15.444915569405408,-15.445,5.466532508396083e-6
nlpmodel,gpp250-1,250,250,"DUAL_INFEASIBLE",2.0012,2.0012,33,-15.444915569405408,-15.445,5.466532508396083e-6
nlpmodel,gpp250-1,250,250,"DUAL_INFEASIBLE",2.2612,2.2612,33,-15.444915569405408,-15.445,5.466532508396083e-6
nlpmodel,gpp250-1,250,250,"DUAL_INFEASIBLE",2.2998,2.2998,33,-15.444915569405408,-15.445,5.466532508396083e-6
nlpmodel,gpp250-1,250,250,"DUAL_INFEASIBLE",1.8893,1.8892,33,-15.444915569405408,-15.445,5.466532508396083e-6
nlpmodel,gpp250-1,250,250,"DUAL_INFEASIBLE",2.3336,2.3335,33,-15.444915569405408,-15.445,5.466532508396083e-6
nlpmodel,gpp250-1,250,250,"DUAL_INFEASIBLE",2.3513,2.3513,33,-15.444915569405408,-15.445,5.466532508396083e-6
nlpmodel,gpp250-1,250,250,"DUAL_INFEASIBLE",1.9869,1.9869,33,-15.444915569405408,-15.445,5.466532508396083e-6
nlpmodel,gpp250-1,250,250,"DUAL_INFEASIBLE",2.1446,2.1446,33,-15.444915569405408,-15.445,5.466532508396083e-6
nlpmodel,gpp250-1,250,250,"DUAL_INFEASIBLE",2.1995,2.1994,33,-15.444915569405408,-15.445,5.466532508396083e-6
nlpmodel,gpp250-1,250,250,"DUAL_INFEASIBLE",2.011,2.0109,33,-15.444915569405408,-15.445,5.466532508396083e-6
nlpmodel,gpp250-1,250,250,"DUAL_INFEASIBLE",2.0859,2.0859,33,-15.444915569405408,-15.445,5.466532508396083e-6
nlpmodel,gpp250-1,250,250,"DUAL_INFEASIBLE",2.0113,2.0113,33,-15.444915569405408,-15.445,5.466532508396083e-6
nlpmodel,gpp250-1,250,250,"DUAL_INFEASIBLE",1.8185,1.8184,33,-15.444915569405408,-15.445,5.466532508396083e-6
nlpmodel,gpp250-1,250,250,"DUAL_INFEASIBLE",2.3911,2.391,33,-15.444915569405408,-15.445,5.466532508396083e-6
nlpmodel,gpp250-1,250,250,"DUAL_INFEASIBLE",2.408,2.4079,33,-15.444915569405408,-15.445,5.466532508396083e-6
nlpmodel,gpp250-1,250,250,"DUAL_INFEASIBLE",2.3721,2.372,33,-15.444915569405408,-15.445,5.466532508396083e-6
nlpmodel,gpp250-1,250,250,"DUAL_INFEASIBLE",2.0154,2.0154,33,-15.444915569405408,-15.445,5.466532508396083e-6
nlpmodel,gpp250-1,250,250,"DUAL_INFEASIBLE",2.3575,2.3574,33,-15.444915569405408,-15.445,5.466532508396083e-6
nlpmodel,gpp250-1,250,250,"DUAL_INFEASIBLE",2.3826,2.3825,33,-15.444915569405408,-15.445,5.466532508396083e-6
nlpmodel,gpp250-1,250,250,"DUAL_INFEASIBLE",1.5788,1.5788,33,-15.444915569405408,-15.445,5.466532508396083e-6
nlpmodel,gpp250-1,250,250,"DUAL_INFEASIBLE",1.9798,1.9798,33,-15.444915569405408,-15.445,5.466532508396083e-6
nlpmodel,gpp250-1,250,250,"DUAL_INFEASIBLE",2.0176,2.0176,33,-15.444915569405408,-15.445,5.466532508396083e-6
nlpmodel,gpp250-1,250,250,"DUAL_INFEASIBLE",1.926,1.9259,33,-15.444915569405408,-15.445,5.466532508396083e-6
nlpmodel,gpp250-1,250,250,"DUAL_INFEASIBLE",2.445,2.4449,33,-15.444915569405408,-15.445,5.466532508396083e-6
nlpmodel,gpp250-1,250,250,"DUAL_INFEASIBLE",2.3409,2.3409,33,-15.444915569405408,-15.445,5.466532508396083e-6
nlpmodel,gpp250-1,250,250,"DUAL_INFEASIBLE",1.9406,1.9406,33,-15.444915569405408,-15.445,5.466532508396083e-6
nlpmodel,gpp250-2,250,250,"OPTIMAL",0.70698,0.70692,12,-81.86895651758715,-81.869,5.31121826931028e-7
nlpmodel,gpp250-2,250,250,"OPTIMAL",0.7094,0.70933,12,-81.86895651758715,-81.869,5.31121826931028e-7
nlpmodel,gpp250-2,250,250,"OPTIMAL",0.71421,0.71414,12,-81.86895651758715,-81.869,5.31121826931028e-7
nlpmodel,gpp250-2,250,250,"OPTIMAL",1.1441,1.144,12,-81.86895651758715,-81.869,5.31121826931028e-7
nlpmodel,gpp250-2,250,250,"OPTIMAL",0.69295,0.6929,12,-81.86895651758715,-81.869,5.31121826931028e-7
nlpmodel,gpp250-2,250,250,"OPTIMAL",0.74841,0.74835,12,-81.86895651758715,-81.869,5.31121826931028e-7
nlpmodel,gpp250-2,250,250,"OPTIMAL",0.66064,0.66059,12,-81.86895651758715,-81.869,5.31121826931028e-7
nlpmodel,gpp250-2,250,250,"OPTIMAL",0.89357,0.89351,12,-81.86895651758715,-81.869,5.31121826931028e-7
nlpmodel,gpp250-2,250,250,"OPTIMAL",0.60242,0.60236,12,-81.86895651758715,-81.869,5.31121826931028e-7
nlpmodel,gpp250-2,250,250,"OPTIMAL",0.76375,0.76369,12,-81.86895651758715,-81.869,5.31121826931028e-7
nlpmodel,gpp250-2,250,250,"OPTIMAL",0.98794,0.98789,12,-81.86895651758715,-81.869,5.31121826931028e-7
nlpmodel,gpp250-2,250,250,"OPTIMAL",0.67413,0.67407,12,-81.86895651758715,-81.869,5.31121826931028e-7
nlpmodel,gpp250-2,250,250,"OPTIMAL",0.62276,0.62271,12,-81.86895651758715,-81.869,5.31121826931028e-7
nlpmodel,gpp250-2,250,250,"OPTIMAL",0.60931,0.60923,12,-81.86895651758715,-81.869,5.31121826931028e-7
nlpmodel,gpp250-2,250,250,"OPTIMAL",0.98308,0.98303,12,-81.86895651758715,-81.869,5.31121826931028e-7
nlpmodel,gpp250-2,250,250,"OPTIMAL",0.69434,0.69427,12,-81.86895651758715,-81.869,5.31121826931028e-7
nlpmodel,gpp250-2,250,250,"OPTIMAL",0.59683,0.59677,12,-81.86895651758715,-81.869,5.31121826931028e-7
nlpmodel,gpp250-2,250,250,"OPTIMAL",0.62448,0.62442,12,-81.86895651758715,-81.869,5.31121826931028e-7
nlpmodel,gpp250-2,250,250,"OPTIMAL",1.0895,1.0894,12,-81.86895651758715,-81.869,5.31121826931028e-7
nlpmodel,gpp250-2,250,250,"OPTIMAL",0.69157,0.69151,12,-81.86895651758715,-81.869,5.31121826931028e-7
nlpmodel,gpp250-2,250,250,"OPTIMAL",0.69308,0.69302,12,-81.86895651758715,-81.869,5.31121826931028e-7
nlpmodel,gpp250-2,250,250,"OPTIMAL",0.61907,0.61901,12,-81.86895651758715,-81.869,5.31121826931028e-7
nlpmodel,gpp250-2,250,250,"OPTIMAL",0.91412,0.91405,12,-81.86895651758715,-81.869,5.31121826931028e-7
nlpmodel,gpp250-2,250,250,"OPTIMAL",0.60044,0.60038,12,-81.86895651758715,-81.869,5.31121826931028e-7
nlpmodel,gpp250-2,250,250,"OPTIMAL",0.56289,0.56284,12,-81.86895651758715,-81.869,5.31121826931028e-7
nlpmodel,gpp250-2,250,250,"OPTIMAL",0.63813,0.63807,12,-81.86895651758715,-81.869,5.31121826931028e-7
nlpmodel,gpp250-2,250,250,"OPTIMAL",1.0715,1.0714,12,-81.86895651758715,-81.869,5.31121826931028e-7
nlpmodel,gpp250-2,250,250,"OPTIMAL",0.72623,0.72618,12,-81.86895651758715,-81.869,5.31121826931028e-7
nlpmodel,gpp250-2,250,250,"OPTIMAL",0.70881,0.70875,12,-81.86895651758715,-81.869,5.31121826931028e-7
nlpmodel,gpp250-2,250,250,"OPTIMAL",1.0499,1.0498,12,-81.86895651758715,-81.869,5.31121826931028e-7
nlpmodel,gpp250-2,250,250,"OPTIMAL",0.7917,0.79164,12,-81.86895651758715,-81.869,5.31121826931028e-7
nlpmodel,gpp250-2,250,250,"OPTIMAL",0.69281,0.69275,12,-81.86895651758715,-81.869,5.31121826931028e-7
nlpmodel,gpp250-3,250,250,"OPTIMAL",1.0025,1.0025,15,-303.539322349357,-303.5,0.0001295629303361042
nlpmodel,gpp250-3,250,250,"OPTIMAL",0.69999,0.69993,15,-303.539322349357,-303.5,0.0001295629303361042
nlpmodel,gpp250-3,250,250,"OPTIMAL",1.0901,1.09,15,-303.539322349357,-303.5,0.0001295629303361042
nlpmodel,gpp250-3,250,250,"OPTIMAL",0.99943,0.99938,15,-303.539322349357,-303.5,0.0001295629303361042
nlpmodel,gpp250-3,250,250,"OPTIMAL",0.84115,0.84109,15,-303.539322349357,-303.5,0.0001295629303361042
nlpmodel,gpp250-3,250,250,"OPTIMAL",1.0492,1.0491,15,-303.539322349357,-303.5,0.0001295629303361042
nlpmodel,gpp250-3,250,250,"OPTIMAL",0.77455,0.77449,15,-303.539322349357,-303.5,0.0001295629303361042
nlpmodel,gpp250-3,250,250,"OPTIMAL",0.75151,0.75144,15,-303.539322349357,-303.5,0.0001295629303361042
nlpmodel,gpp250-3,250,250,"OPTIMAL",1.1402,1.1402,15,-303.539322349357,-303.5,0.0001295629303361042
nlpmodel,gpp250-3,250,250,"OPTIMAL",0.79825,0.79819,15,-303.539322349357,-303.5,0.0001295629303361042
nlpmodel,gpp250-3,250,250,"OPTIMAL",0.68009,0.68003,15,-303.539322349357,-303.5,0.0001295629303361042
nlpmodel,gpp250-3,250,250,"OPTIMAL",0.8242,0.82415,15,-303.539322349357,-303.5,0.0001295629303361042
nlpmodel,gpp250-3,250,250,"OPTIMAL",1.0906,1.0905,15,-303.539322349357,-303.5,0.0001295629303361042
nlpmodel,gpp250-3,250,250,"OPTIMAL",0.69255,0.6925,15,-303.539322349357,-303.5,0.0001295629303361042
nlpmodel,gpp250-3,250,250,"OPTIMAL",0.79598,0.79592,15,-303.539322349357,-303.5,0.0001295629303361042
nlpmodel,gpp250-3,250,250,"OPTIMAL",1.3118,1.3118,15,-303.539322349357,-303.5,0.0001295629303361042
nlpmodel,gpp250-3,250,250,"OPTIMAL",0.838,0.83794,15,-303.539322349357,-303.5,0.0001295629303361042
nlpmodel,gpp250-3,250,250,"OPTIMAL",0.90764,0.90758,15,-303.539322349357,-303.5,0.0001295629303361042
nlpmodel,gpp250-3,250,250,"OPTIMAL",1.6475,1.6474,15,-303.539322349357,-303.5,0.0001295629303361042
nlpmodel,gpp250-3,250,250,"OPTIMAL",0.83468,0.83463,15,-303.539322349357,-303.5,0.0001295629303361042
nlpmodel,gpp250-3,250,250,"OPTIMAL",0.86671,0.86665,15,-303.539322349357,-303.5,0.0001295629303361042
nlpmodel,gpp250-3,250,250,"OPTIMAL",1.4307,1.4306,15,-303.539322349357,-303.5,0.0001295629303361042
nlpmodel,gpp250-3,250,250,"OPTIMAL",0.83036,0.83031,15,-303.539322349357,-303.5,0.0001295629303361042
nlpmodel,gpp250-3,250,250,"OPTIMAL",0.86012,0.86007,15,-303.539322349357,-303.5,0.0001295629303361042
nlpmodel,gpp250-3,250,250,"OPTIMAL",1.4339,1.4339,15,-303.539322349357,-303.5,0.0001295629303361042
nlpmodel,gpp250-3,250,250,"OPTIMAL",0.84839,0.84833,15,-303.539322349357,-303.5,0.0001295629303361042
nlpmodel,gpp250-3,250,250,"OPTIMAL",0.88383,0.88377,15,-303.539322349357,-303.5,0.0001295629303361042
nlpmodel,gpp250-3,250,250,"OPTIMAL",1.3416,1.3416,15,-303.539322349357,-303.5,0.0001295629303361042
nlpmodel,gpp250-3,250,250,"OPTIMAL",0.89055,0.89049,15,-303.539322349357,-303.5,0.0001295629303361042
nlpmodel,gpp250-3,250,250,"OPTIMAL",0.89286,0.89281,15,-303.539322349357,-303.5,0.0001295629303361042
nlpmodel,gpp250-3,250,250,"OPTIMAL",1.3067,1.3067,15,-303.539322349357,-303.5,0.0001295629303361042
nlpmodel,gpp250-3,250,250,"OPTIMAL",0.85374,0.85368,15,-303.539322349357,-303.5,0.0001295629303361042
nlpmodel,gpp250-4,250,250,"OPTIMAL",0.92405,0.92393,14,-747.3283012481737,-747.3,3.787133436874275e-5
nlpmodel,gpp250-4,250,250,"OPTIMAL",0.79555,0.7955,14,-747.3283012481737,-747.3,3.787133436874275e-5
nlpmodel,gpp250-4,250,250,"OPTIMAL",0.84875,0.8487,14,-747.3283012481737,-747.3,3.787133436874275e-5
nlpmodel,gpp250-4,250,250,"OPTIMAL",1.3318,1.3318,14,-747.3283012481737,-747.3,3.787133436874275e-5
nlpmodel,gpp250-4,250,250,"OPTIMAL",0.81683,0.81677,14,-747.3283012481737,-747.3,3.787133436874275e-5
nlpmodel,gpp250-4,250,250,"OPTIMAL",0.86592,0.86585,14,-747.3283012481737,-747.3,3.787133436874275e-5
nlpmodel,gpp250-4,250,250,"OPTIMAL",1.1914,1.1914,14,-747.3283012481737,-747.3,3.787133436874275e-5
nlpmodel,gpp250-4,250,250,"OPTIMAL",0.90996,0.9099,14,-747.3283012481737,-747.3,3.787133436874275e-5
nlpmodel,gpp250-4,250,250,"OPTIMAL",0.80569,0.8056,14,-747.3283012481737,-747.3,3.787133436874275e-5
nlpmodel,gpp250-4,250,250,"OPTIMAL",1.204,1.2039,14,-747.3283012481737,-747.3,3.787133436874275e-5
nlpmodel,gpp250-4,250,250,"OPTIMAL",0.92414,0.92409,14,-747.3283012481737,-747.3,3.787133436874275e-5
nlpmodel,gpp250-4,250,250,"OPTIMAL",0.74058,0.74053,14,-747.3283012481737,-747.3,3.787133436874275e-5
nlpmodel,gpp250-4,250,250,"OPTIMAL",0.71462,0.71455,14,-747.3283012481737,-747.3,3.787133436874275e-5
nlpmodel,gpp250-4,250,250,"OPTIMAL",1.0702,1.0701,14,-747.3283012481737,-747.3,3.787133436874275e-5
nlpmodel,gpp250-4,250,250,"OPTIMAL",0.6125,0.61245,14,-747.3283012481737,-747.3,3.787133436874275e-5
nlpmodel,gpp250-4,250,250,"OPTIMAL",0.82637,0.82631,14,-747.3283012481737,-747.3,3.787133436874275e-5
nlpmodel,gpp250-4,250,250,"OPTIMAL",1.2072,1.2071,14,-747.3283012481737,-747.3,3.787133436874275e-5
nlpmodel,gpp250-4,250,250,"OPTIMAL",0.71551,0.71546,14,-747.3283012481737,-747.3,3.787133436874275e-5
nlpmodel,gpp250-4,250,250,"OPTIMAL",0.69846,0.6984,14,-747.3283012481737,-747.3,3.787133436874275e-5
nlpmodel,gpp250-4,250,250,"OPTIMAL",1.0707,1.0707,14,-747.3283012481737,-747.3,3.787133436874275e-5
nlpmodel,gpp250-4,250,250,"OPTIMAL",0.89609,0.89602,14,-747.3283012481737,-747.3,3.787133436874275e-5
nlpmodel,gpp250-4,250,250,"OPTIMAL",0.83147,0.83141,14,-747.3283012481737,-747.3,3.787133436874275e-5
nlpmodel,gpp250-4,250,250,"OPTIMAL",0.90641,0.90636,14,-747.3283012481737,-747.3,3.787133436874275e-5
nlpmodel,gpp250-4,250,250,"OPTIMAL",1.2614,1.2613,14,-747.3283012481737,-747.3,3.787133436874275e-5
nlpmodel,gpp250-4,250,250,"OPTIMAL",0.80496,0.80491,14,-747.3283012481737,-747.3,3.787133436874275e-5
nlpmodel,gpp250-4,250,250,"OPTIMAL",0.71978,0.71971,14,-747.3283012481737,-747.3,3.787133436874275e-5
nlpmodel,gpp250-4,250,250,"OPTIMAL",1.1976,1.1975,14,-747.3283012481737,-747.3,3.787133436874275e-5
nlpmodel,gpp250-4,250,250,"OPTIMAL",0.79363,0.79358,14,-747.3283012481737,-747.3,3.787133436874275e-5
nlpmodel,gpp250-4,250,250,"OPTIMAL",0.82065,0.8206,14,-747.3283012481737,-747.3,3.787133436874275e-5
nlpmodel,gpp250-4,250,250,"OPTIMAL",1.1612,1.1611,14,-747.3283012481737,-747.3,3.787133436874275e-5
nlpmodel,gpp250-4,250,250,"OPTIMAL",0.84094,0.84089,14,-747.3283012481737,-747.3,3.787133436874275e-5
nlpmodel,gpp250-4,250,250,"OPTIMAL",0.82495,0.82489,14,-747.3283012481737,-747.3,3.787133436874275e-5
nlpmodel,mcp250-1,250,250,"OPTIMAL",1.125,1.1249,12,317.2643645639347,317.2643,2.0350204766149398e-7
nlpmodel,mcp250-1,250,250,"OPTIMAL",0.63746,0.63741,12,317.2643645639347,317.2643,2.0350204766149398e-7
nlpmodel,mcp250-1,250,250,"OPTIMAL",0.66374,0.66369,12,317.2643645639347,317.2643,2.0350204766149398e-7
nlpmodel,mcp250-1,250,250,"OPTIMAL",0.65837,0.65832,12,317.2643645639347,317.2643,2.0350204766149398e-7
nlpmodel,mcp250-1,250,250,"OPTIMAL",0.9284,0.92834,12,317.2643645639347,317.2643,2.0350204766149398e-7
nlpmodel,mcp250-1,250,250,"OPTIMAL",0.54251,0.54244,12,317.2643645639347,317.2643,2.0350204766149398e-7
nlpmodel,mcp250-1,250,250,"OPTIMAL",0.54514,0.54507,12,317.2643645639347,317.2643,2.0350204766149398e-7
nlpmodel,mcp250-1,250,250,"OPTIMAL",0.58408,0.58401,12,317.2643645639347,317.2643,2.0350204766149398e-7
nlpmodel,mcp250-1,250,250,"OPTIMAL",0.94653,0.94648,12,317.2643645639347,317.2643,2.0350204766149398e-7
nlpmodel,mcp250-1,250,250,"OPTIMAL",0.62434,0.62429,12,317.2643645639347,317.2643,2.0350204766149398e-7
nlpmodel,mcp250-1,250,250,"OPTIMAL",0.52321,0.52315,12,317.2643645639347,317.2643,2.0350204766149398e-7
nlpmodel,mcp250-1,250,250,"OPTIMAL",0.56081,0.56075,12,317.2643645639347,317.2643,2.0350204766149398e-7
nlpmodel,mcp250-1,250,250,"OPTIMAL",1.0153,1.0153,12,317.2643645639347,317.2643,2.0350204766149398e-7
nlpmodel,mcp250-1,250,250,"OPTIMAL",0.72155,0.7215,12,317.2643645639347,317.2643,2.0350204766149398e-7
nlpmodel,mcp250-1,250,250,"OPTIMAL",0.63426,0.6342,12,317.2643645639347,317.2643,2.0350204766149398e-7
nlpmodel,mcp250-1,250,250,"OPTIMAL",0.62889,0.62882,12,317.2643645639347,317.2643,2.0350204766149398e-7
nlpmodel,mcp250-1,250,250,"OPTIMAL",0.99123,0.99117,12,317.2643645639347,317.2643,2.0350204766149398e-7
nlpmodel,mcp250-1,250,250,"OPTIMAL",0.56237,0.56232,12,317.2643645639347,317.2643,2.0350204766149398e-7
nlpmodel,mcp250-1,250,250,"OPTIMAL",0.50216,0.50211,12,317.2643645639347,317.2643,2.0350204766149398e-7
nlpmodel,mcp250-1,250,250,"OPTIMAL",0.55954,0.55945,12,317.2643645639347,317.2643,2.0350204766149398e-7
nlpmodel,mcp250-1,250,250,"OPTIMAL",0.91222,0.91216,12,317.2643645639347,317.2643,2.0350204766149398e-7
nlpmodel,mcp250-1,250,250,"OPTIMAL",0.60704,0.60698,12,317.2643645639347,317.2643,2.0350204766149398e-7
nlpmodel,mcp250-1,250,250,"OPTIMAL",0.54139,0.54132,12,317.2643645639347,317.2643,2.0350204766149398e-7
nlpmodel,mcp250-1,250,250,"OPTIMAL",0.55706,0.557,12,317.2643645639347,317.2643,2.0350204766149398e-7
nlpmodel,mcp250-1,250,250,"OPTIMAL",1.0006,1.0005,12,317.2643645639347,317.2643,2.0350204766149398e-7
nlpmodel,mcp250-1,250,250,"OPTIMAL",0.74713,0.74706,12,317.2643645639347,317.2643,2.0350204766149398e-7
nlpmodel,mcp250-1,250,250,"OPTIMAL",0.63069,0.63064,12,317.2643645639347,317.2643,2.0350204766149398e-7
nlpmodel,mcp250-1,250,250,"OPTIMAL",0.67333,0.67328,12,317.2643645639347,317.2643,2.0350204766149398e-7
nlpmodel,mcp250-1,250,250,"OPTIMAL",1.0336,1.0335,12,317.2643645639347,317.2643,2.0350204766149398e-7
nlpmodel,mcp250-1,250,250,"OPTIMAL",0.74407,0.74399,12,317.2643645639347,317.2643,2.0350204766149398e-7
nlpmodel,mcp250-1,250,250,"OPTIMAL",0.69461,0.69453,12,317.2643645639347,317.2643,2.0350204766149398e-7
nlpmodel,mcp250-1,250,250,"OPTIMAL",0.71063,0.71058,12,317.2643645639347,317.2643,2.0350204766149398e-7
nlpmodel,mcp250-2,250,250,"OPTIMAL",0.98036,0.9803,11,531.930097167213,531.9301,5.325487322641044e-9
nlpmodel,mcp250-2,250,250,"OPTIMAL",0.60514,0.60505,11,531.930097167213,531.9301,5.325487322641044e-9
nlpmodel,mcp250-2,250,250,"OPTIMAL",0.62799,0.62793,11,531.930097167213,531.9301,5.325487322641044e-9
nlpmodel,mcp250-2,250,250,"OPTIMAL",0.69705,0.697,11,531.930097167213,531.9301,5.325487322641044e-9
nlpmodel,mcp250-2,250,250,"OPTIMAL",0.97093,0.97088,11,531.930097167213,531.9301,5.325487322641044e-9
nlpmodel,mcp250-2,250,250,"OPTIMAL",0.5507,0.55063,11,531.930097167213,531.9301,5.325487322641044e-9
nlpmodel,mcp250-2,250,250,"OPTIMAL",0.56132,0.56121,11,531.930097167213,531.9301,5.325487322641044e-9
nlpmodel,mcp250-2,250,250,"OPTIMAL",0.58183,0.58177,11,531.930097167213,531.9301,5.325487322641044e-9
nlpmodel,mcp250-2,250,250,"OPTIMAL",0.87981,0.87975,11,531.930097167213,531.9301,5.325487322641044e-9
nlpmodel,mcp250-2,250,250,"OPTIMAL",0.55074,0.55068,11,531.930097167213,531.9301,5.325487322641044e-9
nlpmodel,mcp250-2,250,250,"OPTIMAL",0.49752,0.49745,11,531.930097167213,531.9301,5.325487322641044e-9
nlpmodel,mcp250-2,250,250,"OPTIMAL",0.50995,0.50988,11,531.930097167213,531.9301,5.325487322641044e-9
nlpmodel,mcp250-2,250,250,"OPTIMAL",0.51409,0.51402,11,531.930097167213,531.9301,5.325487322641044e-9
nlpmodel,mcp250-2,250,250,"OPTIMAL",1.0068,1.0067,11,531.930097167213,531.9301,5.325487322641044e-9
nlpmodel,mcp250-2,250,250,"OPTIMAL",0.54245,0.54239,11,531.930097167213,531.9301,5.325487322641044e-9
nlpmodel,mcp250-2,250,250,"OPTIMAL",0.55428,0.55422,11,531.930097167213,531.9301,5.325487322641044e-9
nlpmodel,mcp250-2,250,250,"OPTIMAL",0.66242,0.66236,11,531.930097167213,531.9301,5.325487322641044e-9
nlpmodel,mcp250-2,250,250,"OPTIMAL",1.0911,1.091,11,531.930097167213,531.9301,5.325487322641044e-9
nlpmodel,mcp250-2,250,250,"OPTIMAL",0.7397,0.73963,11,531.930097167213,531.9301,5.325487322641044e-9
nlpmodel,mcp250-2,250,250,"OPTIMAL",0.60138,0.60133,11,531.930097167213,531.9301,5.325487322641044e-9
nlpmodel,mcp250-2,250,250,"OPTIMAL",0.60537,0.60532,11,531.930097167213,531.9301,5.325487322641044e-9
nlpmodel,mcp250-2,250,250,"OPTIMAL",0.62309,0.62304,11,531.930097167213,531.9301,5.325487322641044e-9
nlpmodel,mcp250-2,250,250,"OPTIMAL",1.1451,1.1451,11,531.930097167213,531.9301,5.325487322641044e-9
nlpmodel,mcp250-2,250,250,"OPTIMAL",0.61273,0.61267,11,531.930097167213,531.9301,5.325487322641044e-9
nlpmodel,mcp250-2,250,250,"OPTIMAL",0.57357,0.57352,11,531.930097167213,531.9301,5.325487322641044e-9
nlpmodel,mcp250-2,250,250,"OPTIMAL",0.47077,0.47072,11,531.930097167213,531.9301,5.325487322641044e-9
nlpmodel,mcp250-2,250,250,"OPTIMAL",1.0177,1.0176,11,531.930097167213,531.9301,5.325487322641044e-9
nlpmodel,mcp250-2,250,250,"OPTIMAL",0.79929,0.79922,11,531.930097167213,531.9301,5.325487322641044e-9
nlpmodel,mcp250-2,250,250,"OPTIMAL",0.58191,0.58186,11,531.930097167213,531.9301,5.325487322641044e-9
nlpmodel,mcp250-2,250,250,"OPTIMAL",0.61179,0.61173,11,531.930097167213,531.9301,5.325487322641044e-9
nlpmodel,mcp250-2,250,250,"OPTIMAL",0.58002,0.57995,11,531.930097167213,531.9301,5.325487322641044e-9
nlpmodel,mcp250-2,250,250,"OPTIMAL",1.1646,1.1645,11,531.930097167213,531.9301,5.325487322641044e-9
nlpmodel,mcp250-3,250,250,"OPTIMAL",0.46045,0.4604,11,981.1725844630183,981.1726,1.5835115721637044e-8
nlpmodel,mcp250-3,250,250,"OPTIMAL",0.49415,0.4941,11,981.1725844630183,981.1726,1.5835115721637044e-8
nlpmodel,mcp250-3,250,250,"OPTIMAL",0.82579,0.82573,11,981.1725844630183,981.1726,1.5835115721637044e-8
nlpmodel,mcp250-3,250,250,"OPTIMAL",0.46209,0.46204,11,981.1725844630183,981.1726,1.5835115721637044e-8
nlpmodel,mcp250-3,250,250,"OPTIMAL",0.45269,0.45263,11,981.1725844630183,981.1726,1.5835115721637044e-8
nlpmodel,mcp250-3,250,250,"OPTIMAL",0.46985,0.4698,11,981.1725844630183,981.1726,1.5835115721637044e-8
nlpmodel,mcp250-3,250,250,"OPTIMAL",0.47662,0.47657,11,981.1725844630183,981.1726,1.5835115721637044e-8
nlpmodel,mcp250-3,250,250,"OPTIMAL",1.0183,1.0182,11,981.1725844630183,981.1726,1.5835115721637044e-8
nlpmodel,mcp250-3,250,250,"OPTIMAL",0.59108,0.59102,11,981.1725844630183,981.1726,1.5835115721637044e-8
nlpmodel,mcp250-3,250,250,"OPTIMAL",0.55603,0.55598,11,981.1725844630183,981.1726,1.5835115721637044e-8
nlpmodel,mcp250-3,250,250,"OPTIMAL",0.58942,0.58936,11,981.1725844630183,981.1726,1.5835115721637044e-8
nlpmodel,mcp250-3,250,250,"OPTIMAL",1.018,1.0179,11,981.1725844630183,981.1726,1.5835115721637044e-8
nlpmodel,mcp250-3,250,250,"OPTIMAL",0.7171,0.71705,11,981.1725844630183,981.1726,1.5835115721637044e-8
nlpmodel,mcp250-3,250,250,"OPTIMAL",0.56462,0.56457,11,981.1725844630183,981.1726,1.5835115721637044e-8
nlpmodel,mcp250-3,250,250,"OPTIMAL",0.62312,0.62307,11,981.1725844630183,981.1726,1.5835115721637044e-8
nlpmodel,mcp250-3,250,250,"OPTIMAL",0.96631,0.96625,11,981.1725844630183,981.1726,1.5835115721637044e-8
nlpmodel,mcp250-3,250,250,"OPTIMAL",0.72158,0.72152,11,981.1725844630183,981.1726,1.5835115721637044e-8
nlpmodel,mcp250-3,250,250,"OPTIMAL",0.65256,0.65251,11,981.1725844630183,981.1726,1.5835115721637044e-8
nlpmodel,mcp250-3,250,250,"OPTIMAL",0.58842,0.58837,11,981.1725844630183,981.1726,1.5835115721637044e-8
nlpmodel,mcp250-3,250,250,"OPTIMAL",0.62083,0.62078,11,981.1725844630183,981.1726,1.5835115721637044e-8
nlpmodel,mcp250-3,250,250,"OPTIMAL",0.95437,0.95431,11,981.1725844630183,981.1726,1.5835115721637044e-8
nlpmodel,mcp250-3,250,250,"OPTIMAL",0.45405,0.45399,11,981.1725844630183,981.1726,1.5835115721637044e-8
nlpmodel,mcp250-3,250,250,"OPTIMAL",0.483,0.48294,11,981.1725844630183,981.1726,1.5835115721637044e-8
nlpmodel,mcp250-3,250,250,"OPTIMAL",0.51358,0.51351,11,981.1725844630183,981.1726,1.5835115721637044e-8
nlpmodel,mcp250-3,250,250,"OPTIMAL",0.92451,0.92445,11,981.1725844630183,981.1726,1.5835115721637044e-8
nlpmodel,mcp250-3,250,250,"OPTIMAL",0.60118,0.60112,11,981.1725844630183,981.1726,1.5835115721637044e-8
nlpmodel,mcp250-3,250,250,"OPTIMAL",0.59867,0.59861,11,981.1725844630183,981.1726,1.5835115721637044e-8
nlpmodel,mcp250-3,250,250,"OPTIMAL",0.65271,0.65265,11,981.1725844630183,981.1726,1.5835115721637044e-8
nlpmodel,mcp250-3,250,250,"OPTIMAL",0.6425,0.64242,11,981.1725844630183,981.1726,1.5835115721637044e-8
nlpmodel,mcp250-3,250,250,"OPTIMAL",0.97064,0.97059,11,981.1725844630183,981.1726,1.5835115721637044e-8
nlpmodel,mcp250-3,250,250,"OPTIMAL",0.57592,0.57585,11,981.1725844630183,981.1726,1.5835115721637044e-8
nlpmodel,mcp250-3,250,250,"OPTIMAL",0.5542,0.55413,11,981.1725844630183,981.1726,1.5835115721637044e-8
nlpmodel,mcp250-4,250,250,"OPTIMAL",1.0891,1.089,11,1681.960138796938,1681.96,8.252095056811642e-8
nlpmodel,mcp250-4,250,250,"OPTIMAL",0.62214,0.62209,11,1681.960138796938,1681.96,8.252095056811642e-8
nlpmodel,mcp250-4,250,250,"OPTIMAL",0.54775,0.54769,11,1681.960138796938,1681.96,8.252095056811642e-8
nlpmodel,mcp250-4,250,250,"OPTIMAL",0.61843,0.61834,11,1681.960138796938,1681.96,8.252095056811642e-8
nlpmodel,mcp250-4,250,250,"OPTIMAL",0.97361,0.97356,11,1681.960138796938,1681.96,8.252095056811642e-8
nlpmodel,mcp250-4,250,250,"OPTIMAL",0.62929,0.62923,11,1681.960138796938,1681.96,8.252095056811642e-8
nlpmodel,mcp250-4,250,250,"OPTIMAL",0.61512,0.61506,11,1681.960138796938,1681.96,8.252095056811642e-8
nlpmodel,mcp250-4,250,250,"OPTIMAL",0.57881,0.57874,11,1681.960138796938,1681.96,8.252095056811642e-8
nlpmodel,mcp250-4,250,250,"OPTIMAL",0.64933,0.64927,11,1681.960138796938,1681.96,8.252095056811642e-8
nlpmodel,mcp250-4,250,250,"OPTIMAL",0.85789,0.85783,11,1681.960138796938,1681.96,8.252095056811642e-8
nlpmodel,mcp250-4,250,250,"OPTIMAL",0.55394,0.55388,11,1681.960138796938,1681.96,8.252095056811642e-8
nlpmodel,mcp250-4,250,250,"OPTIMAL",0.58673,0.58667,11,1681.960138796938,1681.96,8.252095056811642e-8
nlpmodel,mcp250-4,250,250,"OPTIMAL",0.56842,0.56835,11,1681.960138796938,1681.96,8.252095056811642e-8
nlpmodel,mcp250-4,250,250,"OPTIMAL",1.073,1.0729,11,1681.960138796938,1681.96,8.252095056811642e-8
nlpmodel,mcp250-4,250,250,"OPTIMAL",0.54035,0.54029,11,1681.960138796938,1681.96,8.252095056811642e-8
nlpmodel,mcp250-4,250,250,"OPTIMAL",0.56358,0.56353,11,1681.960138796938,1681.96,8.252095056811642e-8
nlpmodel,mcp250-4,250,250,"OPTIMAL",0.56152,0.56147,11,1681.960138796938,1681.96,8.252095056811642e-8
nlpmodel,mcp250-4,250,250,"OPTIMAL",0.9625,0.96244,11,1681.960138796938,1681.96,8.252095056811642e-8
nlpmodel,mcp250-4,250,250,"OPTIMAL",0.51098,0.51093,11,1681.960138796938,1681.96,8.252095056811642e-8
nlpmodel,mcp250-4,250,250,"OPTIMAL",0.45839,0.45833,11,1681.960138796938,1681.96,8.252095056811642e-8
nlpmodel,mcp250-4,250,250,"OPTIMAL",0.49266,0.4926,11,1681.960138796938,1681.96,8.252095056811642e-8
nlpmodel,mcp250-4,250,250,"OPTIMAL",0.49038,0.49032,11,1681.960138796938,1681.96,8.252095056811642e-8
nlpmodel,mcp250-4,250,250,"OPTIMAL",1.0109,1.0108,11,1681.960138796938,1681.96,8.252095056811642e-8
nlpmodel,mcp250-4,250,250,"OPTIMAL",0.56024,0.56018,11,1681.960138796938,1681.96,8.252095056811642e-8
nlpmodel,mcp250-4,250,250,"OPTIMAL",0.59638,0.59633,11,1681.960138796938,1681.96,8.252095056811642e-8
nlpmodel,mcp250-4,250,250,"OPTIMAL",0.58712,0.58705,11,1681.960138796938,1681.96,8.252095056811642e-8
nlpmodel,mcp250-4,250,250,"OPTIMAL",0.96518,0.96512,11,1681.960138796938,1681.96,8.252095056811642e-8
nlpmodel,mcp250-4,250,250,"OPTIMAL",0.61903,0.61893,11,1681.960138796938,1681.96,8.252095056811642e-8
nlpmodel,mcp250-4,250,250,"OPTIMAL",0.55802,0.55796,11,1681.960138796938,1681.96,8.252095056811642e-8
nlpmodel,mcp250-4,250,250,"OPTIMAL",0.56918,0.5691,11,1681.960138796938,1681.96,8.252095056811642e-8
nlpmodel,mcp250-4,250,250,"OPTIMAL",0.5753,0.57523,11,1681.960138796938,1681.96,8.252095056811642e-8
nlpmodel,mcp250-4,250,250,"OPTIMAL",0.88906,0.889,11,1681.960138796938,1681.96,8.252095056811642e-8
nlpmodel,truss7,86,301,"OPTIMAL",0.051946,0.051889,25,-900.0013415000157,-900.001,3.7944404026132227e-7
nlpmodel,truss7,86,301,"OPTIMAL",0.060613,0.060559,25,-900.0013415000157,-900.001,3.7944404026132227e-7
nlpmodel,truss7,86,301,"OPTIMAL",0.069865,0.069813,25,-900.0013415000157,-900.001,3.7944404026132227e-7
nlpmodel,truss7,86,301,"OPTIMAL",0.053874,0.053827,25,-900.0013415000157,-900.001,3.7944404026132227e-7
nlpmodel,truss7,86,301,"OPTIMAL",0.094286,0.094234,25,-900.0013415000157,-900.001,3.7944404026132227e-7
nlpmodel,truss7,86,301,"OPTIMAL",0.052102,0.052049,25,-900.0013415000157,-900.001,3.7944404026132227e-7
nlpmodel,truss7,86,301,"OPTIMAL",0.061342,0.06129,25,-900.0013415000157,-900.001,3.7944404026132227e-7
nlpmodel,truss7,86,301,"OPTIMAL",0.071873,0.071818,25,-900.0013415000157,-900.001,3.7944404026132227e-7
nlpmodel,truss7,86,301,"OPTIMAL",0.061891,0.061832,25,-900.0013415000157,-900.001,3.7944404026132227e-7
nlpmodel,truss7,86,301,"OPTIMAL",0.10575,0.10569,25,-900.0013415000157,-900.001,3.7944404026132227e-7
nlpmodel,truss7,86,301,"OPTIMAL",0.067771,0.067718,25,-900.0013415000157,-900.001,3.7944404026132227e-7
nlpmodel,truss7,86,301,"OPTIMAL",0.083489,0.083434,25,-900.0013415000157,-900.001,3.7944404026132227e-7
nlpmodel,truss7,86,301,"OPTIMAL",0.10423,0.10418,25,-900.0013415000157,-900.001,3.7944404026132227e-7
nlpmodel,truss7,86,301,"OPTIMAL",0.068106,0.068053,25,-900.0013415000157,-900.001,3.7944404026132227e-7
nlpmodel,truss7,86,301,"OPTIMAL",0.079429,0.079373,25,-900.0013415000157,-900.001,3.7944404026132227e-7
nlpmodel,truss7,86,301,"OPTIMAL",0.11175,0.11169,25,-900.0013415000157,-900.001,3.7944404026132227e-7
nlpmodel,truss7,86,301,"OPTIMAL",0.077952,0.077888,25,-900.0013415000157,-900.001,3.7944404026132227e-7
nlpmodel,truss7,86,301,"OPTIMAL",0.071865,0.07181,25,-900.0013415000157,-900.001,3.7944404026132227e-7
nlpmodel,truss7,86,301,"OPTIMAL",0.11201,0.11196,25,-900.0013415000157,-900.001,3.7944404026132227e-7
nlpmodel,truss7,86,301,"OPTIMAL",0.073118,0.073053,25,-900.0013415000157,-900.001,3.7944404026132227e-7
nlpmodel,truss7,86,301,"OPTIMAL",0.095459,0.095405,25,-900.0013415000157,-900.001,3.7944404026132227e-7
nlpmodel,truss7,86,301,"OPTIMAL",0.073424,0.073366,25,-900.0013415000157,-900.001,3.7944404026132227e-7
nlpmodel,truss7,86,301,"OPTIMAL",0.087967,0.087911,25,-900.0013415000157,-900.001,3.7944404026132227e-7
nlpmodel,truss7,86,301,"OPTIMAL",0.099558,0.099501,25,-900.0013415000157,-900.001,3.7944404026132227e-7
nlpmodel,truss7,86,301,"OPTIMAL",0.085612,0.085552,25,-900.0013415000157,-900.001,3.7944404026132227e-7
nlpmodel,truss7,86,301,"OPTIMAL",0.098296,0.098251,25,-900.0013415000157,-900.001,3.7944404026132227e-7
nlpmodel,truss7,86,301,"OPTIMAL",0.083469,0.083422,25,-900.0013415000157,-900.001,3.7944404026132227e-7
nlpmodel,truss7,86,301,"OPTIMAL",0.07257,0.072515,25,-900.0013415000157,-900.001,3.7944404026132227e-7
nlpmodel,truss7,86,301,"OPTIMAL",0.080557,0.080499,25,-900.0013415000157,-900.001,3.7944404026132227e-7
nlpmodel,truss7,86,301,"OPTIMAL",0.063614,0.063552,25,-900.0013415000157,-900.001,3.7944404026132227e-7
nlpmodel,truss7,86,301,"OPTIMAL",0.082139,0.082079,25,-900.0013415000157,-900.001,3.7944404026132227e-7
nlpmodel,truss7,86,301,"OPTIMAL",0.055578,0.055512,25,-900.0013415000157,-900.001,3.7944404026132227e-7
nlpmodel,truss5,208,331,"OPTIMAL",0.16027,0.16022,16,-132.63566816163055,-132.6357,2.4004373985424827e-7
nlpmodel,truss5,208,331,"OPTIMAL",0.21099,0.21095,16,-132.63566816163055,-132.6357,2.4004373985424827e-7
nlpmodel,truss5,208,331,"OPTIMAL",0.16013,0.16008,16,-132.63566816163055,-132.6357,2.4004373985424827e-7
nlpmodel,truss5,208,331,"OPTIMAL",0.16944,0.16939,16,-132.63566816163055,-132.6357,2.4004373985424827e-7
nlpmodel,truss5,208,331,"OPTIMAL",0.18986,0.18982,16,-132.63566816163055,-132.6357,2.4004373985424827e-7
nlpmodel,truss5,208,331,"OPTIMAL",0.1612,0.16115,16,-132.63566816163055,-132.6357,2.4004373985424827e-7
nlpmodel,truss5,208,331,"OPTIMAL",0.18754,0.1875,16,-132.63566816163055,-132.6357,2.4004373985424827e-7
nlpmodel,truss5,208,331,"OPTIMAL",0.17531,0.17526,16,-132.63566816163055,-132.6357,2.4004373985424827e-7
nlpmodel,truss5,208,331,"OPTIMAL",0.17767,0.1776,16,-132.63566816163055,-132.6357,2.4004373985424827e-7
nlpmodel,truss5,208,331,"OPTIMAL",0.16835,0.1683,16,-132.63566816163055,-132.6357,2.4004373985424827e-7
nlpmodel,truss5,208,331,"OPTIMAL",0.18695,0.18687,16,-132.63566816163055,-132.6357,2.4004373985424827e-7
nlpmodel,truss5,208,331,"OPTIMAL",0.17112,0.17107,16,-132.63566816163055,-132.6357,2.4004373985424827e-7
nlpmodel,truss5,208,331,"OPTIMAL",0.18999,0.18995,16,-132.63566816163055,-132.6357,2.4004373985424827e-7
nlpmodel,truss5,208,331,"OPTIMAL",0.16467,0.16463,16,-132.63566816163055,-132.6357,2.4004373985424827e-7
nlpmodel,truss5,208,331,"OPTIMAL",0.18106,0.18102,16,-132.63566816163055,-132.6357,2.4004373985424827e-7
nlpmodel,truss5,208,331,"OPTIMAL",0.15347,0.15343,16,-132.63566816163055,-132.6357,2.4004373985424827e-7
nlpmodel,truss5,208,331,"OPTIMAL",0.16546,0.16541,16,-132.63566816163055,-132.6357,2.4004373985424827e-7
nlpmodel,truss5,208,331,"OPTIMAL",0.16875,0.1687,16,-132.63566816163055,-132.6357,2.4004373985424827e-7
nlpmodel,truss5,208,331,"OPTIMAL",0.17032,0.17027,16,-132.63566816163055,-132.6357,2.4004373985424827e-7
nlpmodel,truss5,208,331,"OPTIMAL",0.16696,0.16689,16,-132.63566816163055,-132.6357,2.4004373985424827e-7
nlpmodel,truss5,208,331,"OPTIMAL",0.18199,0.18194,16,-132.63566816163055,-132.6357,2.4004373985424827e-7
nlpmodel,truss5,208,331,"OPTIMAL",0.17923,0.17919,16,-132.63566816163055,-132.6357,2.4004373985424827e-7
nlpmodel,truss5,208,331,"OPTIMAL",0.18093,0.18088,16,-132.63566816163055,-132.6357,2.4004373985424827e-7
nlpmodel,truss5,208,331,"OPTIMAL",0.205,0.20495,16,-132.63566816163055,-132.6357,2.4004373985424827e-7
nlpmodel,truss5,208,331,"OPTIMAL",0.19075,0.19069,16,-132.63566816163055,-132.6357,2.4004373985424827e-7
nlpmodel,truss5,208,331,"OPTIMAL",0.19854,0.19849,16,-132.63566816163055,-132.6357,2.4004373985424827e-7
nlpmodel,truss5,208,331,"OPTIMAL",0.17032,0.17027,16,-132.63566816163055,-132.6357,2.4004373985424827e-7
nlpmodel,truss5,208,331,"OPTIMAL",0.18533,0.18528,16,-132.63566816163055,-132.6357,2.4004373985424827e-7
nlpmodel,truss5,208,331,"OPTIMAL",0.17084,0.17079,16,-132.63566816163055,-132.6357,2.4004373985424827e-7
nlpmodel,truss5,208,331,"OPTIMAL",0.20116,0.20112,16,-132.63566816163055,-132.6357,2.4004373985424827e-7
nlpmodel,truss5,208,331,"OPTIMAL",0.15857,0.15851,16,-132.63566816163055,-132.6357,2.4004373985424827e-7
nlpmodel,truss5,208,331,"OPTIMAL",0.1775,0.17745,16,-132.63566816163055,-132.6357,2.4004373985424827e-7
nlpmodel,arch0,174,335,"OPTIMAL",0.96227,0.96222,22,0.5665173227564859,0.566517,3.227564858709897e-7
nlpmodel,arch0,174,335,"OPTIMAL",1.2834,1.2833,22,0.5665173227564859,0.566517,3.227564858709897e-7
nlpmodel,arch0,174,335,"OPTIMAL",0.98001,0.97996,22,0.5665173227564859,0.566517,3.227564858709897e-7
nlpmodel,arch0,174,335,"OPTIMAL",0.95239,0.95234,22,0.5665173227564859,0.566517,3.227564858709897e-7
nlpmodel,arch0,174,335,"OPTIMAL",0.96599,0.96595,22,0.5665173227564859,0.566517,3.227564858709897e-7
nlpmodel,arch0,174,335,"OPTIMAL",0.95239,0.95235,22,0.5665173227564859,0.566517,3.227564858709897e-7
nlpmodel,arch0,174,335,"OPTIMAL",0.9661,0.96605,22,0.5665173227564859,0.566517,3.227564858709897e-7
nlpmodel,arch0,174,335,"OPTIMAL",1.1008,1.1007,22,0.5665173227564859,0.566517,3.227564858709897e-7
nlpmodel,arch0,174,335,"OPTIMAL",1.0334,1.0333,22,0.5665173227564859,0.566517,3.227564858709897e-7
nlpmodel,arch0,174,335,"OPTIMAL",1.385,1.3849,22,0.5665173227564859,0.566517,3.227564858709897e-7
nlpmodel,arch0,174,335,"OPTIMAL",0.98606,0.98601,22,0.5665173227564859,0.566517,3.227564858709897e-7
nlpmodel,arch0,174,335,"OPTIMAL",0.94577,0.94572,22,0.5665173227564859,0.566517,3.227564858709897e-7
nlpmodel,arch0,174,335,"OPTIMAL",0.95238,0.95234,22,0.5665173227564859,0.566517,3.227564858709897e-7
nlpmodel,arch0,174,335,"OPTIMAL",1.032,1.032,22,0.5665173227564859,0.566517,3.227564858709897e-7
nlpmodel,arch0,174,335,"OPTIMAL",1.0462,1.0461,22,0.5665173227564859,0.566517,3.227564858709897e-7
nlpmodel,arch0,174,335,"OPTIMAL",1.1009,1.1008,22,0.5665173227564859,0.566517,3.227564858709897e-7
nlpmodel,arch0,174,335,"OPTIMAL",0.98383,0.98378,22,0.5665173227564859,0.566517,3.227564858709897e-7
nlpmodel,arch0,174,335,"OPTIMAL",1.35,1.3499,22,0.5665173227564859,0.566517,3.227564858709897e-7
nlpmodel,arch0,174,335,"OPTIMAL",0.93628,0.93623,22,0.5665173227564859,0.566517,3.227564858709897e-7
nlpmodel,arch0,174,335,"OPTIMAL",0.94696,0.94691,22,0.5665173227564859,0.566517,3.227564858709897e-7
nlpmodel,arch0,174,335,"OPTIMAL",0.94535,0.9453,22,0.5665173227564859,0.566517,3.227564858709897e-7
nlpmodel,arch0,174,335,"OPTIMAL",0.93268,0.93264,22,0.5665173227564859,0.566517,3.227564858709897e-7
nlpmodel,arch0,174,335,"OPTIMAL",0.95132,0.95127,22,0.5665173227564859,0.566517,3.227564858709897e-7
nlpmodel,arch0,174,335,"OPTIMAL",0.95715,0.9571,22,0.5665173227564859,0.566517,3.227564858709897e-7
nlpmodel,arch0,174,335,"OPTIMAL",0.94713,0.94709,22,0.5665173227564859,0.566517,3.227564858709897e-7
nlpmodel,arch0,174,335,"OPTIMAL",1.3957,1.3956,22,0.5665173227564859,0.566517,3.227564858709897e-7
nlpmodel,arch0,174,335,"OPTIMAL",1.0167,1.0167,22,0.5665173227564859,0.566517,3.227564858709897e-7
nlpmodel,arch0,174,335,"OPTIMAL",1.0374,1.0373,22,0.5665173227564859,0.566517,3.227564858709897e-7
nlpmodel,arch0,174,335,"OPTIMAL",1.0168,1.0167,22,0.5665173227564859,0.566517,3.227564858709897e-7
nlpmodel,arch0,174,335,"OPTIMAL",1.0191,1.0191,22,0.5665173227564859,0.566517,3.227564858709897e-7
nlpmodel,arch0,174,335,"OPTIMAL",1.04,1.0399,22,0.5665173227564859,0.566517,3.227564858709897e-7
nlpmodel,arch0,174,335,"OPTIMAL",0.99209,0.99204,22,0.5665173227564859,0.566517,3.227564858709897e-7
nlpmodel,arch2,174,335,"OPTIMAL",1.3262,1.3261,20,0.671515569617191,0.671515,5.696171910818393e-7
nlpmodel,arch2,174,335,"OPTIMAL",0.95112,0.95107,20,0.671515569617191,0.671515,5.696171910818393e-7
nlpmodel,arch2,174,335,"OPTIMAL",0.86103,0.86098,20,0.671515569617191,0.671515,5.696171910818393e-7
nlpmodel,arch2,174,335,"OPTIMAL",0.94941,0.94937,20,0.671515569617191,0.671515,5.696171910818393e-7
nlpmodel,arch2,174,335,"OPTIMAL",0.92289,0.92285,20,0.671515569617191,0.671515,5.696171910818393e-7
nlpmodel,arch2,174,335,"OPTIMAL",0.9308,0.93075,20,0.671515569617191,0.671515,5.696171910818393e-7
nlpmodel,arch2,174,335,"OPTIMAL",0.9702,0.97014,20,0.671515569617191,0.671515,5.696171910818393e-7
nlpmodel,arch2,174,335,"OPTIMAL",0.93632,0.93623,20,0.671515569617191,0.671515,5.696171910818393e-7
nlpmodel,arch2,174,335,"OPTIMAL",1.3503,1.3503,20,0.671515569617191,0.671515,5.696171910818393e-7
nlpmodel,arch2,174,335,"OPTIMAL",0.93477,0.93472,20,0.671515569617191,0.671515,5.696171910818393e-7
nlpmodel,arch2,174,335,"OPTIMAL",0.94532,0.94527,20,0.671515569617191,0.671515,5.696171910818393e-7
nlpmodel,arch2,174,335,"OPTIMAL",0.93295,0.9329,20,0.671515569617191,0.671515,5.696171910818393e-7
nlpmodel,arch2,174,335,"OPTIMAL",0.85936,0.85931,20,0.671515569617191,0.671515,5.696171910818393e-7
nlpmodel,arch2,174,335,"OPTIMAL",0.86129,0.86122,20,0.671515569617191,0.671515,5.696171910818393e-7
nlpmodel,arch2,174,335,"OPTIMAL",0.91262,0.91257,20,0.671515569617191,0.671515,5.696171910818393e-7
nlpmodel,arch2,174,335,"OPTIMAL",0.95207,0.95202,20,0.671515569617191,0.671515,5.696171910818393e-7
nlpmodel,arch2,174,335,"OPTIMAL",0.90702,0.90697,20,0.671515569617191,0.671515,5.696171910818393e-7
nlpmodel,arch2,174,335,"OPTIMAL",1.1731,1.173,20,0.671515569617191,0.671515,5.696171910818393e-7
nlpmodel,arch2,174,335,"OPTIMAL",0.85831,0.85826,20,0.671515569617191,0.671515,5.696171910818393e-7
nlpmodel,arch2,174,335,"OPTIMAL",0.88744,0.88739,20,0.671515569617191,0.671515,5.696171910818393e-7
nlpmodel,arch2,174,335,"OPTIMAL",0.94494,0.9449,20,0.671515569617191,0.671515,5.696171910818393e-7
nlpmodel,arch2,174,335,"OPTIMAL",0.9474,0.94735,20,0.671515569617191,0.671515,5.696171910818393e-7
nlpmodel,arch2,174,335,"OPTIMAL",0.94136,0.94132,20,0.671515569617191,0.671515,5.696171910818393e-7
nlpmodel,arch2,174,335,"OPTIMAL",0.91318,0.91313,20,0.671515569617191,0.671515,5.696171910818393e-7
nlpmodel,arch2,174,335,"OPTIMAL",0.92879,0.92875,20,0.671515569617191,0.671515,5.696171910818393e-7
nlpmodel,arch2,174,335,"OPTIMAL",1.2621,1.2621,20,0.671515569617191,0.671515,5.696171910818393e-7
nlpmodel,arch2,174,335,"OPTIMAL",0.91907,0.91902,20,0.671515569617191,0.671515,5.696171910818393e-7
nlpmodel,arch2,174,335,"OPTIMAL",0.93833,0.93827,20,0.671515569617191,0.671515,5.696171910818393e-7
nlpmodel,arch2,174,335,"OPTIMAL",0.96011,0.96006,20,0.671515569617191,0.671515,5.696171910818393e-7
nlpmodel,arch2,174,335,"OPTIMAL",0.94759,0.94755,20,0.671515569617191,0.671515,5.696171910818393e-7
nlpmodel,arch2,174,335,"OPTIMAL",0.93964,0.93959,20,0.671515569617191,0.671515,5.696171910818393e-7
nlpmodel,arch2,174,335,"OPTIMAL",0.9125,0.91244,20,0.671515569617191,0.671515,5.696171910818393e-7
nlpmodel,arch4,174,335,"OPTIMAL",1.2576,1.2575,20,0.9726276868977468,0.9726274,2.8689774678181124e-7
nlpmodel,arch4,174,335,"OPTIMAL",0.96808,0.96804,20,0.9726276868977468,0.9726274,2.8689774678181124e-7
nlpmodel,arch4,174,335,"OPTIMAL",0.89043,0.89039,20,0.9726276868977468,0.9726274,2.8689774678181124e-7
nlpmodel,arch4,174,335,"OPTIMAL",0.90124,0.90119,20,0.9726276868977468,0.9726274,2.8689774678181124e-7
nlpmodel,arch4,174,335,"OPTIMAL",0.96241,0.96237,20,0.9726276868977468,0.9726274,2.8689774678181124e-7
nlpmodel,arch4,174,335,"OPTIMAL",0.94545,0.9454,20,0.9726276868977468,0.9726274,2.8689774678181124e-7
nlpmodel,arch4,174,335,"OPTIMAL",0.94734,0.94729,20,0.9726276868977468,0.9726274,2.8689774678181124e-7
nlpmodel,arch4,174,335,"OPTIMAL",0.9297,0.92959,20,0.9726276868977468,0.9726274,2.8689774678181124e-7
nlpmodel,arch4,174,335,"OPTIMAL",1.2322,1.2322,20,0.9726276868977468,0.9726274,2.8689774678181124e-7
nlpmodel,arch4,174,335,"OPTIMAL",0.95535,0.95531,20,0.9726276868977468,0.9726274,2.8689774678181124e-7
nlpmodel,arch4,174,335,"OPTIMAL",0.86546,0.86541,20,0.9726276868977468,0.9726274,2.8689774678181124e-7
nlpmodel,arch4,174,335,"OPTIMAL",0.84872,0.84865,20,0.9726276868977468,0.9726274,2.8689774678181124e-7
nlpmodel,arch4,174,335,"OPTIMAL",0.91294,0.91287,20,0.9726276868977468,0.9726274,2.8689774678181124e-7
nlpmodel,arch4,174,335,"OPTIMAL",0.96889,0.96885,20,0.9726276868977468,0.9726274,2.8689774678181124e-7
nlpmodel,arch4,174,335,"OPTIMAL",0.95555,0.95549,20,0.9726276868977468,0.9726274,2.8689774678181124e-7
nlpmodel,arch4,174,335,"OPTIMAL",0.94729,0.94724,20,0.9726276868977468,0.9726274,2.8689774678181124e-7
nlpmodel,arch4,174,335,"OPTIMAL",0.93576,0.93571,20,0.9726276868977468,0.9726274,2.8689774678181124e-7
nlpmodel,arch4,174,335,"OPTIMAL",1.2944,1.2943,20,0.9726276868977468,0.9726274,2.8689774678181124e-7
nlpmodel,arch4,174,335,"OPTIMAL",0.91324,0.91317,20,0.9726276868977468,0.9726274,2.8689774678181124e-7
nlpmodel,arch4,174,335,"OPTIMAL",0.90912,0.90907,20,0.9726276868977468,0.9726274,2.8689774678181124e-7
nlpmodel,arch4,174,335,"OPTIMAL",0.93311,0.93306,20,0.9726276868977468,0.9726274,2.8689774678181124e-7
nlpmodel,arch4,174,335,"OPTIMAL",0.90437,0.90432,20,0.9726276868977468,0.9726274,2.8689774678181124e-7
nlpmodel,arch4,174,335,"OPTIMAL",0.86949,0.86943,20,0.9726276868977468,0.9726274,2.8689774678181124e-7
nlpmodel,arch4,174,335,"OPTIMAL",0.92346,0.92341,20,0.9726276868977468,0.9726274,2.8689774678181124e-7
nlpmodel,arch4,174,335,"OPTIMAL",0.88073,0.88068,20,0.9726276868977468,0.9726274,2.8689774678181124e-7
nlpmodel,arch4,174,335,"OPTIMAL",1.4934,1.4933,20,0.9726276868977468,0.9726274,2.8689774678181124e-7
nlpmodel,arch4,174,335,"OPTIMAL",1.3285,1.3284,20,0.9726276868977468,0.9726274,2.8689774678181124e-7
nlpmodel,arch4,174,335,"OPTIMAL",1.2352,1.2351,20,0.9726276868977468,0.9726274,2.8689774678181124e-7
nlpmodel,arch4,174,335,"OPTIMAL",1.218,1.2179,20,0.9726276868977468,0.9726274,2.8689774678181124e-7
nlpmodel,arch4,174,335,"OPTIMAL",1.294,1.2939,20,0.9726276868977468,0.9726274,2.8689774678181124e-7
nlpmodel,arch4,174,335,"OPTIMAL",1.0009,1.0008,20,0.9726276868977468,0.9726274,2.8689774678181124e-7
nlpmodel,arch4,174,335,"OPTIMAL",0.92393,0.92388,20,0.9726276868977468,0.9726274,2.8689774678181124e-7
nlpmodel,arch8,174,335,"OPTIMAL",1.2563,1.2562,20,7.056980227891276,7.05698,3.229303124398355e-8
nlpmodel,arch8,174,335,"OPTIMAL",1.0054,1.0053,20,7.056980227891276,7.05698,3.229303124398355e-8
nlpmodel,arch8,174,335,"OPTIMAL",0.87324,0.87318,20,7.056980227891276,7.05698,3.229303124398355e-8
nlpmodel,arch8,174,335,"OPTIMAL",0.86315,0.86308,20,7.056980227891276,7.05698,3.229303124398355e-8
nlpmodel,arch8,174,335,"OPTIMAL",0.85347,0.85342,20,7.056980227891276,7.05698,3.229303124398355e-8
nlpmodel,arch8,174,335,"OPTIMAL",0.86494,0.86486,20,7.056980227891276,7.05698,3.229303124398355e-8
nlpmodel,arch8,174,335,"OPTIMAL",0.85009,0.85001,20,7.056980227891276,7.05698,3.229303124398355e-8
nlpmodel,arch8,174,335,"OPTIMAL",0.84717,0.8471,20,7.056980227891276,7.05698,3.229303124398355e-8
nlpmodel,arch8,174,335,"OPTIMAL",0.91782,0.91778,20,7.056980227891276,7.05698,3.229303124398355e-8
nlpmodel,arch8,174,335,"OPTIMAL",1.1577,1.1576,20,7.056980227891276,7.05698,3.229303124398355e-8
nlpmodel,arch8,174,335,"OPTIMAL",0.8413,0.84123,20,7.056980227891276,7.05698,3.229303124398355e-8
nlpmodel,arch8,174,335,"OPTIMAL",0.84821,0.84812,20,7.056980227891276,7.05698,3.229303124398355e-8
nlpmodel,arch8,174,335,"OPTIMAL",0.85136,0.85131,20,7.056980227891276,7.05698,3.229303124398355e-8
nlpmodel,arch8,174,335,"OPTIMAL",0.86872,0.86864,20,7.056980227891276,7.05698,3.229303124398355e-8
nlpmodel,arch8,174,335,"OPTIMAL",0.84348,0.84341,20,7.056980227891276,7.05698,3.229303124398355e-8
nlpmodel,arch8,174,335,"OPTIMAL",0.86089,0.86084,20,7.056980227891276,7.05698,3.229303124398355e-8
nlpmodel,arch8,174,335,"OPTIMAL",0.90417,0.90412,20,7.056980227891276,7.05698,3.229303124398355e-8
nlpmodel,arch8,174,335,"OPTIMAL",1.3199,1.3199,20,7.056980227891276,7.05698,3.229303124398355e-8
nlpmodel,arch8,174,335,"OPTIMAL",0.9613,0.96125,20,7.056980227891276,7.05698,3.229303124398355e-8
nlpmodel,arch8,174,335,"OPTIMAL",0.8402,0.84015,20,7.056980227891276,7.05698,3.229303124398355e-8
nlpmodel,arch8,174,335,"OPTIMAL",0.89478,0.89473,20,7.056980227891276,7.05698,3.229303124398355e-8
nlpmodel,arch8,174,335,"OPTIMAL",0.96793,0.96788,20,7.056980227891276,7.05698,3.229303124398355e-8
nlpmodel,arch8,174,335,"OPTIMAL",0.98681,0.98676,20,7.056980227891276,7.05698,3.229303124398355e-8
nlpmodel,arch8,174,335,"OPTIMAL",0.89576,0.89571,20,7.056980227891276,7.05698,3.229303124398355e-8
nlpmodel,arch8,174,335,"OPTIMAL",0.91423,0.91417,20,7.056980227891276,7.05698,3.229303124398355e-8
nlpmodel,arch8,174,335,"OPTIMAL",1.2033,1.2033,20,7.056980227891276,7.05698,3.229303124398355e-8
nlpmodel,arch8,174,335,"OPTIMAL",0.90698,0.90694,20,7.056980227891276,7.05698,3.229303124398355e-8
nlpmodel,arch8,174,335,"OPTIMAL",0.85069,0.85065,20,7.056980227891276,7.05698,3.229303124398355e-8
nlpmodel,arch8,174,335,"OPTIMAL",0.85146,0.85141,20,7.056980227891276,7.05698,3.229303124398355e-8
nlpmodel,arch8,174,335,"OPTIMAL",0.94845,0.9484,20,7.056980227891276,7.05698,3.229303124398355e-8
nlpmodel,arch8,174,335,"OPTIMAL",0.91718,0.91714,20,7.056980227891276,7.05698,3.229303124398355e-8
nlpmodel,arch8,174,335,"OPTIMAL",0.95511,0.95506,20,7.056980227891276,7.05698,3.229303124398355e-8
nlpmodel,ss30,132,426,"OPTIMAL",6.2734,6.2733,20,20.239510980587806,20.2395,5.425325628662205e-7
nlpmodel,ss30,132,426,"OPTIMAL",4.2416,4.2415,20,20.239510980587806,20.2395,5.425325628662205e-7
nlpmodel,ss30,132,426,"OPTIMAL",4.376,4.3759,20,20.239510980587806,20.2395,5.425325628662205e-7
nlpmodel,ss30,132,426,"OPTIMAL",5.2896,5.2895,20,20.239510980587806,20.2395,5.425325628662205e-7
nlpmodel,ss30,132,426,"OPTIMAL",6.8365,6.8364,20,20.239510980587806,20.2395,5.425325628662205e-7
nlpmodel,ss30,132,426,"OPTIMAL",5.9307,5.9307,20,20.239510980587806,20.2395,5.425325628662205e-7
nlpmodel,ss30,132,426,"OPTIMAL",5.0627,5.0626,20,20.239510980587806,20.2395,5.425325628662205e-7
nlpmodel,ss30,132,426,"OPTIMAL",5.4482,5.4481,20,20.239510980587806,20.2395,5.425325628662205e-7
nlpmodel,ss30,132,426,"OPTIMAL",5.2552,5.2551,20,20.239510980587806,20.2395,5.425325628662205e-7
nlpmodel,ss30,132,426,"OPTIMAL",4.825,4.8249,20,20.239510980587806,20.2395,5.425325628662205e-7
nlpmodel,ss30,132,426,"OPTIMAL",6.1682,6.1681,20,20.239510980587806,20.2395,5.425325628662205e-7
nlpmodel,ss30,132,426,"OPTIMAL",7.2796,7.2795,20,20.239510980587806,20.2395,5.425325628662205e-7
nlpmodel,ss30,132,426,"OPTIMAL",7.1955,7.1954,20,20.239510980587806,20.2395,5.425325628662205e-7
nlpmodel,ss30,132,426,"OPTIMAL",5.8374,5.8373,20,20.239510980587806,20.2395,5.425325628662205e-7
nlpmodel,ss30,132,426,"OPTIMAL",4.3443,4.3442,20,20.239510980587806,20.2395,5.425325628662205e-7
nlpmodel,ss30,132,426,"OPTIMAL",3.8179,3.8179,20,20.239510980587806,20.2395,5.425325628662205e-7
nlpmodel,ss30,132,426,"OPTIMAL",4.6626,4.6626,20,20.239510980587806,20.2395,5.425325628662205e-7
nlpmodel,ss30,132,426,"OPTIMAL",5.7884,5.7883,20,20.239510980587806,20.2395,5.425325628662205e-7
nlpmodel,ss30,132,426,"OPTIMAL",6.6233,6.6232,20,20.239510980587806,20.2395,5.425325628662205e-7
nlpmodel,ss30,132,426,"OPTIMAL",7.744,7.744,20,20.239510980587806,20.2395,5.425325628662205e-7
nlpmodel,ss30,132,426,"OPTIMAL",4.9835,4.9834,20,20.239510980587806,20.2395,5.425325628662205e-7
nlpmodel,ss30,132,426,"OPTIMAL",4.6252,4.6252,20,20.239510980587806,20.2395,5.425325628662205e-7
nlpmodel,ss30,132,426,"OPTIMAL",6.2168,6.2168,20,20.239510980587806,20.2395,5.425325628662205e-7
nlpmodel,ss30,132,426,"OPTIMAL",5.4504,5.4503,20,20.239510980587806,20.2395,5.425325628662205e-7
nlpmodel,ss30,132,426,"OPTIMAL",7.106,7.106,20,20.239510980587806,20.2395,5.425325628662205e-7
nlpmodel,ss30,132,426,"OPTIMAL",5.6207,5.6206,20,20.239510980587806,20.2395,5.425325628662205e-7
nlpmodel,ss30,132,426,"OPTIMAL",5.7067,5.7066,20,20.239510980587806,20.2395,5.425325628662205e-7
nlpmodel,ss30,132,426,"OPTIMAL",6.8372,6.8372,20,20.239510980587806,20.2395,5.425325628662205e-7
nlpmodel,ss30,132,426,"OPTIMAL",7.1991,7.1989,20,20.239510980587806,20.2395,5.425325628662205e-7
nlpmodel,ss30,132,426,"OPTIMAL",4.3022,4.3021,20,20.239510980587806,20.2395,5.425325628662205e-7
nlpmodel,ss30,132,426,"OPTIMAL",5.7812,5.7812,20,20.239510980587806,20.2395,5.425325628662205e-7
nlpmodel,ss30,132,426,"OPTIMAL",5.5506,5.5505,20,20.239510980587806,20.2395,5.425325628662205e-7
nlpmodel,truss6,172,451,"OPTIMAL",0.15432,0.15426,23,-901.0012640259516,-901.001,2.9303624707529993e-7
nlpmodel,truss6,172,451,"OPTIMAL",0.139,0.13894,23,-901.0012640259516,-901.001,2.9303624707529993e-7
nlpmodel,truss6,172,451,"OPTIMAL",0.11652,0.11647,23,-901.0012640259516,-901.001,2.9303624707529993e-7
nlpmodel,truss6,172,451,"OPTIMAL",0.16305,0.16299,23,-901.0012640259516,-901.001,2.9303624707529993e-7
nlpmodel,truss6,172,451,"OPTIMAL",0.079954,0.079898,23,-901.0012640259516,-901.001,2.9303624707529993e-7
nlpmodel,truss6,172,451,"OPTIMAL",0.10339,0.10334,23,-901.0012640259516,-901.001,2.9303624707529993e-7
nlpmodel,truss6,172,451,"OPTIMAL",0.11627,0.11623,23,-901.0012640259516,-901.001,2.9303624707529993e-7
nlpmodel,truss6,172,451,"OPTIMAL",0.10384,0.10379,23,-901.0012640259516,-901.001,2.9303624707529993e-7
nlpmodel,truss6,172,451,"OPTIMAL",0.11847,0.11842,23,-901.0012640259516,-901.001,2.9303624707529993e-7
nlpmodel,truss6,172,451,"OPTIMAL",0.084518,0.084471,23,-901.0012640259516,-901.001,2.9303624707529993e-7
nlpmodel,truss6,172,451,"OPTIMAL",0.11524,0.11519,23,-901.0012640259516,-901.001,2.9303624707529993e-7
nlpmodel,truss6,172,451,"OPTIMAL",0.13288,0.1328,23,-901.0012640259516,-901.001,2.9303624707529993e-7
nlpmodel,truss6,172,451,"OPTIMAL",0.094101,0.094046,23,-901.0012640259516,-901.001,2.9303624707529993e-7
nlpmodel,truss6,172,451,"OPTIMAL",0.12465,0.12459,23,-901.0012640259516,-901.001,2.9303624707529993e-7
nlpmodel,truss6,172,451,"OPTIMAL",0.13244,0.13237,23,-901.0012640259516,-901.001,2.9303624707529993e-7
nlpmodel,truss6,172,451,"OPTIMAL",0.1581,0.15805,23,-901.0012640259516,-901.001,2.9303624707529993e-7
nlpmodel,truss6,172,451,"OPTIMAL",0.16442,0.16437,23,-901.0012640259516,-901.001,2.9303624707529993e-7
nlpmodel,truss6,172,451,"OPTIMAL",0.14629,0.14622,23,-901.0012640259516,-901.001,2.9303624707529993e-7
nlpmodel,truss6,172,451,"OPTIMAL",0.15009,0.15004,23,-901.0012640259516,-901.001,2.9303624707529993e-7
nlpmodel,truss6,172,451,"OPTIMAL",0.10124,0.10115,23,-901.0012640259516,-901.001,2.9303624707529993e-7
nlpmodel,truss6,172,451,"OPTIMAL",0.096289,0.096244,23,-901.0012640259516,-901.001,2.9303624707529993e-7
nlpmodel,truss6,172,451,"OPTIMAL",0.088592,0.088542,23,-901.0012640259516,-901.001,2.9303624707529993e-7
nlpmodel,truss6,172,451,"OPTIMAL",0.098368,0.098316,23,-901.0012640259516,-901.001,2.9303624707529993e-7
nlpmodel,truss6,172,451,"OPTIMAL",0.13043,0.13039,23,-901.0012640259516,-901.001,2.9303624707529993e-7
nlpmodel,truss6,172,451,"OPTIMAL",0.12179,0.12173,23,-901.0012640259516,-901.001,2.9303624707529993e-7
nlpmodel,truss6,172,451,"OPTIMAL",0.12837,0.12829,23,-901.0012640259516,-901.001,2.9303624707529993e-7
nlpmodel,truss6,172,451,"OPTIMAL",0.11324,0.11318,23,-901.0012640259516,-901.001,2.9303624707529993e-7
nlpmodel,truss6,172,451,"OPTIMAL",0.10695,0.1069,23,-901.0012640259516,-901.001,2.9303624707529993e-7
nlpmodel,truss6,172,451,"OPTIMAL",0.1151,0.11504,23,-901.0012640259516,-901.001,2.9303624707529993e-7
nlpmodel,truss6,172,451,"OPTIMAL",0.12837,0.12832,23,-901.0012640259516,-901.001,2.9303624707529993e-7
nlpmodel,truss6,172,451,"OPTIMAL",0.096094,0.096046,23,-901.0012640259516,-901.001,2.9303624707529993e-7
nlpmodel,truss6,172,451,"OPTIMAL",0.092594,0.092544,23,-901.0012640259516,-901.001,2.9303624707529993e-7
nlpmodel,gpp500-1,501,500,"DUAL_INFEASIBLE",9.9029,9.9028,30,-18.33469659419472,-25.3,0.27530843501206637
nlpmodel,gpp500-1,501,500,"DUAL_INFEASIBLE",9.8921,9.892,30,-18.33469659419472,-25.3,0.27530843501206637
nlpmodel,gpp500-1,501,500,"DUAL_INFEASIBLE",9.9894,9.9893,30,-18.33469659419472,-25.3,0.27530843501206637
nlpmodel,gpp500-1,501,500,"DUAL_INFEASIBLE",9.8733,9.8732,30,-18.33469659419472,-25.3,0.27530843501206637
nlpmodel,gpp500-1,501,500,"DUAL_INFEASIBLE",10.452,10.452,30,-18.33469659419472,-25.3,0.27530843501206637
nlpmodel,gpp500-1,501,500,"DUAL_INFEASIBLE",12.219,12.219,30,-18.33469659419472,-25.3,0.27530843501206637
nlpmodel,gpp500-1,501,500,"DUAL_INFEASIBLE",9.9623,9.9622,30,-18.33469659419472,-25.3,0.27530843501206637
nlpmodel,gpp500-1,501,500,"DUAL_INFEASIBLE",9.8698,9.8697,30,-18.33469659419472,-25.3,0.27530843501206637
nlpmodel,gpp500-1,501,500,"DUAL_INFEASIBLE",9.5576,9.5576,30,-18.33469659419472,-25.3,0.27530843501206637
nlpmodel,gpp500-1,501,500,"DUAL_INFEASIBLE",11.231,11.231,30,-18.33469659419472,-25.3,0.27530843501206637
nlpmodel,gpp500-1,501,500,"DUAL_INFEASIBLE",14.701,14.701,30,-18.33469659419472,-25.3,0.27530843501206637
nlpmodel,gpp500-1,501,500,"DUAL_INFEASIBLE",11.559,11.559,30,-18.33469659419472,-25.3,0.27530843501206637
nlpmodel,gpp500-1,501,500,"DUAL_INFEASIBLE",10.924,10.923,30,-18.33469659419472,-25.3,0.27530843501206637
nlpmodel,gpp500-1,501,500,"DUAL_INFEASIBLE",10.508,10.508,30,-18.33469659419472,-25.3,0.27530843501206637
nlpmodel,gpp500-1,501,500,"DUAL_INFEASIBLE",11.861,11.861,30,-18.33469659419472,-25.3,0.27530843501206637
nlpmodel,gpp500-1,501,500,"DUAL_INFEASIBLE",14.439,14.439,30,-18.33469659419472,-25.3,0.27530843501206637
nlpmodel,gpp500-1,501,500,"DUAL_INFEASIBLE",16.487,16.487,30,-18.33469659419472,-25.3,0.27530843501206637
nlpmodel,gpp500-1,501,500,"DUAL_INFEASIBLE",11.725,11.724,30,-18.33469659419472,-25.3,0.27530843501206637
nlpmodel,gpp500-1,501,500,"DUAL_INFEASIBLE",10.437,10.437,30,-18.33469659419472,-25.3,0.27530843501206637
nlpmodel,gpp500-1,501,500,"DUAL_INFEASIBLE",14.328,14.328,30,-18.33469659419472,-25.3,0.27530843501206637
nlpmodel,gpp500-1,501,500,"DUAL_INFEASIBLE",9.7064,9.7063,30,-18.33469659419472,-25.3,0.27530843501206637
nlpmodel,gpp500-1,501,500,"DUAL_INFEASIBLE",10.055,10.055,30,-18.33469659419472,-25.3,0.27530843501206637
nlpmodel,gpp500-1,501,500,"DUAL_INFEASIBLE",10.121,10.121,30,-18.33469659419472,-25.3,0.27530843501206637
nlpmodel,gpp500-1,501,500,"DUAL_INFEASIBLE",9.8331,9.833,30,-18.33469659419472,-25.3,0.27530843501206637
nlpmodel,gpp500-1,501,500,"DUAL_INFEASIBLE",9.7294,9.7293,30,-18.33469659419472,-25.3,0.27530843501206637
nlpmodel,gpp500-1,501,500,"DUAL_INFEASIBLE",9.6625,9.6624,30,-18.33469659419472,-25.3,0.27530843501206637
nlpmodel,gpp500-1,501,500,"DUAL_INFEASIBLE",13.979,13.979,30,-18.33469659419472,-25.3,0.27530843501206637
nlpmodel,gpp500-1,501,500,"DUAL_INFEASIBLE",10.45,10.45,30,-18.33469659419472,-25.3,0.27530843501206637
nlpmodel,gpp500-1,501,500,"DUAL_INFEASIBLE",14.667,14.667,30,-18.33469659419472,-25.3,0.27530843501206637
nlpmodel,gpp500-1,501,500,"DUAL_INFEASIBLE",11.58,11.58,30,-18.33469659419472,-25.3,0.27530843501206637
nlpmodel,gpp500-1,501,500,"DUAL_INFEASIBLE",11.4,11.4,30,-18.33469659419472,-25.3,0.27530843501206637
nlpmodel,gpp500-1,501,500,"DUAL_INFEASIBLE",13.893,13.893,30,-18.33469659419472,-25.3,0.27530843501206637
nlpmodel,gpp500-2,501,500,"OPTIMAL",5.9632,5.9632,18,-156.06038122617036,-156.06,2.442817956949346e-6
nlpmodel,gpp500-2,501,500,"OPTIMAL",5.8299,5.8299,18,-156.06038122617036,-156.06,2.442817956949346e-6
nlpmodel,gpp500-2,501,500,"OPTIMAL",5.8463,5.8462,18,-156.06038122617036,-156.06,2.442817956949346e-6
nlpmodel,gpp500-2,501,500,"OPTIMAL",6.1001,6.1,18,-156.06038122617036,-156.06,2.442817956949346e-6
nlpmodel,gpp500-2,501,500,"OPTIMAL",5.9041,5.904,18,-156.06038122617036,-156.06,2.442817956949346e-6
nlpmodel,gpp500-2,501,500,"OPTIMAL",6.0286,6.0285,18,-156.06038122617036,-156.06,2.442817956949346e-6
nlpmodel,gpp500-2,501,500,"OPTIMAL",5.7742,5.7741,18,-156.06038122617036,-156.06,2.442817956949346e-6
nlpmodel,gpp500-2,501,500,"OPTIMAL",5.7416,5.7416,18,-156.06038122617036,-156.06,2.442817956949346e-6
nlpmodel,gpp500-2,501,500,"OPTIMAL",5.9717,5.9716,18,-156.06038122617036,-156.06,2.442817956949346e-6
nlpmodel,gpp500-2,501,500,"OPTIMAL",6.0369,6.0369,18,-156.06038122617036,-156.06,2.442817956949346e-6
nlpmodel,gpp500-2,501,500,"OPTIMAL",6.0954,6.0953,18,-156.06038122617036,-156.06,2.442817956949346e-6
nlpmodel,gpp500-2,501,500,"OPTIMAL",5.8572,5.8571,18,-156.06038122617036,-156.06,2.442817956949346e-6
nlpmodel,gpp500-2,501,500,"OPTIMAL",6.4818,6.4817,18,-156.06038122617036,-156.06,2.442817956949346e-6
nlpmodel,gpp500-2,501,500,"OPTIMAL",5.9075,5.9074,18,-156.06038122617036,-156.06,2.442817956949346e-6
nlpmodel,gpp500-2,501,500,"OPTIMAL",7.1776,7.1775,18,-156.06038122617036,-156.06,2.442817956949346e-6
nlpmodel,gpp500-2,501,500,"OPTIMAL",5.9771,5.977,18,-156.06038122617036,-156.06,2.442817956949346e-6
nlpmodel,gpp500-2,501,500,"OPTIMAL",6.579,6.5789,18,-156.06038122617036,-156.06,2.442817956949346e-6
nlpmodel,gpp500-2,501,500,"OPTIMAL",6.196,6.1959,18,-156.06038122617036,-156.06,2.442817956949346e-6
nlpmodel,gpp500-2,501,500,"OPTIMAL",8.6341,8.634,18,-156.06038122617036,-156.06,2.442817956949346e-6
nlpmodel,gpp500-2,501,500,"OPTIMAL",9.4089,9.4088,18,-156.06038122617036,-156.06,2.442817956949346e-6
nlpmodel,gpp500-2,501,500,"OPTIMAL",10.044,10.044,18,-156.06038122617036,-156.06,2.442817956949346e-6
nlpmodel,gpp500-2,501,500,"OPTIMAL",10.439,10.439,18,-156.06038122617036,-156.06,2.442817956949346e-6
nlpmodel,gpp500-2,501,500,"OPTIMAL",7.6378,7.6377,18,-156.06038122617036,-156.06,2.442817956949346e-6
nlpmodel,gpp500-2,501,500,"OPTIMAL",6.7701,6.77,18,-156.06038122617036,-156.06,2.442817956949346e-6
nlpmodel,gpp500-2,501,500,"OPTIMAL",6.2067,6.2067,18,-156.06038122617036,-156.06,2.442817956949346e-6
nlpmodel,gpp500-2,501,500,"OPTIMAL",6.4803,6.4803,18,-156.06038122617036,-156.06,2.442817956949346e-6
nlpmodel,gpp500-2,501,500,"OPTIMAL",5.9977,5.9977,18,-156.06038122617036,-156.06,2.442817956949346e-6
nlpmodel,gpp500-2,501,500,"OPTIMAL",5.9483,5.9482,18,-156.06038122617036,-156.06,2.442817956949346e-6
nlpmodel,gpp500-2,501,500,"OPTIMAL",5.9185,5.9184,18,-156.06038122617036,-156.06,2.442817956949346e-6
nlpmodel,gpp500-2,501,500,"OPTIMAL",6.8778,6.8777,18,-156.06038122617036,-156.06,2.442817956949346e-6
nlpmodel,gpp500-2,501,500,"OPTIMAL",5.7723,5.7722,18,-156.06038122617036,-156.06,2.442817956949346e-6
nlpmodel,gpp500-2,501,500,"OPTIMAL",8.2443,8.2443,18,-156.06038122617036,-156.06,2.442817956949346e-6
nlpmodel,gpp500-3,501,500,"OPTIMAL",7.2,7.1999,13,-513.0176010965819,-513.02,4.676042684712743e-6
nlpmodel,gpp500-3,501,500,"OPTIMAL",6.4878,6.4877,13,-513.0176010965819,-513.02,4.676042684712743e-6
nlpmodel,gpp500-3,501,500,"OPTIMAL",6.94,6.9399,13,-513.0176010965819,-513.02,4.676042684712743e-6
nlpmodel,gpp500-3,501,500,"OPTIMAL",4.5364,4.5363,13,-513.0176010965819,-513.02,4.676042684712743e-6
nlpmodel,gpp500-3,501,500,"OPTIMAL",4.5628,4.5627,13,-513.0176010965819,-513.02,4.676042684712743e-6
nlpmodel,gpp500-3,501,500,"OPTIMAL",4.4694,4.4694,13,-513.0176010965819,-513.02,4.676042684712743e-6
nlpmodel,gpp500-3,501,500,"OPTIMAL",4.3822,4.382,13,-513.0176010965819,-513.02,4.676042684712743e-6
nlpmodel,gpp500-3,501,500,"OPTIMAL",5.8547,5.8546,13,-513.0176010965819,-513.02,4.676042684712743e-6
nlpmodel,gpp500-3,501,500,"OPTIMAL",6.2276,6.2275,13,-513.0176010965819,-513.02,4.676042684712743e-6
nlpmodel,gpp500-3,501,500,"OPTIMAL",5.0413,5.0412,13,-513.0176010965819,-513.02,4.676042684712743e-6
nlpmodel,gpp500-3,501,500,"OPTIMAL",5.4662,5.4661,13,-513.0176010965819,-513.02,4.676042684712743e-6
nlpmodel,gpp500-3,501,500,"OPTIMAL",4.5764,4.5763,13,-513.0176010965819,-513.02,4.676042684712743e-6
nlpmodel,gpp500-3,501,500,"OPTIMAL",4.6871,4.687,13,-513.0176010965819,-513.02,4.676042684712743e-6
nlpmodel,gpp500-3,501,500,"OPTIMAL",5.2581,5.258,13,-513.0176010965819,-513.02,4.676042684712743e-6
nlpmodel,gpp500-3,501,500,"OPTIMAL",5.3093,5.3092,13,-513.0176010965819,-513.02,4.676042684712743e-6
nlpmodel,gpp500-3,501,500,"OPTIMAL",5.4102,5.4101,13,-513.0176010965819,-513.02,4.676042684712743e-6
nlpmodel,gpp500-3,501,500,"OPTIMAL",6.2293,6.2292,13,-513.0176010965819,-513.02,4.676042684712743e-6
nlpmodel,gpp500-3,501,500,"OPTIMAL",5.217,5.2169,13,-513.0176010965819,-513.02,4.676042684712743e-6
nlpmodel,gpp500-3,501,500,"OPTIMAL",4.6058,4.6057,13,-513.0176010965819,-513.02,4.676042684712743e-6
nlpmodel,gpp500-3,501,500,"OPTIMAL",4.1881,4.188,13,-513.0176010965819,-513.02,4.676042684712743e-6
nlpmodel,gpp500-3,501,500,"OPTIMAL",4.3334,4.3334,13,-513.0176010965819,-513.02,4.676042684712743e-6
nlpmodel,gpp500-3,501,500,"OPTIMAL",4.3467,4.3466,13,-513.0176010965819,-513.02,4.676042684712743e-6
nlpmodel,gpp500-3,501,500,"OPTIMAL",4.4317,4.4316,13,-513.0176010965819,-513.02,4.676042684712743e-6
nlpmodel,gpp500-3,501,500,"OPTIMAL",4.3533,4.3532,13,-513.0176010965819,-513.02,4.676042684712743e-6
nlpmodel,gpp500-3,501,500,"OPTIMAL",4.0804,4.0803,13,-513.0176010965819,-513.02,4.676042684712743e-6
nlpmodel,gpp500-3,501,500,"OPTIMAL",4.4627,4.4626,13,-513.0176010965819,-513.02,4.676042684712743e-6
nlpmodel,gpp500-3,501,500,"OPTIMAL",4.3751,4.3751,13,-513.0176010965819,-513.02,4.676042684712743e-6
nlpmodel,gpp500-3,501,500,"OPTIMAL",4.2974,4.2973,13,-513.0176010965819,-513.02,4.676042684712743e-6
nlpmodel,gpp500-3,501,500,"OPTIMAL",4.3875,4.3874,13,-513.0176010965819,-513.02,4.676042684712743e-6
nlpmodel,gpp500-3,501,500,"OPTIMAL",4.0964,4.0964,13,-513.0176010965819,-513.02,4.676042684712743e-6
nlpmodel,gpp500-3,501,500,"OPTIMAL",4.3803,4.3802,13,-513.0176010965819,-513.02,4.676042684712743e-6
nlpmodel,gpp500-3,501,500,"OPTIMAL",4.3686,4.3685,13,-513.0176010965819,-513.02,4.676042684712743e-6
nlpmodel,gpp500-4,501,500,"OPTIMAL",4.3688,4.3687,14,-1567.018785840164,-1567.02,7.748208932121528e-7
nlpmodel,gpp500-4,501,500,"OPTIMAL",4.6694,4.6693,14,-1567.018785840164,-1567.02,7.748208932121528e-7
nlpmodel,gpp500-4,501,500,"OPTIMAL",4.6104,4.6104,14,-1567.018785840164,-1567.02,7.748208932121528e-7
nlpmodel,gpp500-4,501,500,"OPTIMAL",4.5453,4.5452,14,-1567.018785840164,-1567.02,7.748208932121528e-7
nlpmodel,gpp500-4,501,500,"OPTIMAL",4.6593,4.6593,14,-1567.018785840164,-1567.02,7.748208932121528e-7
nlpmodel,gpp500-4,501,500,"OPTIMAL",4.2915,4.2914,14,-1567.018785840164,-1567.02,7.748208932121528e-7
nlpmodel,gpp500-4,501,500,"OPTIMAL",4.5801,4.5801,14,-1567.018785840164,-1567.02,7.748208932121528e-7
nlpmodel,gpp500-4,501,500,"OPTIMAL",4.6187,4.6187,14,-1567.018785840164,-1567.02,7.748208932121528e-7
nlpmodel,gpp500-4,501,500,"OPTIMAL",4.6603,4.6603,14,-1567.018785840164,-1567.02,7.748208932121528e-7
nlpmodel,gpp500-4,501,500,"OPTIMAL",4.6978,4.6977,14,-1567.018785840164,-1567.02,7.748208932121528e-7
nlpmodel,gpp500-4,501,500,"OPTIMAL",4.6578,4.6577,14,-1567.018785840164,-1567.02,7.748208932121528e-7
nlpmodel,gpp500-4,501,500,"OPTIMAL",4.2889,4.2888,14,-1567.018785840164,-1567.02,7.748208932121528e-7
nlpmodel,gpp500-4,501,500,"OPTIMAL",4.5657,4.5656,14,-1567.018785840164,-1567.02,7.748208932121528e-7
nlpmodel,gpp500-4,501,500,"OPTIMAL",4.645,4.6449,14,-1567.018785840164,-1567.02,7.748208932121528e-7
nlpmodel,gpp500-4,501,500,"OPTIMAL",4.6172,4.6172,14,-1567.018785840164,-1567.02,7.748208932121528e-7
nlpmodel,gpp500-4,501,500,"OPTIMAL",4.6054,4.6054,14,-1567.018785840164,-1567.02,7.748208932121528e-7
nlpmodel,gpp500-4,501,500,"OPTIMAL",4.6672,4.6671,14,-1567.018785840164,-1567.02,7.748208932121528e-7
nlpmodel,gpp500-4,501,500,"OPTIMAL",4.2719,4.2719,14,-1567.018785840164,-1567.02,7.748208932121528e-7
nlpmodel,gpp500-4,501,500,"OPTIMAL",4.6018,4.6017,14,-1567.018785840164,-1567.02,7.748208932121528e-7
nlpmodel,gpp500-4,501,500,"OPTIMAL",4.5812,4.5811,14,-1567.018785840164,-1567.02,7.748208932121528e-7
nlpmodel,gpp500-4,501,500,"OPTIMAL",4.5714,4.5713,14,-1567.018785840164,-1567.02,7.748208932121528e-7
nlpmodel,gpp500-4,501,500,"OPTIMAL",4.6541,4.654,14,-1567.018785840164,-1567.02,7.748208932121528e-7
nlpmodel,gpp500-4,501,500,"OPTIMAL",4.3166,4.3165,14,-1567.018785840164,-1567.02,7.748208932121528e-7
nlpmodel,gpp500-4,501,500,"OPTIMAL",4.5742,4.5742,14,-1567.018785840164,-1567.02,7.748208932121528e-7
nlpmodel,gpp500-4,501,500,"OPTIMAL",4.6159,4.6159,14,-1567.018785840164,-1567.02,7.748208932121528e-7
nlpmodel,gpp500-4,501,500,"OPTIMAL",4.5938,4.5937,14,-1567.018785840164,-1567.02,7.748208932121528e-7
nlpmodel,gpp500-4,501,500,"OPTIMAL",4.7267,4.7266,14,-1567.018785840164,-1567.02,7.748208932121528e-7
nlpmodel,gpp500-4,501,500,"OPTIMAL",4.9488,4.9487,14,-1567.018785840164,-1567.02,7.748208932121528e-7
nlpmodel,gpp500-4,501,500,"OPTIMAL",5.1767,5.1766,14,-1567.018785840164,-1567.02,7.748208932121528e-7
nlpmodel,gpp500-4,501,500,"OPTIMAL",4.6013,4.6012,14,-1567.018785840164,-1567.02,7.748208932121528e-7
nlpmodel,gpp500-4,501,500,"OPTIMAL",4.6133,4.6133,14,-1567.018785840164,-1567.02,7.748208932121528e-7
nlpmodel,gpp500-4,501,500,"OPTIMAL",4.5956,4.5955,14,-1567.018785840164,-1567.02,7.748208932121528e-7
nlpmodel,mcp500-1,500,500,"OPTIMAL",4.0526,4.0526,14,598.1485261253991,598.1485,4.367711217391755e-8
nlpmodel,mcp500-1,500,500,"OPTIMAL",4.404,4.4039,14,598.1485261253991,598.1485,4.367711217391755e-8
nlpmodel,mcp500-1,500,500,"OPTIMAL",4.308,4.3079,14,598.1485261253991,598.1485,4.367711217391755e-8
nlpmodel,mcp500-1,500,500,"OPTIMAL",4.013,4.0129,14,598.1485261253991,598.1485,4.367711217391755e-8
nlpmodel,mcp500-1,500,500,"OPTIMAL",4.3272,4.3271,14,598.1485261253991,598.1485,4.367711217391755e-8
nlpmodel,mcp500-1,500,500,"OPTIMAL",4.31,4.31,14,598.1485261253991,598.1485,4.367711217391755e-8
nlpmodel,mcp500-1,500,500,"OPTIMAL",4.3502,4.3502,14,598.1485261253991,598.1485,4.367711217391755e-8
nlpmodel,mcp500-1,500,500,"OPTIMAL",4.0462,4.0461,14,598.1485261253991,598.1485,4.367711217391755e-8
nlpmodel,mcp500-1,500,500,"OPTIMAL",4.4006,4.4006,14,598.1485261253991,598.1485,4.367711217391755e-8
nlpmodel,mcp500-1,500,500,"OPTIMAL",4.3581,4.3581,14,598.1485261253991,598.1485,4.367711217391755e-8
nlpmodel,mcp500-1,500,500,"OPTIMAL",4.3457,4.3456,14,598.1485261253991,598.1485,4.367711217391755e-8
nlpmodel,mcp500-1,500,500,"OPTIMAL",4.0871,4.087,14,598.1485261253991,598.1485,4.367711217391755e-8
nlpmodel,mcp500-1,500,500,"OPTIMAL",4.3778,4.3777,14,598.1485261253991,598.1485,4.367711217391755e-8
nlpmodel,mcp500-1,500,500,"OPTIMAL",4.4174,4.4173,14,598.1485261253991,598.1485,4.367711217391755e-8
nlpmodel,mcp500-1,500,500,"OPTIMAL",4.3376,4.3376,14,598.1485261253991,598.1485,4.367711217391755e-8
nlpmodel,mcp500-1,500,500,"OPTIMAL",4.0445,4.0444,14,598.1485261253991,598.1485,4.367711217391755e-8
nlpmodel,mcp500-1,500,500,"OPTIMAL",4.4609,4.4608,14,598.1485261253991,598.1485,4.367711217391755e-8
nlpmodel,mcp500-1,500,500,"OPTIMAL",4.7512,4.7511,14,598.1485261253991,598.1485,4.367711217391755e-8
nlpmodel,mcp500-1,500,500,"OPTIMAL",4.3818,4.3818,14,598.1485261253991,598.1485,4.367711217391755e-8
nlpmodel,mcp500-1,500,500,"OPTIMAL",4.7144,4.7143,14,598.1485261253991,598.1485,4.367711217391755e-8
nlpmodel,mcp500-1,500,500,"OPTIMAL",4.9672,4.9671,14,598.1485261253991,598.1485,4.367711217391755e-8
nlpmodel,mcp500-1,500,500,"OPTIMAL",4.2643,4.2642,14,598.1485261253991,598.1485,4.367711217391755e-8
nlpmodel,mcp500-1,500,500,"OPTIMAL",4.6939,4.6938,14,598.1485261253991,598.1485,4.367711217391755e-8
nlpmodel,mcp500-1,500,500,"OPTIMAL",4.6325,4.6324,14,598.1485261253991,598.1485,4.367711217391755e-8
nlpmodel,mcp500-1,500,500,"OPTIMAL",5.0762,5.0761,14,598.1485261253991,598.1485,4.367711217391755e-8
nlpmodel,mcp500-1,500,500,"OPTIMAL",5.3013,5.3012,14,598.1485261253991,598.1485,4.367711217391755e-8
nlpmodel,mcp500-1,500,500,"OPTIMAL",4.539,4.5389,14,598.1485261253991,598.1485,4.367711217391755e-8
nlpmodel,mcp500-1,500,500,"OPTIMAL",4.4202,4.4201,14,598.1485261253991,598.1485,4.367711217391755e-8
nlpmodel,mcp500-1,500,500,"OPTIMAL",4.5421,4.542,14,598.1485261253991,598.1485,4.367711217391755e-8
nlpmodel,mcp500-1,500,500,"OPTIMAL",4.1758,4.1758,14,598.1485261253991,598.1485,4.367711217391755e-8
nlpmodel,mcp500-1,500,500,"OPTIMAL",4.4246,4.4246,14,598.1485261253991,598.1485,4.367711217391755e-8
nlpmodel,mcp500-1,500,500,"OPTIMAL",4.3734,4.3733,14,598.1485261253991,598.1485,4.367711217391755e-8
nlpmodel,mcp500-2,500,500,"OPTIMAL",4.1049,4.1048,13,1070.0567715166212,1070.057,2.1352449337308386e-7
nlpmodel,mcp500-2,500,500,"OPTIMAL",4.0752,4.0751,13,1070.0567715166212,1070.057,2.1352449337308386e-7
nlpmodel,mcp500-2,500,500,"OPTIMAL",3.7707,3.7706,13,1070.0567715166212,1070.057,2.1352449337308386e-7
nlpmodel,mcp500-2,500,500,"OPTIMAL",4.1274,4.1274,13,1070.0567715166212,1070.057,2.1352449337308386e-7
nlpmodel,mcp500-2,500,500,"OPTIMAL",4.0673,4.0672,13,1070.0567715166212,1070.057,2.1352449337308386e-7
nlpmodel,mcp500-2,500,500,"OPTIMAL",3.7904,3.7903,13,1070.0567715166212,1070.057,2.1352449337308386e-7
nlpmodel,mcp500-2,500,500,"OPTIMAL",4.0873,4.0872,13,1070.0567715166212,1070.057,2.1352449337308386e-7
nlpmodel,mcp500-2,500,500,"OPTIMAL",3.7754,3.7753,13,1070.0567715166212,1070.057,2.1352449337308386e-7
nlpmodel,mcp500-2,500,500,"OPTIMAL",4.1287,4.1286,13,1070.0567715166212,1070.057,2.1352449337308386e-7
nlpmodel,mcp500-2,500,500,"OPTIMAL",4.0691,4.0691,13,1070.0567715166212,1070.057,2.1352449337308386e-7
nlpmodel,mcp500-2,500,500,"OPTIMAL",3.7836,3.7836,13,1070.0567715166212,1070.057,2.1352449337308386e-7
nlpmodel,mcp500-2,500,500,"OPTIMAL",4.1011,4.101,13,1070.0567715166212,1070.057,2.1352449337308386e-7
nlpmodel,mcp500-2,500,500,"OPTIMAL",4.0396,4.0395,13,1070.0567715166212,1070.057,2.1352449337308386e-7
nlpmodel,mcp500-2,500,500,"OPTIMAL",3.7808,3.7807,13,1070.0567715166212,1070.057,2.1352449337308386e-7
nlpmodel,mcp500-2,500,500,"OPTIMAL",4.1312,4.1311,13,1070.0567715166212,1070.057,2.1352449337308386e-7
nlpmodel,mcp500-2,500,500,"OPTIMAL",3.7764,3.7763,13,1070.0567715166212,1070.057,2.1352449337308386e-7
nlpmodel,mcp500-2,500,500,"OPTIMAL",4.0248,4.0247,13,1070.0567715166212,1070.057,2.1352449337308386e-7
nlpmodel,mcp500-2,500,500,"OPTIMAL",4.1582,4.1581,13,1070.0567715166212,1070.057,2.1352449337308386e-7
nlpmodel,mcp500-2,500,500,"OPTIMAL",3.7781,3.778,13,1070.0567715166212,1070.057,2.1352449337308386e-7
nlpmodel,mcp500-2,500,500,"OPTIMAL",4.0914,4.0913,13,1070.0567715166212,1070.057,2.1352449337308386e-7
nlpmodel,mcp500-2,500,500,"OPTIMAL",3.7508,3.7507,13,1070.0567715166212,1070.057,2.1352449337308386e-7
nlpmodel,mcp500-2,500,500,"OPTIMAL",4.0756,4.0755,13,1070.0567715166212,1070.057,2.1352449337308386e-7
nlpmodel,mcp500-2,500,500,"OPTIMAL",3.7479,3.7478,13,1070.0567715166212,1070.057,2.1352449337308386e-7
nlpmodel,mcp500-2,500,500,"OPTIMAL",4.1032,4.1031,13,1070.0567715166212,1070.057,2.1352449337308386e-7
nlpmodel,mcp500-2,500,500,"OPTIMAL",4.0794,4.0793,13,1070.0567715166212,1070.057,2.1352449337308386e-7
nlpmodel,mcp500-2,500,500,"OPTIMAL",3.7759,3.7758,13,1070.0567715166212,1070.057,2.1352449337308386e-7
nlpmodel,mcp500-2,500,500,"OPTIMAL",4.0508,4.0507,13,1070.0567715166212,1070.057,2.1352449337308386e-7
nlpmodel,mcp500-2,500,500,"OPTIMAL",3.7232,3.7231,13,1070.0567715166212,1070.057,2.1352449337308386e-7
nlpmodel,mcp500-2,500,500,"OPTIMAL",4.0832,4.0831,13,1070.0567715166212,1070.057,2.1352449337308386e-7
nlpmodel,mcp500-2,500,500,"OPTIMAL",4.0197,4.0197,13,1070.0567715166212,1070.057,2.1352449337308386e-7
nlpmodel,mcp500-2,500,500,"OPTIMAL",3.8234,3.8234,13,1070.0567715166212,1070.057,2.1352449337308386e-7
nlpmodel,mcp500-2,500,500,"OPTIMAL",4.0619,4.0619,13,1070.0567715166212,1070.057,2.1352449337308386e-7
nlpmodel,mcp500-3,500,500,"OPTIMAL",3.842,3.842,12,1847.970027198672,1847.97,1.4718134973599718e-8
nlpmodel,mcp500-3,500,500,"OPTIMAL",3.465,3.4649,12,1847.970027198672,1847.97,1.4718134973599718e-8
nlpmodel,mcp500-3,500,500,"OPTIMAL",3.7483,3.7483,12,1847.970027198672,1847.97,1.4718134973599718e-8
nlpmodel,mcp500-3,500,500,"OPTIMAL",3.4747,3.4746,12,1847.970027198672,1847.97,1.4718134973599718e-8
nlpmodel,mcp500-3,500,500,"OPTIMAL",3.7844,3.7843,12,1847.970027198672,1847.97,1.4718134973599718e-8
nlpmodel,mcp500-3,500,500,"OPTIMAL",3.4386,3.4386,12,1847.970027198672,1847.97,1.4718134973599718e-8
nlpmodel,mcp500-3,500,500,"OPTIMAL",3.8007,3.8007,12,1847.970027198672,1847.97,1.4718134973599718e-8
nlpmodel,mcp500-3,500,500,"OPTIMAL",3.4286,3.4286,12,1847.970027198672,1847.97,1.4718134973599718e-8
nlpmodel,mcp500-3,500,500,"OPTIMAL",3.7816,3.7815,12,1847.970027198672,1847.97,1.4718134973599718e-8
nlpmodel,mcp500-3,500,500,"OPTIMAL",3.4619,3.4618,12,1847.970027198672,1847.97,1.4718134973599718e-8
nlpmodel,mcp500-3,500,500,"OPTIMAL",3.7934,3.7934,12,1847.970027198672,1847.97,1.4718134973599718e-8
nlpmodel,mcp500-3,500,500,"OPTIMAL",3.4509,3.4508,12,1847.970027198672,1847.97,1.4718134973599718e-8
nlpmodel,mcp500-3,500,500,"OPTIMAL",3.792,3.792,12,1847.970027198672,1847.97,1.4718134973599718e-8
nlpmodel,mcp500-3,500,500,"OPTIMAL",3.4651,3.465,12,1847.970027198672,1847.97,1.4718134973599718e-8
nlpmodel,mcp500-3,500,500,"OPTIMAL",3.7778,3.7778,12,1847.970027198672,1847.97,1.4718134973599718e-8
nlpmodel,mcp500-3,500,500,"OPTIMAL",3.4949,3.4948,12,1847.970027198672,1847.97,1.4718134973599718e-8
nlpmodel,mcp500-3,500,500,"OPTIMAL",3.8235,3.8235,12,1847.970027198672,1847.97,1.4718134973599718e-8
nlpmodel,mcp500-3,500,500,"OPTIMAL",3.4599,3.4598,12,1847.970027198672,1847.97,1.4718134973599718e-8
nlpmodel,mcp500-3,500,500,"OPTIMAL",3.8206,3.8205,12,1847.970027198672,1847.97,1.4718134973599718e-8
nlpmodel,mcp500-3,500,500,"OPTIMAL",3.4845,3.4844,12,1847.970027198672,1847.97,1.4718134973599718e-8
nlpmodel,mcp500-3,500,500,"OPTIMAL",3.8002,3.8001,12,1847.970027198672,1847.97,1.4718134973599718e-8
nlpmodel,mcp500-3,500,500,"OPTIMAL",3.4444,3.4444,12,1847.970027198672,1847.97,1.4718134973599718e-8
nlpmodel,mcp500-3,500,500,"OPTIMAL",3.8145,3.8144,12,1847.970027198672,1847.97,1.4718134973599718e-8
nlpmodel,mcp500-3,500,500,"OPTIMAL",3.4559,3.4558,12,1847.970027198672,1847.97,1.4718134973599718e-8
nlpmodel,mcp500-3,500,500,"OPTIMAL",4.0375,4.0374,12,1847.970027198672,1847.97,1.4718134973599718e-8
nlpmodel,mcp500-3,500,500,"OPTIMAL",3.7766,3.7765,12,1847.970027198672,1847.97,1.4718134973599718e-8
nlpmodel,mcp500-3,500,500,"OPTIMAL",3.8991,3.8991,12,1847.970027198672,1847.97,1.4718134973599718e-8
nlpmodel,mcp500-3,500,500,"OPTIMAL",3.4216,3.4215,12,1847.970027198672,1847.97,1.4718134973599718e-8
nlpmodel,mcp500-3,500,500,"OPTIMAL",3.8671,3.867,12,1847.970027198672,1847.97,1.4718134973599718e-8
nlpmodel,mcp500-3,500,500,"OPTIMAL",3.4808,3.4807,12,1847.970027198672,1847.97,1.4718134973599718e-8
nlpmodel,mcp500-3,500,500,"OPTIMAL",5.2651,5.2651,12,1847.970027198672,1847.97,1.4718134973599718e-8
nlpmodel,mcp500-3,500,500,"OPTIMAL",3.9672,3.9672,12,1847.970027198672,1847.97,1.4718134973599718e-8
nlpmodel,mcp500-4,500,500,"OPTIMAL",5.0635,5.0634,12,3566.7380719067132,3566.738,2.016035755959759e-8
nlpmodel,mcp500-4,500,500,"OPTIMAL",6.3917,6.3916,12,3566.7380719067132,3566.738,2.016035755959759e-8
nlpmodel,mcp500-4,500,500,"OPTIMAL",6.0171,6.017,12,3566.7380719067132,3566.738,2.016035755959759e-8
nlpmodel,mcp500-4,500,500,"OPTIMAL",5.6876,5.6875,12,3566.7380719067132,3566.738,2.016035755959759e-8
nlpmodel,mcp500-4,500,500,"OPTIMAL",5.4992,5.4991,12,3566.7380719067132,3566.738,2.016035755959759e-8
nlpmodel,mcp500-4,500,500,"OPTIMAL",6.0401,6.04,12,3566.7380719067132,3566.738,2.016035755959759e-8
nlpmodel,mcp500-4,500,500,"OPTIMAL",6.3866,6.3865,12,3566.7380719067132,3566.738,2.016035755959759e-8
nlpmodel,mcp500-4,500,500,"OPTIMAL",6.2339,6.2338,12,3566.7380719067132,3566.738,2.016035755959759e-8
nlpmodel,mcp500-4,500,500,"OPTIMAL",5.7137,5.7135,12,3566.7380719067132,3566.738,2.016035755959759e-8
nlpmodel,mcp500-4,500,500,"OPTIMAL",5.6361,5.636,12,3566.7380719067132,3566.738,2.016035755959759e-8
nlpmodel,mcp500-4,500,500,"OPTIMAL",6.0414,6.0413,12,3566.7380719067132,3566.738,2.016035755959759e-8
nlpmodel,mcp500-4,500,500,"OPTIMAL",4.4774,4.4773,12,3566.7380719067132,3566.738,2.016035755959759e-8
nlpmodel,mcp500-4,500,500,"OPTIMAL",4.115,4.115,12,3566.7380719067132,3566.738,2.016035755959759e-8
nlpmodel,mcp500-4,500,500,"OPTIMAL",3.9491,3.949,12,3566.7380719067132,3566.738,2.016035755959759e-8
nlpmodel,mcp500-4,500,500,"OPTIMAL",4.0423,4.0423,12,3566.7380719067132,3566.738,2.016035755959759e-8
nlpmodel,mcp500-4,500,500,"OPTIMAL",3.5538,3.5537,12,3566.7380719067132,3566.738,2.016035755959759e-8
nlpmodel,mcp500-4,500,500,"OPTIMAL",4.8344,4.8342,12,3566.7380719067132,3566.738,2.016035755959759e-8
nlpmodel,mcp500-4,500,500,"OPTIMAL",5.5959,5.5958,12,3566.7380719067132,3566.738,2.016035755959759e-8
nlpmodel,mcp500-4,500,500,"OPTIMAL",6.3971,6.397,12,3566.7380719067132,3566.738,2.016035755959759e-8
nlpmodel,mcp500-4,500,500,"OPTIMAL",6.0136,6.0135,12,3566.7380719067132,3566.738,2.016035755959759e-8
nlpmodel,mcp500-4,500,500,"OPTIMAL",6.3601,6.36,12,3566.7380719067132,3566.738,2.016035755959759e-8
nlpmodel,mcp500-4,500,500,"OPTIMAL",6.4362,6.4361,12,3566.7380719067132,3566.738,2.016035755959759e-8
nlpmodel,mcp500-4,500,500,"OPTIMAL",5.9995,5.9994,12,3566.7380719067132,3566.738,2.016035755959759e-8
nlpmodel,mcp500-4,500,500,"OPTIMAL",6.3802,6.3801,12,3566.7380719067132,3566.738,2.016035755959759e-8
nlpmodel,mcp500-4,500,500,"OPTIMAL",5.9854,5.9853,12,3566.7380719067132,3566.738,2.016035755959759e-8
nlpmodel,mcp500-4,500,500,"OPTIMAL",6.4133,6.4132,12,3566.7380719067132,3566.738,2.016035755959759e-8
nlpmodel,mcp500-4,500,500,"OPTIMAL",6.3964,6.3963,12,3566.7380719067132,3566.738,2.016035755959759e-8
nlpmodel,mcp500-4,500,500,"OPTIMAL",6.0112,6.0111,12,3566.7380719067132,3566.738,2.016035755959759e-8
nlpmodel,mcp500-4,500,500,"OPTIMAL",6.4409,6.4408,12,3566.7380719067132,3566.738,2.016035755959759e-8
nlpmodel,mcp500-4,500,500,"OPTIMAL",6.0161,6.016,12,3566.7380719067132,3566.738,2.016035755959759e-8
nlpmodel,mcp500-4,500,500,"OPTIMAL",6.388,6.3879,12,3566.7380719067132,3566.738,2.016035755959759e-8
nlpmodel,mcp500-4,500,500,"OPTIMAL",5.7889,5.7888,12,3566.7380719067132,3566.738,2.016035755959759e-8
nlpmodel,truss8,496,628,"OPTIMAL",3.6633,3.6633,17,-133.11453953630462,-133.1146,4.5422286794019034e-7
nlpmodel,truss8,496,628,"OPTIMAL",3.6671,3.667,17,-133.11453953630462,-133.1146,4.5422286794019034e-7
nlpmodel,truss8,496,628,"OPTIMAL",3.6578,3.6577,17,-133.11453953630462,-133.1146,4.5422286794019034e-7
nlpmodel,truss8,496,628,"OPTIMAL",3.6347,3.6347,17,-133.11453953630462,-133.1146,4.5422286794019034e-7
nlpmodel,truss8,496,628,"OPTIMAL",3.6631,3.663,17,-133.11453953630462,-133.1146,4.5422286794019034e-7
nlpmodel,truss8,496,628,"OPTIMAL",4.0539,4.0538,17,-133.11453953630462,-133.1146,4.5422286794019034e-7
nlpmodel,truss8,496,628,"OPTIMAL",3.1789,3.1787,17,-133.11453953630462,-133.1146,4.5422286794019034e-7
nlpmodel,truss8,496,628,"OPTIMAL",2.4829,2.4828,17,-133.11453953630462,-133.1146,4.5422286794019034e-7
nlpmodel,truss8,496,628,"OPTIMAL",2.836,2.8359,17,-133.11453953630462,-133.1146,4.5422286794019034e-7
nlpmodel,truss8,496,628,"OPTIMAL",2.8867,2.8866,17,-133.11453953630462,-133.1146,4.5422286794019034e-7
nlpmodel,truss8,496,628,"OPTIMAL",3.0347,3.0346,17,-133.11453953630462,-133.1146,4.5422286794019034e-7
nlpmodel,truss8,496,628,"OPTIMAL",1.8331,1.8331,17,-133.11453953630462,-133.1146,4.5422286794019034e-7
nlpmodel,truss8,496,628,"OPTIMAL",2.1033,2.1032,17,-133.11453953630462,-133.1146,4.5422286794019034e-7
nlpmodel,truss8,496,628,"OPTIMAL",1.9643,1.9642,17,-133.11453953630462,-133.1146,4.5422286794019034e-7
nlpmodel,truss8,496,628,"OPTIMAL",1.9549,1.9548,17,-133.11453953630462,-133.1146,4.5422286794019034e-7
nlpmodel,truss8,496,628,"OPTIMAL",1.8231,1.8231,17,-133.11453953630462,-133.1146,4.5422286794019034e-7
nlpmodel,truss8,496,628,"OPTIMAL",1.8236,1.8235,17,-133.11453953630462,-133.1146,4.5422286794019034e-7
nlpmodel,truss8,496,628,"OPTIMAL",1.8371,1.8371,17,-133.11453953630462,-133.1146,4.5422286794019034e-7
nlpmodel,truss8,496,628,"OPTIMAL",2.3025,2.3025,17,-133.11453953630462,-133.1146,4.5422286794019034e-7
nlpmodel,truss8,496,628,"OPTIMAL",3.4024,3.4023,17,-133.11453953630462,-133.1146,4.5422286794019034e-7
nlpmodel,truss8,496,628,"OPTIMAL",3.6617,3.6617,17,-133.11453953630462,-133.1146,4.5422286794019034e-7
nlpmodel,truss8,496,628,"OPTIMAL",2.8341,2.8341,17,-133.11453953630462,-133.1146,4.5422286794019034e-7
nlpmodel,truss8,496,628,"OPTIMAL",2.4498,2.4498,17,-133.11453953630462,-133.1146,4.5422286794019034e-7
nlpmodel,truss8,496,628,"OPTIMAL",2.9729,2.9728,17,-133.11453953630462,-133.1146,4.5422286794019034e-7
nlpmodel,truss8,496,628,"OPTIMAL",3.6849,3.6848,17,-133.11453953630462,-133.1146,4.5422286794019034e-7
nlpmodel,truss8,496,628,"OPTIMAL",3.9538,3.9537,17,-133.11453953630462,-133.1146,4.5422286794019034e-7
nlpmodel,truss8,496,628,"OPTIMAL",3.5963,3.5962,17,-133.11453953630462,-133.1146,4.5422286794019034e-7
nlpmodel,truss8,496,628,"OPTIMAL",3.5949,3.5948,17,-133.11453953630462,-133.1146,4.5422286794019034e-7
nlpmodel,truss8,496,628,"OPTIMAL",3.4399,3.4398,17,-133.11453953630462,-133.1146,4.5422286794019034e-7
nlpmodel,truss8,496,628,"OPTIMAL",3.4151,3.415,17,-133.11453953630462,-133.1146,4.5422286794019034e-7
nlpmodel,truss8,496,628,"OPTIMAL",3.3524,3.3523,17,-133.11453953630462,-133.1146,4.5422286794019034e-7
nlpmodel,truss8,496,628,"OPTIMAL",1.8778,1.8778,17,-133.11453953630462,-133.1146,4.5422286794019034e-7
nlpmodel,maxG11,800,800,"OPTIMAL",15.329,15.328,13,629.1647851961515,629.1648,2.3529365529788452e-8
nlpmodel,maxG11,800,800,"OPTIMAL",14.871,14.871,13,629.1647851961515,629.1648,2.3529365529788452e-8
nlpmodel,maxG11,800,800,"OPTIMAL",18.417,18.417,13,629.1647851961515,629.1648,2.3529365529788452e-8
nlpmodel,maxG11,800,800,"OPTIMAL",16.085,16.085,13,629.1647851961515,629.1648,2.3529365529788452e-8
nlpmodel,maxG11,800,800,"OPTIMAL",17.265,17.265,13,629.1647851961515,629.1648,2.3529365529788452e-8
nlpmodel,maxG11,800,800,"OPTIMAL",13.674,13.674,13,629.1647851961515,629.1648,2.3529365529788452e-8
nlpmodel,maxG11,800,800,"OPTIMAL",14.903,14.903,13,629.1647851961515,629.1648,2.3529365529788452e-8
nlpmodel,maxG11,800,800,"OPTIMAL",19.293,19.293,13,629.1647851961515,629.1648,2.3529365529788452e-8
nlpmodel,maxG11,800,800,"OPTIMAL",14.571,14.571,13,629.1647851961515,629.1648,2.3529365529788452e-8
nlpmodel,maxG11,800,800,"OPTIMAL",14.207,14.207,13,629.1647851961515,629.1648,2.3529365529788452e-8
nlpmodel,maxG11,800,800,"OPTIMAL",18.765,18.765,13,629.1647851961515,629.1648,2.3529365529788452e-8
nlpmodel,maxG11,800,800,"OPTIMAL",14.751,14.751,13,629.1647851961515,629.1648,2.3529365529788452e-8
nlpmodel,maxG11,800,800,"OPTIMAL",18.093,18.093,13,629.1647851961515,629.1648,2.3529365529788452e-8
nlpmodel,maxG11,800,800,"OPTIMAL",16.027,16.026,13,629.1647851961515,629.1648,2.3529365529788452e-8
nlpmodel,maxG11,800,800,"OPTIMAL",14.785,14.785,13,629.1647851961515,629.1648,2.3529365529788452e-8
nlpmodel,maxG11,800,800,"OPTIMAL",16.471,16.471,13,629.1647851961515,629.1648,2.3529365529788452e-8
nlpmodel,maxG11,800,800,"OPTIMAL",14.839,14.839,13,629.1647851961515,629.1648,2.3529365529788452e-8
nlpmodel,maxG11,800,800,"OPTIMAL",15.665,15.665,13,629.1647851961515,629.1648,2.3529365529788452e-8
nlpmodel,maxG11,800,800,"OPTIMAL",13.708,13.708,13,629.1647851961515,629.1648,2.3529365529788452e-8
nlpmodel,maxG11,800,800,"OPTIMAL",15.415,15.415,13,629.1647851961515,629.1648,2.3529365529788452e-8
nlpmodel,maxG11,800,800,"OPTIMAL",17.139,17.139,13,629.1647851961515,629.1648,2.3529365529788452e-8
nlpmodel,maxG11,800,800,"OPTIMAL",16.686,16.686,13,629.1647851961515,629.1648,2.3529365529788452e-8
nlpmodel,maxG11,800,800,"OPTIMAL",15.059,15.059,13,629.1647851961515,629.1648,2.3529365529788452e-8
nlpmodel,maxG11,800,800,"OPTIMAL",14.342,14.341,13,629.1647851961515,629.1648,2.3529365529788452e-8
nlpmodel,maxG11,800,800,"OPTIMAL",13.527,13.527,13,629.1647851961515,629.1648,2.3529365529788452e-8
nlpmodel,maxG11,800,800,"OPTIMAL",13.885,13.885,13,629.1647851961515,629.1648,2.3529365529788452e-8
nlpmodel,equalG11,801,801,"OPTIMAL",15.619,15.619,13,629.1553023830645,629.1553,3.7877206116441785e-9
nlpmodel,equalG11,801,801,"OPTIMAL",20.954,20.954,13,629.1553023830645,629.1553,3.7877206116441785e-9
nlpmodel,equalG11,801,801,"OPTIMAL",25.379,25.379,13,629.1553023830645,629.1553,3.7877206116441785e-9
nlpmodel,equalG11,801,801,"OPTIMAL",27.368,27.368,13,629.1553023830645,629.1553,3.7877206116441785e-9
nlpmodel,equalG11,801,801,"OPTIMAL",22.872,22.872,13,629.1553023830645,629.1553,3.7877206116441785e-9
nlpmodel,equalG11,801,801,"OPTIMAL",24.833,24.833,13,629.1553023830645,629.1553,3.7877206116441785e-9
nlpmodel,equalG11,801,801,"OPTIMAL",24.48,24.479,13,629.1553023830645,629.1553,3.7877206116441785e-9
nlpmodel,equalG11,801,801,"OPTIMAL",22.514,22.514,13,629.1553023830645,629.1553,3.7877206116441785e-9
nlpmodel,equalG11,801,801,"OPTIMAL",22.336,22.336,13,629.1553023830645,629.1553,3.7877206116441785e-9
nlpmodel,equalG11,801,801,"OPTIMAL",27.838,27.838,13,629.1553023830645,629.1553,3.7877206116441785e-9
nlpmodel,equalG11,801,801,"OPTIMAL",27.8,27.8,13,629.1553023830645,629.1553,3.7877206116441785e-9
nlpmodel,equalG11,801,801,"OPTIMAL",28.137,28.137,13,629.1553023830645,629.1553,3.7877206116441785e-9
nlpmodel,equalG11,801,801,"OPTIMAL",27.655,27.654,13,629.1553023830645,629.1553,3.7877206116441785e-9
nlpmodel,equalG11,801,801,"OPTIMAL",28.054,28.054,13,629.1553023830645,629.1553,3.7877206116441785e-9
nlpmodel,equalG11,801,801,"OPTIMAL",27.869,27.868,13,629.1553023830645,629.1553,3.7877206116441785e-9
nlpmodel,equalG11,801,801,"OPTIMAL",27.85,27.85,13,629.1553023830645,629.1553,3.7877206116441785e-9
nlpmodel,thetaG11,2401,801,"TIMEOUT",500.0,NaN,-1,NaN,400.0,NaN
nlpmodel,maxG51,1000,1000,"OPTIMAL",32.058,32.057,14,4006.2555283666497,4003.809,0.0006110502190912567
nlpmodel,maxG51,1000,1000,"OPTIMAL",38.184,38.184,14,4006.2555283666497,4003.809,0.0006110502190912567
nlpmodel,maxG51,1000,1000,"OPTIMAL",45.438,45.438,14,4006.2555283666497,4003.809,0.0006110502190912567
nlpmodel,maxG51,1000,1000,"OPTIMAL",42.81,42.81,14,4006.2555283666497,4003.809,0.0006110502190912567
nlpmodel,maxG51,1000,1000,"OPTIMAL",45.757,45.757,14,4006.2555283666497,4003.809,0.0006110502190912567
nlpmodel,maxG51,1000,1000,"OPTIMAL",48.22,48.22,14,4006.2555283666497,4003.809,0.0006110502190912567
nlpmodel,maxG51,1000,1000,"OPTIMAL",48.225,48.225,14,4006.2555283666497,4003.809,0.0006110502190912567
nlpmodel,maxG51,1000,1000,"OPTIMAL",48.256,48.256,14,4006.2555283666497,4003.809,0.0006110502190912567
nlpmodel,maxG51,1000,1000,"OPTIMAL",48.069,48.069,14,4006.2555283666497,4003.809,0.0006110502190912567
nlpmodel,hinf1,13,14,"DUAL_INFEASIBLE",0.0031425,0.003103,23,2.0326504449612215,2.0326,2.4817948057428732e-5
nlpmodel,hinf1,13,14,"DUAL_INFEASIBLE",0.0027054,0.0026779,23,2.0326504449612215,2.0326,2.4817948057428732e-5
nlpmodel,hinf1,13,14,"DUAL_INFEASIBLE",0.0032374,0.003227,23,2.0326504449612215,2.0326,2.4817948057428732e-5
nlpmodel,hinf1,13,14,"DUAL_INFEASIBLE",0.0033665,0.0033541,23,2.0326504449612215,2.0326,2.4817948057428732e-5
nlpmodel,hinf1,13,14,"DUAL_INFEASIBLE",0.0034023,0.0033939,23,2.0326504449612215,2.0326,2.4817948057428732e-5
nlpmodel,hinf1,13,14,"DUAL_INFEASIBLE",0.0029954,0.002985,23,2.0326504449612215,2.0326,2.4817948057428732e-5
nlpmodel,hinf1,13,14,"DUAL_INFEASIBLE",0.0026516,0.0026422,23,2.0326504449612215,2.0326,2.4817948057428732e-5
nlpmodel,hinf1,13,14,"DUAL_INFEASIBLE",0.0024016,0.002393,23,2.0326504449612215,2.0326,2.4817948057428732e-5
nlpmodel,hinf1,13,14,"DUAL_INFEASIBLE",0.0024317,0.002424,23,2.0326504449612215,2.0326,2.4817948057428732e-5
nlpmodel,hinf1,13,14,"DUAL_INFEASIBLE",0.0021147,0.002106,23,2.0326504449612215,2.0326,2.4817948057428732e-5
nlpmodel,hinf1,13,14,"DUAL_INFEASIBLE",0.0022019,0.0021949,23,2.0326504449612215,2.0326,2.4817948057428732e-5
nlpmodel,hinf1,13,14,"DUAL_INFEASIBLE",0.0021504,0.0021439,23,2.0326504449612215,2.0326,2.4817948057428732e-5
nlpmodel,hinf1,13,14,"DUAL_INFEASIBLE",0.0021508,0.0021441,23,2.0326504449612215,2.0326,2.4817948057428732e-5
nlpmodel,hinf1,13,14,"DUAL_INFEASIBLE",0.002145,0.0021369,23,2.0326504449612215,2.0326,2.4817948057428732e-5
nlpmodel,hinf1,13,14,"DUAL_INFEASIBLE",0.0020891,0.0020828,23,2.0326504449612215,2.0326,2.4817948057428732e-5
nlpmodel,hinf1,13,14,"DUAL_INFEASIBLE",0.0022572,0.0022509,23,2.0326504449612215,2.0326,2.4817948057428732e-5
nlpmodel,hinf1,13,14,"DUAL_INFEASIBLE",0.0020799,0.0020711,23,2.0326504449612215,2.0326,2.4817948057428732e-5
nlpmodel,hinf1,13,14,"DUAL_INFEASIBLE",0.0020161,0.002008,23,2.0326504449612215,2.0326,2.4817948057428732e-5
nlpmodel,hinf1,13,14,"DUAL_INFEASIBLE",0.0020933,0.0020869,23,2.0326504449612215,2.0326,2.4817948057428732e-5
nlpmodel,hinf1,13,14,"DUAL_INFEASIBLE",0.0022427,0.0022349,23,2.0326504449612215,2.0326,2.4817948057428732e-5
nlpmodel,hinf1,13,14,"DUAL_INFEASIBLE",0.002328,0.002321,23,2.0326504449612215,2.0326,2.4817948057428732e-5
nlpmodel,hinf1,13,14,"DUAL_INFEASIBLE",0.0021615,0.0021551,23,2.0326504449612215,2.0326,2.4817948057428732e-5
nlpmodel,hinf1,13,14,"DUAL_INFEASIBLE",0.0021001,0.0020931,23,2.0326504449612215,2.0326,2.4817948057428732e-5
nlpmodel,hinf1,13,14,"DUAL_INFEASIBLE",0.0020617,0.002054,23,2.0326504449612215,2.0326,2.4817948057428732e-5
nlpmodel,hinf1,13,14,"DUAL_INFEASIBLE",0.046866,0.046854,23,2.0326504449612215,2.0326,2.4817948057428732e-5
nlpmodel,hinf1,13,14,"DUAL_INFEASIBLE",0.0046679,0.0045919,23,2.0326504449612215,2.0326,2.4817948057428732e-5
nlpmodel,hinf1,13,14,"DUAL_INFEASIBLE",0.0032992,0.0032642,23,2.0326504449612215,2.0326,2.4817948057428732e-5
nlpmodel,hinf1,13,14,"DUAL_INFEASIBLE",0.002971,0.0029509,23,2.0326504449612215,2.0326,2.4817948057428732e-5
nlpmodel,hinf1,13,14,"DUAL_INFEASIBLE",0.0027568,0.002743,23,2.0326504449612215,2.0326,2.4817948057428732e-5
nlpmodel,hinf1,13,14,"DUAL_INFEASIBLE",0.0025485,0.0025361,23,2.0326504449612215,2.0326,2.4817948057428732e-5
nlpmodel,hinf1,13,14,"DUAL_INFEASIBLE",0.0022125,0.002202,23,2.0326504449612215,2.0326,2.4817948057428732e-5
nlpmodel,hinf1,13,14,"DUAL_INFEASIBLE",0.0019951,0.001987,23,2.0326504449612215,2.0326,2.4817948057428732e-5
